No,Facility Name,Category,Type,Free / Paid,Primary contact,Secandory contact,Email,Provice,District,Nearest Town / City,DS Division / Area,Full Address / Location Detail,Capabilities / Services,Available Hours,Available Doctors / Key Staff,Web site,Other Valuable Points / Notes,HTML code,Submitter Name,Submitter Contact,Submitter e-mail,Agreement
1,“Prem Niwasa”- Missonaries of Charity,Mental Health,Government,Free,011-2645411,,,Western Province,Colombo,Moratuwa,Moratuwa,"22 De Soysa Rd, Rawathawatta, Moratuwa 10400",Residential care,,,,Non-Governmental Organizations,"<tr><td>“Prem Niwasa”- Missonaries of Charity<div class=""e-mail""></div></td><td>Western Province</td><td>Colombo</td><td><a href=""tel:011-2645411"" class=""phone-link"">011-2645411</a><div class=""phone-secondary""></div></td><td>Free</td></tr>",,,,
2,A.D.V.R.O. Vibulanandar Elders’ Welfare Society,Elder Care,Government,Free,065-2058294,,contact@advro.org,Eastern Province,Batticaloa,Batticaloa,Batticaloa,,Residential care,,,https://www.advro.org/who-we-are/,Elders' Homes & Care Services,"<tr><td>A.D.V.R.O. Vibulanandar Elders’ Welfare Society<div class=""e-mail"">contact@advro.org</div></td><td>Eastern Province</td><td>Batticaloa</td><td><a href=""tel:065-2058294"" class=""phone-link"">065-2058294</a><div class=""phone-secondary""></div></td><td>Free<div> <a href=""https://www.advro.org/who-we-are/"" class=""web-site""target=""_blank"" style=""text-decoration: none;"">Web Site  🔗</a></div></td></tr>",,,,
3,A.M.I. Tsunami Child Development Centre,Rehabilitation + Child Mental Health,Private,Paid,011-5675827,,,Western Province,Gampaha,Divulapitiya,Divulapitiya,,Rehabilitation & Residential care,,,,Children Homes & Care Services,"<tr><td>A.M.I. Tsunami Child Development Centre<div class=""e-mail""></div></td><td>Western Province</td><td>Gampaha</td><td><a href=""tel:011-5675827"" class=""phone-link"">011-5675827</a><div class=""phone-secondary""></div></td><td>Paid</td></tr>",,,,
4,Aaruithal,Counseling,Government,Free,021-2217092,,,Northern Province,Jaffna,Jaffna,Jaffna,,Psychosocial interventions Counselling,,,https://aaruthal.org/,Non-Governmental Organizations,"<tr><td>Aaruithal<div class=""e-mail""></div></td><td>Northern Province</td><td>Jaffna</td><td><a href=""tel:021-2217092"" class=""phone-link"">021-2217092</a><div class=""phone-secondary""></div></td><td>Free<div> <a href=""https://aaruthal.org/"" class=""web-site""target=""_blank"" style=""text-decoration: none;"">Web Site  🔗</a></div></td></tr>",,,,
5,Abhaya Government Children’s Home,Child Protection / Counseling,Government,Free,025-4928613,,,North Central Province,Anuradhapura,Nuwaragam Palatha East Anuradhapura,Nuwaragam Palatha East Anuradhapura,,Residential care,,,,Children Homes & Care Services,"<tr><td>Abhaya Government Children’s Home<div class=""e-mail""></div></td><td>North Central Province</td><td>Anuradhapura</td><td><a href=""tel:025-4928613"" class=""phone-link"">025-4928613</a><div class=""phone-secondary""></div></td><td>Free</td></tr>",,,,
6,Abhaya Male Children Detention Centre,Child Protection / Counseling,Government,Free,025-4928612,,,North Central Province,Anuradhapura,Nuwaragam Palatha East Anuradhapura,Nuwaragam Palatha East Anuradhapura,,Residential care,,,,Children Homes & Care Services,"<tr><td>Abhaya Male Children Detention Centre<div class=""e-mail""></div></td><td>North Central Province</td><td>Anuradhapura</td><td><a href=""tel:025-4928612"" class=""phone-link"">025-4928612</a><div class=""phone-secondary""></div></td><td>Free</td></tr>",,,,
7,Abirami Medical Center (PVT),Private Healthcare / Referral,Private Medical Centre,Paid,077-6687778,,,Northern Province,Kilinochchi,Kilinochchi,,"Kilinochchi, Kilinochchi District",Private medical care; verify psychiatrist availability before referral,Call ahead to confirm current clinic/consultant hours,,https://www.dialus.lk/all/list/Kilinochchi/medical-clinics,,"<tr><td>Abirami Medical Center (PVT)<div class=""e-mail""></div></td><td>Northern Province</td><td>Kilinochchi</td><td><a href=""tel:077-6687778"" class=""phone-link"">077-6687778</a><div class=""phone-secondary""></div></td><td>Paid<div> <a href=""https://www.dialus.lk/all/list/Kilinochchi/medical-clinics"" class=""web-site""target=""_blank"" style=""text-decoration: none;"">Web Site  🔗</a></div></td></tr>",,,,
8,Abishaa Hospital - Vavuniya,Private Healthcare / Referral,Private Hospital,Paid,024-2221474,077-2093213,,Northern Province,Vavuniya,Vavuniya,,"Vavuniya, Vavuniya District",Private specialist channeling; current psychiatrist availability not confirmed,Call ahead to confirm current clinic/consultant hours,,https://www.dialus.lk/list/Vavuniya/-/private-hospitals/C_632,,"<tr><td>Abishaa Hospital - Vavuniya<div class=""e-mail""></div></td><td>Northern Province</td><td>Vavuniya</td><td><a href=""tel:024-2221474"" class=""phone-link"">024-2221474</a><div class=""phone-secondary"">077-2093213</div></td><td>Paid<div> <a href=""https://www.dialus.lk/list/Vavuniya/-/private-hospitals/C_632"" class=""web-site""target=""_blank"" style=""text-decoration: none;"">Web Site  🔗</a></div></td></tr>",,,,
9,ACCC Child Development Centre,Child Protection / Counseling,Private,Paid,011-2958267,,,Western Province,Gampaha,Ragama,Ragama,,Residential care,,,,Children Homes & Care Services,"<tr><td>ACCC Child Development Centre<div class=""e-mail""></div></td><td>Western Province</td><td>Gampaha</td><td><a href=""tel:011-2958267"" class=""phone-link"">011-2958267</a><div class=""phone-secondary""></div></td><td>Paid</td></tr>",,,,
10,ACTED,Mental Health,Government,Free,011-2361394,,,Western Province,Gampaha,"Katana, Biyagama, Attanagalla","Katana, Biyagama, Attanagalla",,Prevention of gender- based violence against female garment workers,,,,Non-Governmental Organizations,"<tr><td>ACTED<div class=""e-mail""></div></td><td>Western Province</td><td>Gampaha</td><td><a href=""tel:011-2361394"" class=""phone-link"">011-2361394</a><div class=""phone-secondary""></div></td><td>Free</td></tr>",,,,
11,Akasa Association,Child Protection / Counseling,Private,Paid,,,,North Central Province,Anuradhapura,Thalawa,Thalawa,Pahalagama Road Thalawa,Services for women with disabilities,,,,Children Homes & Care Services,"<tr><td>Akasa Association<div class=""e-mail""></div></td><td>North Central Province</td><td>Anuradhapura</td><td><a href=""tel:"" class=""phone-link""></a><div class=""phone-secondary""></div></td><td>Paid</td></tr>",,,,
12,Al Akram Balika Child Development Centre,Child Protection / Counseling,Government,Free,,,,Western Province,Kalutara,Kalutara,Kalutara,362/2 Bamunumulla Atulugama,Residential care,,,,Children Homes & Care Services,"<tr><td>Al Akram Balika Child Development Centre<div class=""e-mail""></div></td><td>Western Province</td><td>Kalutara</td><td><a href=""tel:"" class=""phone-link""></a><div class=""phone-secondary""></div></td><td>Free</td></tr>",,,,
13,Al Musliman Darun Nusra Child Development Centre,Mental Health,Government,Free,,,,Western Province,Colombo,Dehiwala,Dehiwala,39/7/a Peiris Mawatha Kalubowila Dehiwala,Residential care,,,,Non-Governmental Organizations,"<tr><td>Al Musliman Darun Nusra Child Development Centre<div class=""e-mail""></div></td><td>Western Province</td><td>Colombo</td><td><a href=""tel:"" class=""phone-link""></a><div class=""phone-secondary""></div></td><td>Free</td></tr>",,,,
14,Al-Ano Club,Rehabilitation,Government,Free,031-2256034,,,North Western Province,Puttalam,Wennappuwa,Wennappuwa,,Treatment and rehabilitation for Alcohol and Drug dependants,,,,Non-Governmental Organizations,"<tr><td>Al-Ano Club<div class=""e-mail""></div></td><td>North Western Province</td><td>Puttalam</td><td><a href=""tel:031-2256034"" class=""phone-link"">031-2256034</a><div class=""phone-secondary""></div></td><td>Free</td></tr>",,,,
15,Alcohol and Drug Information Centre (ADIC),Counseling,Government,Free,011-2584416,011-2592515,,Western Province,Colombo,Thimbirigasyaya,Thimbirigasyaya,,Counselling,,,,Non-Governmental Organizations,"<tr><td>Alcohol and Drug Information Centre (ADIC)<div class=""e-mail""></div></td><td>Western Province</td><td>Colombo</td><td><a href=""tel:011-2584416"" class=""phone-link"">011-2584416</a><div class=""phone-secondary"">011-2592515</div></td><td>Free</td></tr>",,,,
16,Alcohol Rehabilitation Center - PMCU Haliela,Mental Health / Substance,Government Rehabilitation Centre,Free,055-2222355,,badullardhs@yahoo.com,Uva Province,Badulla,Haliela / Hali-Ela,Hali-Ela,Primary Medical Care Unit Haliela,Alcohol Rehabilitation Center (one of limited national centres),As scheduled (contact for current),Rehab staff / counselors,,Valuable for substance-use related psychological first aid.,"<tr><td>Alcohol Rehabilitation Center - PMCU Haliela<div class=""e-mail"">badullardhs@yahoo.com</div></td><td>Uva Province</td><td>Badulla</td><td><a href=""tel:055-2222355"" class=""phone-link"">055-2222355</a><div class=""phone-secondary""></div></td><td>Free</td></tr>",,,,
17,Alcohol Rehabilitation Centre - Mampitiya,Mental Health / Substance Use,Government Rehabilitation Centre,Free,081-2315296,,,Central Province,Kandy,Mampitiya,Udunuwara area,"Mampitiya, Kandy District",Alcohol Rehabilitation Unit,Call ahead to confirm current clinic/consultant hours,,,Service: http://www.mentalhealth.health.gov.lk/index.php?option=com_content&view=article&id=42:kandy-district&catid=18&Itemid=201&lang=en ; phone: http://www.kandy.dist.gov.lk/index.php/en/hospitals.html,"<tr><td>Alcohol Rehabilitation Centre - Mampitiya<div class=""e-mail""></div></td><td>Central Province</td><td>Kandy</td><td><a href=""tel:081-2315296"" class=""phone-link"">081-2315296</a><div class=""phone-secondary""></div></td><td>Free</td></tr>",,,,
18,Aloka Children Home (Boys),Child Protection / Counseling,Government,Free,037-4900878,,,North Western Province,Kurunegala,Ibbagamuwa,Ibbagamuwa,,Residential care,,,,Children Homes & Care Services,"<tr><td>Aloka Children Home (Boys)<div class=""e-mail""></div></td><td>North Western Province</td><td>Kurunegala</td><td><a href=""tel:037-4900878"" class=""phone-link"">037-4900878</a><div class=""phone-secondary""></div></td><td>Free</td></tr>",,,,
19,Aloka Hospital - Ratnapura,Counseling / Private Healthcare,Private Hospital,Paid,045-2223200,045-2223201; 045-2223202,alokahospital@gmail.com,Sabaragamuwa Province,Ratnapura,Ratnapura,Ratnapura,"No. 64, Goods Shed Road, Ratnapura",Medical counseling / psychotherapy-oriented counseling; private hospital care and specialist channeling,Call to confirm current counseling/psychiatry availability,Medical counseling / visiting specialists,,Aloka states Medical Counseling service and current contact numbers: https://alokahospital.lk/. Dedicated psychiatrist availability should be confirmed before referral.,"<tr><td>Aloka Hospital - Ratnapura<div class=""e-mail"">alokahospital@gmail.com</div></td><td>Sabaragamuwa Province</td><td>Ratnapura</td><td><a href=""tel:045-2223200"" class=""phone-link"">045-2223200</a><div class=""phone-secondary"">045-2223201; 045-2223202</div></td><td>Paid</td></tr>",,,,
20,Alokaya Counselling Centre,Counseling,NGO / Professional Counseling,Free,011-2584157,071-6479192; 077-9895252,infonsacpsim@gmail.com,Western Province,Colombo,Thimbirigasyaya,Thimbirigasyaya,"No.29, De Saram Place, Colombo 10,",Counselling,Contact NSACP central clinic for current hours,,https://www.fpasrilanka.org/en/alokaya-counselling-centre,Non-Governmental Organizations,"<tr><td>Alokaya Counselling Centre<div class=""e-mail"">infonsacpsim@gmail.com</div></td><td>Western Province</td><td>Colombo</td><td><a href=""tel:011-2584157"" class=""phone-link"">011-2584157</a><div class=""phone-secondary"">071-6479192; 077-9895252</div></td><td>Free<div> <a href=""https://www.fpasrilanka.org/en/alokaya-counselling-centre"" class=""web-site""target=""_blank"" style=""text-decoration: none;"">Web Site  🔗</a></div></td></tr>",,,,
21,Amarapiya Memorial Elderly Home,Elder Care,Private,Paid,011-5817217,,,Western Province,Gampaha,Dompe,Dompe,,Residential care,,,,Elders' Homes & Care Services,"<tr><td>Amarapiya Memorial Elderly Home<div class=""e-mail""></div></td><td>Western Province</td><td>Gampaha</td><td><a href=""tel:011-5817217"" class=""phone-link"">011-5817217</a><div class=""phone-secondary""></div></td><td>Paid</td></tr>",,,,
22,Amila Sewana Government Adoption Children Home,Child Protection / Counseling,Government,Free,025-2281056,,,North Western Province,Kurunegala,Galgamuwa,Galgamuwa,,Residential care,,,,Children Homes & Care Services,"<tr><td>Amila Sewana Government Adoption Children Home<div class=""e-mail""></div></td><td>North Western Province</td><td>Kurunegala</td><td><a href=""tel:025-2281056"" class=""phone-link"">025-2281056</a><div class=""phone-secondary""></div></td><td>Free</td></tr>",,,,
23,Amma Ashramaya/ Mother Ashram,Elder Care,Government,Free,,,,North Western Province,Kurunegala,Panduwasnuwara East,Panduwasnuwara East,Kirivanagaraya Kanaththewewa,Residential care Free of charge,,,,Elders' Homes & Care Services,"<tr><td>Amma Ashramaya/ Mother Ashram<div class=""e-mail""></div></td><td>North Western Province</td><td>Kurunegala</td><td><a href=""tel:"" class=""phone-link""></a><div class=""phone-secondary""></div></td><td>Free</td></tr>",,,,
24,Amman Girls’ Child Development Centre,Child Protection / Counseling,Private,Paid,067-4904955,,,Eastern Province,Trincomalee,Alayadivembu,Alayadivembu,,Residential care,,,,Children Homes & Care Services,"<tr><td>Amman Girls’ Child Development Centre<div class=""e-mail""></div></td><td>Eastern Province</td><td>Trincomalee</td><td><a href=""tel:067-4904955"" class=""phone-link"">067-4904955</a><div class=""phone-secondary""></div></td><td>Paid</td></tr>",,,,
25,Ampara District Women’s Network,Child Protection / Counseling,Government,Free,,,,Eastern Province,Ampara,Ampara,Kalmunai,Old CEB Road Pandiruppu 02C Kalmunai ennetwork@ gmail.com,Protection of Women & Child rights,,,,Non-Governmental Organizations,"<tr><td>Ampara District Women’s Network<div class=""e-mail""></div></td><td>Eastern Province</td><td>Ampara</td><td><a href=""tel:"" class=""phone-link""></a><div class=""phone-secondary""></div></td><td>Free</td></tr>",,,,
26,Ampara Safe House,Child Protection / Counseling,Government,Free,063-4929048,,,Eastern Province,Ampara,Ampara,Ampara,,Residential care,,,,Children Homes & Care Services,"<tr><td>Ampara Safe House<div class=""e-mail""></div></td><td>Eastern Province</td><td>Ampara</td><td><a href=""tel:063-4929048"" class=""phone-link"">063-4929048</a><div class=""phone-secondary""></div></td><td>Free</td></tr>",,,,
27,Ampara Special Needs Network,Mental Health + Rehabilitation + Child Mental Health,Government,Free,,,,Eastern Province,Ampara,Ampara,Kalmunai RDHS Division,RDS Building 4th Cross Lane Hospital Road Kalmunai 01 Asnn.org@ gmail.com,Rehabilitation Services for children with disability Education for special needs Supporting special needs clinics Awareness creation,,,,Non-Governmental Organizations,"<tr><td>Ampara Special Needs Network<div class=""e-mail""></div></td><td>Eastern Province</td><td>Ampara</td><td><a href=""tel:"" class=""phone-link""></a><div class=""phone-secondary""></div></td><td>Free</td></tr>",,,,
28,Anagathaya Ape Athe,Counseling + Child Mental Health,Private,Paid,,,,Uva Province,Badulla,Badulla,Badulla,325/a/3 Kanupalalla Badulla,Counselling (Free of Charge),,,,Children Homes & Care Services,"<tr><td>Anagathaya Ape Athe<div class=""e-mail""></div></td><td>Uva Province</td><td>Badulla</td><td><a href=""tel:"" class=""phone-link""></a><div class=""phone-secondary""></div></td><td>Paid</td></tr>",,,,
29,Anandapura Home for Mentally Retarded/ Physically Disabled young adults,Child Protection / Counseling,Private,Paid,031-2274301,,,Western Province,Gampaha,Katana,Katana,,Residential care,,,,Children Homes & Care Services,"<tr><td>Anandapura Home for Mentally Retarded/ Physically Disabled young adults<div class=""e-mail""></div></td><td>Western Province</td><td>Gampaha</td><td><a href=""tel:031-2274301"" class=""phone-link"">031-2274301</a><div class=""phone-secondary""></div></td><td>Paid</td></tr>",,,,
30,Angel Children Home,Child Protection / Counseling,NGO,Free,032-2250126,,,North Western Province,Puttalam,Nattandiya,Nattandiya,,Residential care Free of charge,,,,Children Homes & Care Services,"<tr><td>Angel Children Home<div class=""e-mail""></div></td><td>North Western Province</td><td>Puttalam</td><td><a href=""tel:032-2250126"" class=""phone-link"">032-2250126</a><div class=""phone-secondary""></div></td><td>Free</td></tr>",,,,
31,Annai Child Development Centre,Child Protection / Counseling,Private,Paid,023-2222483,,,Northern Province,Mannar,Mannar,Mannar,,Residential care,,,,Children Homes & Care Services,"<tr><td>Annai Child Development Centre<div class=""e-mail""></div></td><td>Northern Province</td><td>Mannar</td><td><a href=""tel:023-2222483"" class=""phone-link"">023-2222483</a><div class=""phone-secondary""></div></td><td>Paid</td></tr>",,,,
32,Annai Saratha Child Development Centre,Child Protection / Counseling,Government,Free,026-2054506,,,Eastern Province,Trincomalee,Muthur,Muthur,,Residential care,,,,Children Homes & Care Services,"<tr><td>Annai Saratha Child Development Centre<div class=""e-mail""></div></td><td>Eastern Province</td><td>Trincomalee</td><td><a href=""tel:026-2054506"" class=""phone-link"">026-2054506</a><div class=""phone-secondary""></div></td><td>Free</td></tr>",,,,
33,Annawil Helmina Child Development Centre,Child Protection / Counseling,Private,Paid,031-4925279,,,Western Province,Gampaha,Divulapitiya,Divulapitiya,,Residential care,,,,Children Homes & Care Services,"<tr><td>Annawil Helmina Child Development Centre<div class=""e-mail""></div></td><td>Western Province</td><td>Gampaha</td><td><a href=""tel:031-4925279"" class=""phone-link"">031-4925279</a><div class=""phone-secondary""></div></td><td>Paid</td></tr>",,,,
34,Anpu Child Development Centre,Child Protection / Counseling,Government,Free,,,,Northern Province,Mullaitivu,Mullaitivu,Mullaitivu,Muthu Vinayagar Puram Oddusuddan Mullaitivu,Residential care,,,,Children Homes & Care Services,"<tr><td>Anpu Child Development Centre<div class=""e-mail""></div></td><td>Northern Province</td><td>Mullaitivu</td><td><a href=""tel:"" class=""phone-link""></a><div class=""phone-secondary""></div></td><td>Free</td></tr>",,,,
35,Anpu Sakotharar Illam,Child Protection / Counseling,Private,Paid,023-2250558,,,Northern Province,Mannar,Mannar,Mannar,,Residential care,,,,Children Homes & Care Services,"<tr><td>Anpu Sakotharar Illam<div class=""e-mail""></div></td><td>Northern Province</td><td>Mannar</td><td><a href=""tel:023-2250558"" class=""phone-link"">023-2250558</a><div class=""phone-secondary""></div></td><td>Paid</td></tr>",,,,
36,AnpuIllam Girls’ Home,Child Protection / Counseling,Government,Free,026-2221214,,,Eastern Province,Trincomalee,Trincomalee Town & Gravets,Trincomalee Town & Gravets,,Residential care,,,,Children Homes & Care Services,"<tr><td>AnpuIllam Girls’ Home<div class=""e-mail""></div></td><td>Eastern Province</td><td>Trincomalee</td><td><a href=""tel:026-2221214"" class=""phone-link"">026-2221214</a><div class=""phone-secondary""></div></td><td>Free</td></tr>",,,,
37,AnulaWijerama Girls' Child Development Centre,Child Protection / Counseling,Government,Free,091-3915887,,,Southern Province,Galle,Balapitiya,Balapitiya,,Residential care,,,,Children Homes & Care Services,"<tr><td>AnulaWijerama Girls' Child Development Centre<div class=""e-mail""></div></td><td>Southern Province</td><td>Galle</td><td><a href=""tel:091-3915887"" class=""phone-link"">091-3915887</a><div class=""phone-secondary""></div></td><td>Free</td></tr>",,,,
38,Apeksha (Cancer) Hospital,Mental Health,Government National Cancer Hospital,Free,011-2850252,,,Western Province,Colombo,Maharagama,Maharagama,"Maharagama, Colombo District",Mental Health clinic,Call ahead to confirm current clinic/consultant hours,,https://www.mentalhealth.health.gov.lk/index.php?option=com_content&view=article&id=36&Itemid=196&lang=en,Government Hospitals,"<tr><td>Apeksha (Cancer) Hospital<div class=""e-mail""></div></td><td>Western Province</td><td>Colombo</td><td><a href=""tel:011-2850252"" class=""phone-link"">011-2850252</a><div class=""phone-secondary""></div></td><td>Free<div> <a href=""https://www.mentalhealth.health.gov.lk/index.php?option=com_content&view=article&id=36&Itemid=196&lang=en"" class=""web-site""target=""_blank"" style=""text-decoration: none;"">Web Site  🔗</a></div></td></tr>",,,,
39,Apeksha Child Development Centre,Counseling + Rehabilitation + Child Mental Health,Government,Free,081-2376326,,,Central Province,Kandy,Menikhinna,Menikhinna,Aluthwatta Rajawella Digana,Residential care Counselling Rehabilitation,Call ahead to confirm current clinic/consultant hours,,,Children Homes & Care Services,"<tr><td>Apeksha Child Development Centre<div class=""e-mail""></div></td><td>Central Province</td><td>Kandy</td><td><a href=""tel:081-2376326"" class=""phone-link"">081-2376326</a><div class=""phone-secondary""></div></td><td>Free</td></tr>",,,,
40,Apeksha Vijitha Balika Child Development Centre,Child Protection / Counseling,Government,Free,034-2278981,,,Western Province,Kalutara,Kalutara,Kalutara,,Residential care,,,,Children Homes & Care Services,"<tr><td>Apeksha Vijitha Balika Child Development Centre<div class=""e-mail""></div></td><td>Western Province</td><td>Kalutara</td><td><a href=""tel:034-2278981"" class=""phone-link"">034-2278981</a><div class=""phone-secondary""></div></td><td>Free</td></tr>",,,,
41,Arklow Boys Home Child Development Centre,Child Protection / Counseling,Private,Paid,031-2240941,,,Western Province,Gampaha,Katana,Katana,,Residential care,,,,Children Homes & Care Services,"<tr><td>Arklow Boys Home Child Development Centre<div class=""e-mail""></div></td><td>Western Province</td><td>Gampaha</td><td><a href=""tel:031-2240941"" class=""phone-link"">031-2240941</a><div class=""phone-secondary""></div></td><td>Paid</td></tr>",,,,
42,Arogya Hospitals - Gampaha,Mental Health / Private Channeling,Private Hospital,Paid,033-2224592,070-7455505,info@arogyahospitals.lk,Western Province,Gampaha,Gampaha,Gampaha,"No. 250, Colombo Road, Gampaha","Psychiatrist channeling; psychology services; OPD, diagnostics and inpatient services",By appointment; call for current psychiatrist schedule,Visiting psychiatrists / psychologists,,Arogya current contact and psychology services: https://www.arogyahospitals.lk/; psychiatrist appointment listings available through its portal.,"<tr><td>Arogya Hospitals - Gampaha<div class=""e-mail"">info@arogyahospitals.lk</div></td><td>Western Province</td><td>Gampaha</td><td><a href=""tel:033-2224592"" class=""phone-link"">033-2224592</a><div class=""phone-secondary"">070-7455505</div></td><td>Paid</td></tr>",,,,
43,Aropanam Children Home,Child Protection / Counseling,NGO,Free,,,,Northern Province,Kilinochchi,Kilinochchi,Kilinochchi,Uruththirapuram Kilinochchi,Residential care,,,,Children Homes & Care Services,"<tr><td>Aropanam Children Home<div class=""e-mail""></div></td><td>Northern Province</td><td>Kilinochchi</td><td><a href=""tel:"" class=""phone-link""></a><div class=""phone-secondary""></div></td><td>Free</td></tr>",,,,
44,Arulpani Girls’ Child Development Centre,Child Protection / Counseling,Government,Free,065-2248466,,,Eastern Province,Batticaloa,Navatkuda,Navatkuda,,Residential care,,,,Children Homes & Care Services,"<tr><td>Arulpani Girls’ Child Development Centre<div class=""e-mail""></div></td><td>Eastern Province</td><td>Batticaloa</td><td><a href=""tel:065-2248466"" class=""phone-link"">065-2248466</a><div class=""phone-secondary""></div></td><td>Free</td></tr>",,,,
45,Aruppe Children Home,Child Protection / Counseling,Private,Paid,024-4924471,,,Northern Province,Vavuniya,Vavuniya,Vavuniya,,Residential care,,,,Children Homes & Care Services,"<tr><td>Aruppe Children Home<div class=""e-mail""></div></td><td>Northern Province</td><td>Vavuniya</td><td><a href=""tel:024-4924471"" class=""phone-link"">024-4924471</a><div class=""phone-secondary""></div></td><td>Paid</td></tr>",,,,
46,Ashoka Boys’ Children’s Home,Child Protection / Counseling,Government,Free,025-2221582,,,North Central Province,Anuradhapura,Nuwaragam Palatha East Anuradhapura,Nuwaragam Palatha East Anuradhapura,,Residential care,,,,Children Homes & Care Services,"<tr><td>Ashoka Boys’ Children’s Home<div class=""e-mail""></div></td><td>North Central Province</td><td>Anuradhapura</td><td><a href=""tel:025-2221582"" class=""phone-link"">025-2221582</a><div class=""phone-secondary""></div></td><td>Free</td></tr>",,,,
47,Ashraff Memorial Hospital Kalmunai,Mental Health + Child Mental Health,Government,Free,067-2222261,,,Eastern Province,Ampara,Kalmunai South,Kalmunai South,"No. 21, Pandukabaya Mawatha, Ampara 32000",Psychiatry Inward facilities Mental Health clinic Mithuru Piyasa Yowun Piyasa,Psychiatry by appointment; call for current session,Visiting Psychiatrists,https://www.echannelling.com/doctor-search/D12841-H197,Government Hospitals,"<tr><td>Ashraff Memorial Hospital Kalmunai<div class=""e-mail""></div></td><td>Eastern Province</td><td>Ampara</td><td><a href=""tel:067-2222261"" class=""phone-link"">067-2222261</a><div class=""phone-secondary""></div></td><td>Free<div> <a href=""https://www.echannelling.com/doctor-search/D12841-H197"" class=""web-site""target=""_blank"" style=""text-decoration: none;"">Web Site  🔗</a></div></td></tr>",,,,
48,Asiri Hospital - Galle,Mental Health / Private Channeling,Private Hospital,Paid,091-4640640,091-2232675,info@asiri.lk,Southern Province,Galle,Galle,Galle,"No. 10, Wakwella Road, Galle",Psychiatric care; specialist consultation; OPD; inpatient care; 24-hour emergency; diagnostics,24-hour emergency; psychiatry/channeling by appointment,Visiting psychiatrists / specialists,,Asiri officially lists psychiatric care: https://asirihealth.com/galle-home ; main phone also in district directory: http://galle.dist.gov.lk/index.php/en/hospitals.html,"<tr><td>Asiri Hospital - Galle<div class=""e-mail"">info@asiri.lk</div></td><td>Southern Province</td><td>Galle</td><td><a href=""tel:091-4640640"" class=""phone-link"">091-4640640</a><div class=""phone-secondary"">091-2232675</div></td><td>Paid</td></tr>",,,,
49,Asiri Hospital - Kandy,Mental Health / Private Channeling,Private Hospital,Paid,081-4528800,,info@asiri.lk,Central Province,Kandy,Kandy,Kandy,"No. 907, Peradeniya Road, Kandy",Psychiatric care; psychiatrist and psychological counseling channeling; OPD; inpatient; emergency and diagnostics,24-hour emergency; psychiatry by appointment,Visiting psychiatrists / counselors,,Asiri lists psychiatric care: https://asirihealth.com/kandy-home ; contact: https://asirihealth.com/contact-us ; psychiatrist channeling: https://www.doc.lk/channel/9569,"<tr><td>Asiri Hospital - Kandy<div class=""e-mail"">info@asiri.lk</div></td><td>Central Province</td><td>Kandy</td><td><a href=""tel:081-4528800"" class=""phone-link"">081-4528800</a><div class=""phone-secondary""></div></td><td>Paid</td></tr>",,,,
50,Asiri Hospital - Matara,Mental Health / Private Channeling,Private Hospital,Paid,041-4929292,041-4390840,infoasirimatara@asiri.lk,Southern Province,Matara,Matara,Matara,"Matara, Matara District",Psychiatrist channeling; private specialist services and hospital care,Call ahead to confirm current clinic/consultant hours,,https://www.doc.lk/channel/5676,,"<tr><td>Asiri Hospital - Matara<div class=""e-mail"">infoasirimatara@asiri.lk</div></td><td>Southern Province</td><td>Matara</td><td><a href=""tel:041-4929292"" class=""phone-link"">041-4929292</a><div class=""phone-secondary"">041-4390840</div></td><td>Paid<div> <a href=""https://www.doc.lk/channel/5676"" class=""web-site""target=""_blank"" style=""text-decoration: none;"">Web Site  🔗</a></div></td></tr>",,,,
51,Assets Home,Child Protection / Counseling,NGO,Free,,,,Northern Province,Kilinochchi,Karachchi,Karachchi,Unit One Thiruvaiyaru Kilinochchi,Residential care for physically challenged children,,,,Children Homes & Care Services,"<tr><td>Assets Home<div class=""e-mail""></div></td><td>Northern Province</td><td>Kilinochchi</td><td><a href=""tel:"" class=""phone-link""></a><div class=""phone-secondary""></div></td><td>Free</td></tr>",,,,
52,Assisi Boys’ home,Child Protection / Counseling,Government,Free,065-2250313,,,Eastern Province,Batticaloa,Kurukkalmadam,Kurukkalmadam,,Residential care,,,,Children Homes & Care Services,"<tr><td>Assisi Boys’ home<div class=""e-mail""></div></td><td>Eastern Province</td><td>Batticaloa</td><td><a href=""tel:065-2250313"" class=""phone-link"">065-2250313</a><div class=""phone-secondary""></div></td><td>Free</td></tr>",,,,
53,Attanagalla Child Development Centre,Child Protection / Counseling,Private,Paid,033-2280329,,,Western Province,Gampaha,Attanagalla,Attanagalla,,Residential care,,,,Children Homes & Care Services,"<tr><td>Attanagalla Child Development Centre<div class=""e-mail""></div></td><td>Western Province</td><td>Gampaha</td><td><a href=""tel:033-2280329"" class=""phone-link"">033-2280329</a><div class=""phone-secondary""></div></td><td>Paid</td></tr>",,,,
54,Awanthi Dewi Girls’ Children’s Home,Child Protection / Counseling,Government,Free,025-2221354,,,North Central Province,Anuradhapura,Nuwaragam Palatha East Anuradhapura,Nuwaragam Palatha East Anuradhapura,,Residential care,,,,Children Homes & Care Services,"<tr><td>Awanthi Dewi Girls’ Children’s Home<div class=""e-mail""></div></td><td>North Central Province</td><td>Anuradhapura</td><td><a href=""tel:025-2221354"" class=""phone-link"">025-2221354</a><div class=""phone-secondary""></div></td><td>Free</td></tr>",,,,
55,Ayurweda Medical Counselling Centre,Mental Health + Counseling,NGO / Professional Counseling,Free,077-9895252,011-2584157,alokaya@fpasrilanka.org,Sabaragamuwa Province,Ratnapura,Eheliyagoda,Eheliyagoda,Bulugahapitiya Eheliyagoda,Ayurweda Buddhist medical treatment Counselling clinics,By appointment,,https://www.fpasrilanka.org/en/alokaya-counselling-centre,Other Government Institutions,"<tr><td>Ayurweda Medical Counselling Centre<div class=""e-mail"">alokaya@fpasrilanka.org</div></td><td>Sabaragamuwa Province</td><td>Ratnapura</td><td><a href=""tel:077-9895252"" class=""phone-link"">077-9895252</a><div class=""phone-secondary"">011-2584157</div></td><td>Free<div> <a href=""https://www.fpasrilanka.org/en/alokaya-counselling-centre"" class=""web-site""target=""_blank"" style=""text-decoration: none;"">Web Site  🔗</a></div></td></tr>",,,,
56,B.S. Jayawardena Child Development Centre,Child Protection / Counseling,Private,Paid,011-2330520,,,Western Province,Gampaha,Ja- Ela,Ja- Ela,,Residential care,,,,Children Homes & Care Services,"<tr><td>B.S. Jayawardena Child Development Centre<div class=""e-mail""></div></td><td>Western Province</td><td>Gampaha</td><td><a href=""tel:011-2330520"" class=""phone-link"">011-2330520</a><div class=""phone-secondary""></div></td><td>Paid</td></tr>",,,,
57,Balasooriya Hospital - Puttalam,Mental Health / Private Channeling,Private Hospital,Paid,032-2266266,032-2267153; 071-4019149,,North Western Province,Puttalam,Puttalam,Puttalam,"118A, Kurunegala Road, Puttalam",Consultant psychiatrist; psychotherapist/psychologist; private specialist consultations; emergency services,Consultations by appointment; emergency service available,Visiting Consultant Psychiatrist / Psychotherapist,,https://balasooriyahospital.lk/Specialist.html,"<tr><td>Balasooriya Hospital - Puttalam<div class=""e-mail""></div></td><td>North Western Province</td><td>Puttalam</td><td><a href=""tel:032-2266266"" class=""phone-link"">032-2266266</a><div class=""phone-secondary"">032-2267153; 071-4019149</div></td><td>Paid</td></tr>",,,,
58,Baranasooriya Children Home,Child Protection / Counseling,Government,Free,091-2276929,,,Southern Province,Galle,Hikkaduwa,Hikkaduwa,,Residential care,,,,Children Homes & Care Services,"<tr><td>Baranasooriya Children Home<div class=""e-mail""></div></td><td>Southern Province</td><td>Galle</td><td><a href=""tel:091-2276929"" class=""phone-link"">091-2276929</a><div class=""phone-secondary""></div></td><td>Free</td></tr>",,,,
59,Barathy Child Development Centre,Child Protection / Counseling,Government,Free,,,,Northern Province,Mullaitivu,Mullaitivu,Mullaitivu,Putharikuda Mulliyavalai Mullaitivu,Residential care,,,,Children Homes & Care Services,"<tr><td>Barathy Child Development Centre<div class=""e-mail""></div></td><td>Northern Province</td><td>Mullaitivu</td><td><a href=""tel:"" class=""phone-link""></a><div class=""phone-secondary""></div></td><td>Free</td></tr>",,,,
60,Base Hospital - Mirigama (Mental Health Clinic),Mental Health,Government Base Hospital,Free,033-2273261,,,Western Province,Gampaha,Mirigama,Mirigama,"Mirigama, Gampaha District",Mental Health Clinic,Call ahead to confirm current clinic/consultant hours,,,Mental-health clinic listed by Directorate: https://mentalhealth.health.gov.lk/index.php?option=com_content&view=article&id=38&Itemid=219&lang=en; hospital listing: http://gampaha.dist.gov.lk/index.php/en/aboutus/15-government-service-centers/18-hospitals.html,"<tr><td>Base Hospital - Mirigama (Mental Health Clinic)<div class=""e-mail""></div></td><td>Western Province</td><td>Gampaha</td><td><a href=""tel:033-2273261"" class=""phone-link"">033-2273261</a><div class=""phone-secondary""></div></td><td>Free</td></tr>",,,,
61,Base Hospital - Panadura - STD Clinic,STD / HIV,Government STD Clinic,Free,038-2232261,,stdclinicpanadura@gmail.com,Western Province,Kalutara,Panadura,Panadura,"STD Clinic, Base Hospital, Panadura","STI/HIV testing, diagnosis, treatment, counseling and referral; confidential",Call to confirm current clinic hours,Venereology team,,Official NSACP service provider.,"<tr><td>Base Hospital - Panadura - STD Clinic<div class=""e-mail"">stdclinicpanadura@gmail.com</div></td><td>Western Province</td><td>Kalutara</td><td><a href=""tel:038-2232261"" class=""phone-link"">038-2232261</a><div class=""phone-secondary""></div></td><td>Free</td></tr>",,,,
62,Base Hospital / Divisional Hospital - Mulankavil,Mental Health,Government Hospital,Free,024-3244010,,,Northern Province,Kilinochchi,Mulankavil,,"Mulankavil, Kilinochchi District",Mental Health Clinic,Call ahead to confirm current clinic/consultant hours,,https://www.mentalhealth.health.gov.lk/index.php?option=com_content&view=article&id=44&Itemid=203&lang=en,,"<tr><td>Base Hospital / Divisional Hospital - Mulankavil<div class=""e-mail""></div></td><td>Northern Province</td><td>Kilinochchi</td><td><a href=""tel:024-3244010"" class=""phone-link"">024-3244010</a><div class=""phone-secondary""></div></td><td>Free<div> <a href=""https://www.mentalhealth.health.gov.lk/index.php?option=com_content&view=article&id=44&Itemid=203&lang=en"" class=""web-site""target=""_blank"" style=""text-decoration: none;"">Web Site  🔗</a></div></td></tr>",,,,
63,Base Hospital Akkaraipattu,Mental Health,Government,Free,067-2277213,067-2052068,,Eastern Province,Ampara,Akkaraipattu,Akkaraipattu,,Psychiatry Inward facilities Mental Health clinic Mithuru Piyasa,,,,Government Hospitals,"<tr><td>Base Hospital Akkaraipattu<div class=""e-mail""></div></td><td>Eastern Province</td><td>Ampara</td><td><a href=""tel:067-2277213"" class=""phone-link"">067-2277213</a><div class=""phone-secondary"">067-2052068</div></td><td>Free</td></tr>",,,,
64,Base Hospital Anamaduwa,Mental Health,Government Divisional Hospital,Free,032-2263261,,,North Western Province,Puttalam,Anamaduwa,Anamaduwa,"Anamaduwa, Puttalam District",Mental Health clinic,Call ahead to confirm current clinic/consultant hours,,https://www.mentalhealth.health.gov.lk/index.php?option=com_content&view=article&id=52&Itemid=211&lang=en; https://rdhsputtalam.yolasite.com/institutions-informations.php,Government Hospitals,"<tr><td>Base Hospital Anamaduwa<div class=""e-mail""></div></td><td>North Western Province</td><td>Puttalam</td><td><a href=""tel:032-2263261"" class=""phone-link"">032-2263261</a><div class=""phone-secondary""></div></td><td>Free<div> <a href=""https://www.mentalhealth.health.gov.lk/index.php?option=com_content&view=article&id=52&Itemid=211&lang=en; https://rdhsputtalam.yolasite.com/institutions-informations.php"" class=""web-site""target=""_blank"" style=""text-decoration: none;"">Web Site  🔗</a></div></td></tr>",,,,
65,Base Hospital Awissawella,Mental Health,Government,Free,036-2222261,036-2222262,,Western Province,Colombo,Seethawaka,Seethawaka,"Avissawella, Colombo District",Mental Health clinic Mithuru Piyasa,Call ahead to confirm current clinic/consultant hours,,https://www.mentalhealth.health.gov.lk/index.php?option=com_content&view=article&id=36&Itemid=196&lang=en,Government Hospitals,"<tr><td>Base Hospital Awissawella<div class=""e-mail""></div></td><td>Western Province</td><td>Colombo</td><td><a href=""tel:036-2222261"" class=""phone-link"">036-2222261</a><div class=""phone-secondary"">036-2222262</div></td><td>Free<div> <a href=""https://www.mentalhealth.health.gov.lk/index.php?option=com_content&view=article&id=36&Itemid=196&lang=en"" class=""web-site""target=""_blank"" style=""text-decoration: none;"">Web Site  🔗</a></div></td></tr>",,,,
66,Base Hospital Balangoda,Mental Health,Government District / Base Hospital,Free,045-2287261,,,Sabaragamuwa Province,Ratnapura,Balangoda,Balangoda,"Balangoda, Ratnapura District",Mental Health clinic Mithuru Piyasa,Call ahead to confirm current clinic/consultant hours,,,Government Hospitals,"<tr><td>Base Hospital Balangoda<div class=""e-mail""></div></td><td>Sabaragamuwa Province</td><td>Ratnapura</td><td><a href=""tel:045-2287261"" class=""phone-link"">045-2287261</a><div class=""phone-secondary""></div></td><td>Free</td></tr>",,,,
67,Base Hospital Balapitiya,Mental Health,Government Base Hospital,Free,091-2258261,091-3927276,,Southern Province,Galle,Balapitiya,Balapitiya,"Balapitiya, Galle District",Mental Health clinic,Call ahead to confirm current clinic/consultant hours,,,Government Hospitals,"<tr><td>Base Hospital Balapitiya<div class=""e-mail""></div></td><td>Southern Province</td><td>Galle</td><td><a href=""tel:091-2258261"" class=""phone-link"">091-2258261</a><div class=""phone-secondary"">091-3927276</div></td><td>Free</td></tr>",,,,
68,Base Hospital Bibile,Mental Health,Government Hospital,Free,055-2265461,055-2265462,bhbibile@gmail.com,Uva Province,Monaragala,Bibile,Bibile,"Bibile, Monaragala District",Mental Health clinic,Call ahead to confirm current clinic/consultant hours,,,Government Hospitals,"<tr><td>Base Hospital Bibile<div class=""e-mail"">bhbibile@gmail.com</div></td><td>Uva Province</td><td>Monaragala</td><td><a href=""tel:055-2265461"" class=""phone-link"">055-2265461</a><div class=""phone-secondary"">055-2265462</div></td><td>Free</td></tr>",,,,
69,Base Hospital Chavakachcheri,Mental Health + Rehabilitation,Government Base Hospital,Free,021-2271150,021-2270032,bhchava24@gmail.com,Northern Province,Jaffna,Chavakachheri,Chavakachheri,"Base Hospital, Chavakachcheri",Mental Health clinic Substance Abuse clinic Residential Alcohol rehabilitation Mithuru Piyasa,Call to confirm current clinic/rehabilitation schedule,Mental Health / Rehabilitation Team,,Government Hospitals,"<tr><td>Base Hospital Chavakachcheri<div class=""e-mail"">bhchava24@gmail.com</div></td><td>Northern Province</td><td>Jaffna</td><td><a href=""tel:021-2271150"" class=""phone-link"">021-2271150</a><div class=""phone-secondary"">021-2270032</div></td><td>Free</td></tr>",,,,
70,Base Hospital Cheddikulam,Mental Health,Government Hospital,Free,024-2260903,,,Northern Province,Vavuniya,Cheddikulam,Cheddikulam,"Cheddikulam, Vavuniya District",Mental Health clinic,Call ahead to confirm current clinic/consultant hours,,,Government Hospitals,"<tr><td>Base Hospital Cheddikulam<div class=""e-mail""></div></td><td>Northern Province</td><td>Vavuniya</td><td><a href=""tel:024-2260903"" class=""phone-link"">024-2260903</a><div class=""phone-secondary""></div></td><td>Free</td></tr>",,,,
71,Base Hospital Dambadeniya,Mental Health,Government,Free,037-2266592,,,North Western Province,Kurunegala,Narammala,Narammala,"Base Hospital, Nikaweratiya",Mental Health clinic,Call hospital to confirm mental-health clinic/day-centre schedule,Consultant Psychiatrist / Mental Health Team,,Government Hospitals,"<tr><td>Base Hospital Dambadeniya<div class=""e-mail""></div></td><td>North Western Province</td><td>Kurunegala</td><td><a href=""tel:037-2266592"" class=""phone-link"">037-2266592</a><div class=""phone-secondary""></div></td><td>Free</td></tr>",,,,
72,Base Hospital Dambulla,Mental Health,Government Hospital,Free,066-2284761,,,Central Province,Matale,Dambulla,Dambulla,"Dambulla, Matale District",Mental Health clinic Mithuru Piyasa,Call ahead to confirm current clinic/consultant hours,,https://www.mentalhealth.health.gov.lk/index.php?option=com_content&view=article&id=47&Itemid=206&lang=en,Government Hospitals,"<tr><td>Base Hospital Dambulla<div class=""e-mail""></div></td><td>Central Province</td><td>Matale</td><td><a href=""tel:066-2284761"" class=""phone-link"">066-2284761</a><div class=""phone-secondary""></div></td><td>Free<div> <a href=""https://www.mentalhealth.health.gov.lk/index.php?option=com_content&view=article&id=47&Itemid=206&lang=en"" class=""web-site""target=""_blank"" style=""text-decoration: none;"">Web Site  🔗</a></div></td></tr>",,,,
73,Base Hospital Dehiattakandiya,Mental Health,Government Hospital,Free,027-2250344,,,Eastern Province,Ampara,Dehiattakandiya,Dehiattakandiya,"Dehiattakandiya, Ampara District",Mental Health clinic,Call ahead to confirm current clinic/consultant hours,,,Government Hospitals,"<tr><td>Base Hospital Dehiattakandiya<div class=""e-mail""></div></td><td>Eastern Province</td><td>Ampara</td><td><a href=""tel:027-2250344"" class=""phone-link"">027-2250344</a><div class=""phone-secondary""></div></td><td>Free</td></tr>",,,,
74,Base Hospital Deniyaya,Mental Health,Government Base Hospital,Free,041-2282261,041-2273261,,Southern Province,Matara,Morawaka,Morawaka,"Deniyaya, Matara District",Mental Health clinic,Call ahead to confirm current clinic/consultant hours,,https://www.mentalhealth.health.gov.lk/index.php?option=com_content&view=article&id=48&Itemid=207&lang=en ; https://lankainformation.lk/directory/health/list-of-hospitals-in-sri-lanka/matara-district,Government Hospitals,"<tr><td>Base Hospital Deniyaya<div class=""e-mail""></div></td><td>Southern Province</td><td>Matara</td><td><a href=""tel:041-2282261"" class=""phone-link"">041-2282261</a><div class=""phone-secondary"">041-2273261</div></td><td>Free<div> <a href=""https://www.mentalhealth.health.gov.lk/index.php?option=com_content&view=article&id=48&Itemid=207&lang=en ; https://lankainformation.lk/directory/health/list-of-hospitals-in-sri-lanka/matara-district"" class=""web-site""target=""_blank"" style=""text-decoration: none;"">Web Site  🔗</a></div></td></tr>",,,,
75,Base Hospital Dickoya,Mental Health,Government Hospital,Free,051-2222261,,,Central Province,Nuwara Eliya,Dickoya,Dickoya,"Dickoya / Hatton, Nuwara Eliya District",Mental Health clinic Mithuru Piyasa,Call ahead to confirm current clinic/consultant hours,,https://www.mentalhealth.health.gov.lk/index.php?option=com_content&view=article&id=51&Itemid=210&lang=en,Government Hospitals,"<tr><td>Base Hospital Dickoya<div class=""e-mail""></div></td><td>Central Province</td><td>Nuwara Eliya</td><td><a href=""tel:051-2222261"" class=""phone-link"">051-2222261</a><div class=""phone-secondary""></div></td><td>Free<div> <a href=""https://www.mentalhealth.health.gov.lk/index.php?option=com_content&view=article&id=51&Itemid=210&lang=en"" class=""web-site""target=""_blank"" style=""text-decoration: none;"">Web Site  🔗</a></div></td></tr>",,,,
76,Base Hospital Diyathalawa,Mental Health + Child Mental Health,Government Base Hospital (Type A),Free,057-2229061,,mstudiyathalawa@gmail.com,Uva Province,Badulla,Diyathalawa,Diyathalawa,Diyatalawa,Mental Health clinic Mithuru Piyasa Yowun Piyasa,Typical government OPD ~8am-4pm weekdays (confirm locally); ETU 24h,Consultant Psychiatrist: Dr. Udayanga Perera (Directorate listing),,Government Hospitals,"<tr><td>Base Hospital Diyathalawa<div class=""e-mail"">mstudiyathalawa@gmail.com</div></td><td>Uva Province</td><td>Badulla</td><td><a href=""tel:057-2229061"" class=""phone-link"">057-2229061</a><div class=""phone-secondary""></div></td><td>Free</td></tr>",,,,
77,Base Hospital Eheliyagoda,Mental Health,Government Divisional Hospital,Free,036-2258261,,,Sabaragamuwa Province,Ratnapura,Eheliyagoda,Eheliyagoda,"Eheliyagoda, Ratnapura District",Mental Health clinic,Call ahead to confirm current clinic/consultant hours,,,Government Hospitals,"<tr><td>Base Hospital Eheliyagoda<div class=""e-mail""></div></td><td>Sabaragamuwa Province</td><td>Ratnapura</td><td><a href=""tel:036-2258261"" class=""phone-link"">036-2258261</a><div class=""phone-secondary""></div></td><td>Free</td></tr>",,,,
78,Base Hospital Elpitiya,Mental Health,Government Base Hospital,Free,091-2291261,091-3927274,,Southern Province,Galle,Elpitiya,Elpitiya,"Elpitiya, Galle District",Mental Health clinic,Call ahead to confirm current clinic/consultant hours,,,Government Hospitals,"<tr><td>Base Hospital Elpitiya<div class=""e-mail""></div></td><td>Southern Province</td><td>Galle</td><td><a href=""tel:091-2291261"" class=""phone-link"">091-2291261</a><div class=""phone-secondary"">091-3927274</div></td><td>Free</td></tr>",,,,
79,Base Hospital Eravur,Mental Health + Child Mental Health,Government Base Hospital,Free,065-2240497,065-2241411,,Eastern Province,Batticaloa,Eravur,Eravur,"Eravur, Batticaloa District",Psychiatry Inward facilities Mental Health clinic Mithuru Piyasa Child & Adolescent clinic Clinic for substance abused,Call ahead to confirm current clinic hours,,,Government Hospitals,"<tr><td>Base Hospital Eravur<div class=""e-mail""></div></td><td>Eastern Province</td><td>Batticaloa</td><td><a href=""tel:065-2240497"" class=""phone-link"">065-2240497</a><div class=""phone-secondary"">065-2241411</div></td><td>Free</td></tr>",,,,
80,Base Hospital Galgamuwa,Mental Health,Government,Free,037-2253061,,,North Western Province,Kurunegala,Galgamuwa,Galgamuwa,,Mental Health clinic,,,,Government Hospitals,"<tr><td>Base Hospital Galgamuwa<div class=""e-mail""></div></td><td>North Western Province</td><td>Kurunegala</td><td><a href=""tel:037-2253061"" class=""phone-link"">037-2253061</a><div class=""phone-secondary""></div></td><td>Free</td></tr>",,,,
81,Base Hospital Hingurakgoda,Mental Health,Government Base Hospital,Free,027-2246261,,,North Central Province,Polonnaruwa,Hingurakgoda,Hingurakgoda,"Hingurakgoda Hospital, Polonnaruwa District",Mental Health clinic,Call ahead to confirm current clinic hours,,,Government Hospitals,"<tr><td>Base Hospital Hingurakgoda<div class=""e-mail""></div></td><td>North Central Province</td><td>Polonnaruwa</td><td><a href=""tel:027-2246261"" class=""phone-link"">027-2246261</a><div class=""phone-secondary""></div></td><td>Free</td></tr>",,,,
82,Base Hospital Homagama,Mental Health,Government Base Hospital,Free,011-2857844,011-2855200,,Western Province,Colombo,Homagama,Homagama,"Homagama, Colombo District",Psychiatry Inward facilities Mental Health clinic Mithuru Piyasa,Call ahead to confirm current clinic/consultant hours,,https://www.mentalhealth.health.gov.lk/index.php?option=com_content&view=article&id=36&Itemid=196&lang=en,Government Hospitals,"<tr><td>Base Hospital Homagama<div class=""e-mail""></div></td><td>Western Province</td><td>Colombo</td><td><a href=""tel:011-2857844"" class=""phone-link"">011-2857844</a><div class=""phone-secondary"">011-2855200</div></td><td>Free<div> <a href=""https://www.mentalhealth.health.gov.lk/index.php?option=com_content&view=article&id=36&Itemid=196&lang=en"" class=""web-site""target=""_blank"" style=""text-decoration: none;"">Web Site  🔗</a></div></td></tr>",,,,
83,Base Hospital Horana,Mental Health,Government Base Hospital,Free,034-5677562,034-2261261,,Western Province,Kalutara,Horana,Horana,"Base Hospital, Horana",Mental Health clinic,Call to confirm,Consultant Psychiatrist listed by Directorate of Mental Health,,Government Hospitals,"<tr><td>Base Hospital Horana<div class=""e-mail""></div></td><td>Western Province</td><td>Kalutara</td><td><a href=""tel:034-5677562"" class=""phone-link"">034-5677562</a><div class=""phone-secondary"">034-2261261</div></td><td>Free</td></tr>",,,,
84,Base Hospital Kahawatta,Mental Health,Government District / Base Hospital,Free,045-2270261,,,Sabaragamuwa Province,Ratnapura,Kahawatta,Kahawatta,"Kahawatta, Ratnapura District",Mental Health clinic Mithuru Piyasa,Call ahead to confirm current clinic/consultant hours,,,Government Hospitals,"<tr><td>Base Hospital Kahawatta<div class=""e-mail""></div></td><td>Sabaragamuwa Province</td><td>Ratnapura</td><td><a href=""tel:045-2270261"" class=""phone-link"">045-2270261</a><div class=""phone-secondary""></div></td><td>Free</td></tr>",,,,
85,Base Hospital Kalawana,Mental Health,Government District / Base Hospital,Free,045-2255261,,,Sabaragamuwa Province,Ratnapura,Kalawana,Kalawana,"Kalawana, Ratnapura District",Mental Health clinic,Call ahead to confirm current clinic/consultant hours,,,Government Hospitals,"<tr><td>Base Hospital Kalawana<div class=""e-mail""></div></td><td>Sabaragamuwa Province</td><td>Ratnapura</td><td><a href=""tel:045-2255261"" class=""phone-link"">045-2255261</a><div class=""phone-secondary""></div></td><td>Free</td></tr>",,,,
86,Base Hospital Kalmunai North,Mental Health + Child Mental Health,Government,Free,067-2229261,067-2059565,stdclinic.kalmunai@gmail.com,Eastern Province,Ampara,Kalmunai North,Kalmunai North,"STD Clinic, Base Hospital, Kalmunai",Psychiatry Inward facilities Mental Health clinic Mithuru Piyasa Yowun Piyasa,Call clinic to confirm current hours,STD Clinic Team,,Government Hospitals,"<tr><td>Base Hospital Kalmunai North<div class=""e-mail"">stdclinic.kalmunai@gmail.com</div></td><td>Eastern Province</td><td>Ampara</td><td><a href=""tel:067-2229261"" class=""phone-link"">067-2229261</a><div class=""phone-secondary"">067-2059565</div></td><td>Free</td></tr>",,,,
87,Base Hospital Kalpitiya,Mental Health,Government Divisional Hospital,Free,032-2260261,,,North Western Province,Puttalam,Kalpitiya,Kalpitiya,"Kalpitiya, Puttalam District",Mental Health clinic,Call ahead to confirm current clinic/consultant hours,,https://www.mentalhealth.health.gov.lk/index.php?option=com_content&view=article&id=52&Itemid=211&lang=en; https://rdhsputtalam.yolasite.com/institutions-informations.php,Government Hospitals,"<tr><td>Base Hospital Kalpitiya<div class=""e-mail""></div></td><td>North Western Province</td><td>Puttalam</td><td><a href=""tel:032-2260261"" class=""phone-link"">032-2260261</a><div class=""phone-secondary""></div></td><td>Free<div> <a href=""https://www.mentalhealth.health.gov.lk/index.php?option=com_content&view=article&id=52&Itemid=211&lang=en; https://rdhsputtalam.yolasite.com/institutions-informations.php"" class=""web-site""target=""_blank"" style=""text-decoration: none;"">Web Site  🔗</a></div></td></tr>",,,,
88,Base Hospital Kaluwanchikudy,Mental Health,Government Base Hospital,Free,065-2250061,,,Eastern Province,Batticaloa,Kaluwanchikudy,Kaluwanchikudy,"Kaluwanchikudy, Batticaloa District",Mental Health clinic Mithuru Piyasa,Call ahead to confirm current clinic hours,,https://www.mentalhealth.health.gov.lk/index.php?option=com_content&view=article&id=35&Itemid=195&lang=en,Government Hospitals,"<tr><td>Base Hospital Kaluwanchikudy<div class=""e-mail""></div></td><td>Eastern Province</td><td>Batticaloa</td><td><a href=""tel:065-2250061"" class=""phone-link"">065-2250061</a><div class=""phone-secondary""></div></td><td>Free<div> <a href=""https://www.mentalhealth.health.gov.lk/index.php?option=com_content&view=article&id=35&Itemid=195&lang=en"" class=""web-site""target=""_blank"" style=""text-decoration: none;"">Web Site  🔗</a></div></td></tr>",,,,
89,Base Hospital Kamburupitiya,Mental Health,Government Base Hospital,Free,041-2292261,,,Southern Province,Matara,Kamburupitiya,Kamburupitiya,"Kamburupitiya, Matara District",Mental Health clinic,Call ahead to confirm current clinic/consultant hours,,https://www.mentalhealth.health.gov.lk/index.php?option=com_content&view=article&id=48&Itemid=207&lang=en ; https://lankainformation.lk/directory/health/list-of-hospitals-in-sri-lanka/matara-district,Government Hospitals,"<tr><td>Base Hospital Kamburupitiya<div class=""e-mail""></div></td><td>Southern Province</td><td>Matara</td><td><a href=""tel:041-2292261"" class=""phone-link"">041-2292261</a><div class=""phone-secondary""></div></td><td>Free<div> <a href=""https://www.mentalhealth.health.gov.lk/index.php?option=com_content&view=article&id=48&Itemid=207&lang=en ; https://lankainformation.lk/directory/health/list-of-hospitals-in-sri-lanka/matara-district"" class=""web-site""target=""_blank"" style=""text-decoration: none;"">Web Site  🔗</a></div></td></tr>",,,,
90,Base Hospital Kantale,Mental Health,Government Hospital,Free,026-2234948,026-2234261,,Eastern Province,Trincomalee,Kantale,Kantale,"Kanthale, Trincomalee District",Mental Health clinic,Call ahead to confirm current clinic/consultant hours,,https://www.mentalhealth.health.gov.lk/index.php?option=com_content&view=article&id=54&Itemid=213&lang=en,Government Hospitals,"<tr><td>Base Hospital Kantale<div class=""e-mail""></div></td><td>Eastern Province</td><td>Trincomalee</td><td><a href=""tel:026-2234948"" class=""phone-link"">026-2234948</a><div class=""phone-secondary"">026-2234261</div></td><td>Free<div> <a href=""https://www.mentalhealth.health.gov.lk/index.php?option=com_content&view=article&id=54&Itemid=213&lang=en"" class=""web-site""target=""_blank"" style=""text-decoration: none;"">Web Site  🔗</a></div></td></tr>",,,,
91,Base Hospital Karawanella,Mental Health,Government Hospital,Free,036-2267374,074-3838773; 036-2266261,,Sabaragamuwa Province,Kegalle,Ruwanwella,Ruwanwella,"Karawanella, Kegalle District",Mental Health clinic Mental Health Unit Hotline,Call ahead to confirm current clinic/consultant hours,,https://www.mentalhealth.health.gov.lk/index.php?option=com_content&view=article&id=43:kegalle-district&catid=18&Itemid=202&lang=en; http://www.kegalle.dist.gov.lk/index.php/en/aboutus/15-government-service-centers/18-hospitals.html,Government Hospitals,"<tr><td>Base Hospital Karawanella<div class=""e-mail""></div></td><td>Sabaragamuwa Province</td><td>Kegalle</td><td><a href=""tel:036-2267374"" class=""phone-link"">036-2267374</a><div class=""phone-secondary"">074-3838773; 036-2266261</div></td><td>Free<div> <a href=""https://www.mentalhealth.health.gov.lk/index.php?option=com_content&view=article&id=43:kegalle-district&catid=18&Itemid=202&lang=en; http://www.kegalle.dist.gov.lk/index.php/en/aboutus/15-government-service-centers/18-hospitals.html"" class=""web-site""target=""_blank"" style=""text-decoration: none;"">Web Site  🔗</a></div></td></tr>",,,,
92,Base Hospital Kattankudy,Mental Health,Government Base Hospital,Free,065-2245561,065-2050555,,Eastern Province,Batticaloa,Kattankudy,Kattankudy,"Kattankudy, Batticaloa District",Psychiatry Inward facilities Mental Health clinic Mithuru Piyasa,Call ahead to confirm current clinic hours,,https://www.mentalhealth.health.gov.lk/index.php?option=com_content&view=article&id=35&Itemid=195&lang=en,Government Hospitals,"<tr><td>Base Hospital Kattankudy<div class=""e-mail""></div></td><td>Eastern Province</td><td>Batticaloa</td><td><a href=""tel:065-2245561"" class=""phone-link"">065-2245561</a><div class=""phone-secondary"">065-2050555</div></td><td>Free<div> <a href=""https://www.mentalhealth.health.gov.lk/index.php?option=com_content&view=article&id=35&Itemid=195&lang=en"" class=""web-site""target=""_blank"" style=""text-decoration: none;"">Web Site  🔗</a></div></td></tr>",,,,
93,Base Hospital Kayts,Mental Health,Government Base Hospital,Free,021-2211661,021-2211666,bhkayts@gmail.com,Northern Province,Jaffna,Kayts,Kayts,"Base Hospital, Kayts",Mental Health clinic,Call ahead to confirm current clinic/consultant hours,,,Government Hospitals,"<tr><td>Base Hospital Kayts<div class=""e-mail"">bhkayts@gmail.com</div></td><td>Northern Province</td><td>Jaffna</td><td><a href=""tel:021-2211661"" class=""phone-link"">021-2211661</a><div class=""phone-secondary"">021-2211666</div></td><td>Free</td></tr>",,,,
94,Base Hospital Kebithigollewa,Mental Health,Government Base Hospital,Free,025-2298661,025-3898798,,North Central Province,Anuradhapura,Kebithigollewa,Kebithigollewa,"Kebithigollewa, Anuradhapura District",Mental Health clinic,Call ahead to confirm current clinic/consultant hours,,http://www.mentalhealth.health.gov.lk/index.php?option=com_content&view=article&id=33&Itemid=193&lang=en; https://hospitalslk.blogspot.com/2011/12/anuradhapura-district.html,Government Hospitals,"<tr><td>Base Hospital Kebithigollewa<div class=""e-mail""></div></td><td>North Central Province</td><td>Anuradhapura</td><td><a href=""tel:025-2298661"" class=""phone-link"">025-2298661</a><div class=""phone-secondary"">025-3898798</div></td><td>Free<div> <a href=""http://www.mentalhealth.health.gov.lk/index.php?option=com_content&view=article&id=33&Itemid=193&lang=en; https://hospitalslk.blogspot.com/2011/12/anuradhapura-district.html"" class=""web-site""target=""_blank"" style=""text-decoration: none;"">Web Site  🔗</a></div></td></tr>",,,,
95,Base Hospital Kinniya,Mental Health + Child Mental Health,Government Hospital,Free,026-3123245,026-2236261,,Eastern Province,Trincomalee,Kinniya,Kinniya,"Kinniya, Trincomalee District",Mental Health clinic Mithuru Piyasa Yowun Piyasa,Call ahead to confirm current clinic/consultant hours,,https://www.mentalhealth.health.gov.lk/index.php?option=com_content&view=article&id=54&Itemid=213&lang=en,Government Hospitals,"<tr><td>Base Hospital Kinniya<div class=""e-mail""></div></td><td>Eastern Province</td><td>Trincomalee</td><td><a href=""tel:026-3123245"" class=""phone-link"">026-3123245</a><div class=""phone-secondary"">026-2236261</div></td><td>Free<div> <a href=""https://www.mentalhealth.health.gov.lk/index.php?option=com_content&view=article&id=54&Itemid=213&lang=en"" class=""web-site""target=""_blank"" style=""text-decoration: none;"">Web Site  🔗</a></div></td></tr>",,,,
96,Base Hospital Kiribathgoda,Mental Health,Government Base Hospital,Free,011-2911493,,,Western Province,Gampaha,Kelaniya,Kelaniya,"Kiribathgoda, Gampaha District",Mental Health clinic,Call ahead to confirm current clinic/consultant hours,,,Government Hospitals,"<tr><td>Base Hospital Kiribathgoda<div class=""e-mail""></div></td><td>Western Province</td><td>Gampaha</td><td><a href=""tel:011-2911493"" class=""phone-link"">011-2911493</a><div class=""phone-secondary""></div></td><td>Free</td></tr>",,,,
97,Base Hospital Kolonna,Mental Health,Government Divisional Hospital,Free,045-2260261,,,Sabaragamuwa Province,Ratnapura,Kolonna,Kolonna,"Kolonna, Ratnapura District",Mental Health clinic,Call ahead to confirm current clinic/consultant hours,,,Government Hospitals,"<tr><td>Base Hospital Kolonna<div class=""e-mail""></div></td><td>Sabaragamuwa Province</td><td>Ratnapura</td><td><a href=""tel:045-2260261"" class=""phone-link"">045-2260261</a><div class=""phone-secondary""></div></td><td>Free</td></tr>",,,,
98,Base Hospital Mahaoya,Mental Health,Government Hospital,Free,063-2050007,063-2244061,,Eastern Province,Ampara,Mahaoya,Mahaoya,"Mahaoya, Ampara District",Mental Health clinic,Call ahead to confirm current clinic/consultant hours,,,Government Hospitals,"<tr><td>Base Hospital Mahaoya<div class=""e-mail""></div></td><td>Eastern Province</td><td>Ampara</td><td><a href=""tel:063-2050007"" class=""phone-link"">063-2050007</a><div class=""phone-secondary"">063-2244061</div></td><td>Free</td></tr>",,,,
99,Base Hospital Mahiyanganaya,Mental Health,Government Base Hospital (Type A),Free,055-4936722,055-4936779,bhmahiyanganaya@gmail.com; stdclinicmyg@gmail.com,Uva Province,Badulla,Mahiyanganaya,Mahiyanganaya,"Base Hospital, Mahiyanganaya (STD Clinic Room 22)",Mental Health clinic,"MH & STD: typical Mon-Fri ~8am-4pm, Sat morning (confirm); Hospital emergency 24h",MH: Dr. Ayodhya Malalagama / Dr. Anoma Jayasinghe (listings); STD: Dr. Baratha Dissanayake (MO) / previously Dr. Udari Gallage,,Government Hospitals,"<tr><td>Base Hospital Mahiyanganaya<div class=""e-mail"">bhmahiyanganaya@gmail.com; stdclinicmyg@gmail.com</div></td><td>Uva Province</td><td>Badulla</td><td><a href=""tel:055-4936722"" class=""phone-link"">055-4936722</a><div class=""phone-secondary"">055-4936779</div></td><td>Free</td></tr>",,,,
100,Base Hospital Mallavi,Mental Health,Government Hospital,Free,021-2060728,024-3248132,,Northern Province,Mullaitivu,Mallavi,Mallavi,"Mallavi, Mullaitivu District",Mental Health clinic,Call ahead to confirm current clinic/consultant hours,,,Government Hospitals,"<tr><td>Base Hospital Mallavi<div class=""e-mail""></div></td><td>Northern Province</td><td>Mullaitivu</td><td><a href=""tel:021-2060728"" class=""phone-link"">021-2060728</a><div class=""phone-secondary"">024-3248132</div></td><td>Free</td></tr>",,,,
101,Base Hospital Mankulam,Mental Health,Government Hospital,Free,021-2060006,024-3248341,,Northern Province,Mullaitivu,Mankulam,Mankulam,"Mankulam, Mullaitivu District",Mental Health clinic,Call ahead to confirm current clinic/consultant hours,,,Government Hospitals,"<tr><td>Base Hospital Mankulam<div class=""e-mail""></div></td><td>Northern Province</td><td>Mullaitivu</td><td><a href=""tel:021-2060006"" class=""phone-link"">021-2060006</a><div class=""phone-secondary"">024-3248341</div></td><td>Free</td></tr>",,,,
102,Base Hospital Marawila,Mental Health,Government Base Hospital,Free,032-2254261,,,North Western Province,Puttalam,Nattandiya,Nattandiya,"Marawila, Puttalam District",Mental Health clinic Mithuru Piyasa,Call ahead to confirm current clinic/consultant hours,,https://www.mentalhealth.health.gov.lk/index.php?option=com_content&view=article&id=52&Itemid=211&lang=en; https://rdhsputtalam.yolasite.com/institutions-informations.php,Government Hospitals,"<tr><td>Base Hospital Marawila<div class=""e-mail""></div></td><td>North Western Province</td><td>Puttalam</td><td><a href=""tel:032-2254261"" class=""phone-link"">032-2254261</a><div class=""phone-secondary""></div></td><td>Free<div> <a href=""https://www.mentalhealth.health.gov.lk/index.php?option=com_content&view=article&id=52&Itemid=211&lang=en; https://rdhsputtalam.yolasite.com/institutions-informations.php"" class=""web-site""target=""_blank"" style=""text-decoration: none;"">Web Site  🔗</a></div></td></tr>",,,,
103,Base Hospital Mawanella,Mental Health,Government Hospital,Free,035-2247835,035-2246261,,Sabaragamuwa Province,Kegalle,Mawanella,Mawanella,"Mawanella, Kegalle District",Mental Health clinic,Call ahead to confirm current clinic/consultant hours,,https://www.mentalhealth.health.gov.lk/index.php?option=com_content&view=article&id=43:kegalle-district&catid=18&Itemid=202&lang=en; http://www.kegalle.dist.gov.lk/index.php/en/aboutus/15-government-service-centers/18-hospitals.html,Government Hospitals,"<tr><td>Base Hospital Mawanella<div class=""e-mail""></div></td><td>Sabaragamuwa Province</td><td>Kegalle</td><td><a href=""tel:035-2247835"" class=""phone-link"">035-2247835</a><div class=""phone-secondary"">035-2246261</div></td><td>Free<div> <a href=""https://www.mentalhealth.health.gov.lk/index.php?option=com_content&view=article&id=43:kegalle-district&catid=18&Itemid=202&lang=en; http://www.kegalle.dist.gov.lk/index.php/en/aboutus/15-government-service-centers/18-hospitals.html"" class=""web-site""target=""_blank"" style=""text-decoration: none;"">Web Site  🔗</a></div></td></tr>",,,,
104,Base Hospital Medirigiriya,Mental Health,Government Base Hospital,Free,027-2248261,027-2248260,,North Central Province,Polonnaruwa,Medirigiriya,Medirigiriya,"Base Hospital, Medirigiriya",Mental Health clinic,,Consultant Psychiatrist / Mental Health Team,,Government Hospitals,"<tr><td>Base Hospital Medirigiriya<div class=""e-mail""></div></td><td>North Central Province</td><td>Polonnaruwa</td><td><a href=""tel:027-2248261"" class=""phone-link"">027-2248261</a><div class=""phone-secondary"">027-2248260</div></td><td>Free</td></tr>",,,,
105,Base Hospital Mulleriyawa,Mental Health,Government,Free,011-2578266,,,Western Province,Colombo,Kolonnawa,Kolonnawa,,Mental Health clinic,,,,Government Hospitals,"<tr><td>Base Hospital Mulleriyawa<div class=""e-mail""></div></td><td>Western Province</td><td>Colombo</td><td><a href=""tel:011-2578266"" class=""phone-link"">011-2578266</a><div class=""phone-secondary""></div></td><td>Free</td></tr>",,,,
106,Base Hospital Murunhan,Mental Health,Government Hospital,Free,023-2050394,023-3232602,,Northern Province,Mannar,Nanattan,Nanattan,"Murunkan, Mannar District",Mental Health clinic,Call ahead to confirm current clinic/consultant hours,,,Government Hospitals,"<tr><td>Base Hospital Murunhan<div class=""e-mail""></div></td><td>Northern Province</td><td>Mannar</td><td><a href=""tel:023-2050394"" class=""phone-link"">023-2050394</a><div class=""phone-secondary"">023-3232602</div></td><td>Free</td></tr>",,,,
107,Base Hospital Muthur,Mental Health,Government Hospital,Free,026-2238261,,,Eastern Province,Trincomalee,Muthur,Muthur,"Muttur, Trincomalee District",Mental Health clinic,Call ahead to confirm current clinic/consultant hours,,https://www.mentalhealth.health.gov.lk/index.php?option=com_content&view=article&id=54&Itemid=213&lang=en,Government Hospitals,"<tr><td>Base Hospital Muthur<div class=""e-mail""></div></td><td>Eastern Province</td><td>Trincomalee</td><td><a href=""tel:026-2238261"" class=""phone-link"">026-2238261</a><div class=""phone-secondary""></div></td><td>Free<div> <a href=""https://www.mentalhealth.health.gov.lk/index.php?option=com_content&view=article&id=54&Itemid=213&lang=en"" class=""web-site""target=""_blank"" style=""text-decoration: none;"">Web Site  🔗</a></div></td></tr>",,,,
108,Base Hospital Nikaweratiya,Mental Health,Government Base Hospital,Free,037-2260261,037-2260682,,North Western Province,Kurunegala,Nikaweratiya,Nikaweratiya,"Base Hospital, Nikaweratiya",Mental Health clinic,Call hospital to confirm mental-health clinic/day-centre schedule,Consultant Psychiatrist / Mental Health Team,,Government Hospitals,"<tr><td>Base Hospital Nikaweratiya<div class=""e-mail""></div></td><td>North Western Province</td><td>Kurunegala</td><td><a href=""tel:037-2260261"" class=""phone-link"">037-2260261</a><div class=""phone-secondary"">037-2260682</div></td><td>Free</td></tr>",,,,
109,Base Hospital Ninthavur,Mental Health,Government,Free,067-2250061,,,Eastern Province,Ampara,Ninthavur,Ninthavur,,Mental Health clinic,,,,Government Hospitals,"<tr><td>Base Hospital Ninthavur<div class=""e-mail""></div></td><td>Eastern Province</td><td>Ampara</td><td><a href=""tel:067-2250061"" class=""phone-link"">067-2250061</a><div class=""phone-secondary""></div></td><td>Free</td></tr>",,,,
110,Base Hospital Padaviya,Mental Health,Government Base Hospital,Free,025-2253261,,,North Central Province,Anuradhapura,Padaviya,Padaviya,"Padaviya, Anuradhapura District",Mental Health clinic Mithuru Piyasa,Call ahead to confirm current clinic/consultant hours,,http://www.mentalhealth.health.gov.lk/index.php?option=com_content&view=article&id=33&Itemid=193&lang=en; https://hospitalslk.blogspot.com/2011/12/anuradhapura-district.html,Government Hospitals,"<tr><td>Base Hospital Padaviya<div class=""e-mail""></div></td><td>North Central Province</td><td>Anuradhapura</td><td><a href=""tel:025-2253261"" class=""phone-link"">025-2253261</a><div class=""phone-secondary""></div></td><td>Free<div> <a href=""http://www.mentalhealth.health.gov.lk/index.php?option=com_content&view=article&id=33&Itemid=193&lang=en; https://hospitalslk.blogspot.com/2011/12/anuradhapura-district.html"" class=""web-site""target=""_blank"" style=""text-decoration: none;"">Web Site  🔗</a></div></td></tr>",,,,
111,Base Hospital Panadura,Mental Health,Government Base Hospital,Free,038-2232261,,,Western Province,Kalutara,Panadura,Panadura,"Base Hospital, Panadura",Mental Health clinic,Call to confirm,Consultant Psychiatrist listed by Directorate of Mental Health,,Government Hospitals,"<tr><td>Base Hospital Panadura<div class=""e-mail""></div></td><td>Western Province</td><td>Kalutara</td><td><a href=""tel:038-2232261"" class=""phone-link"">038-2232261</a><div class=""phone-secondary""></div></td><td>Free</td></tr>",,,,
112,Base Hospital Pimbura,Mental Health,Government Base Hospital,Free,034-2244461,,,Western Province,Kalutara,Agalawatta,Agalawatta,"Base Hospital, Pimbura",Mental Health clinic,Call to confirm,,,Government Hospitals,"<tr><td>Base Hospital Pimbura<div class=""e-mail""></div></td><td>Western Province</td><td>Kalutara</td><td><a href=""tel:034-2244461"" class=""phone-link"">034-2244461</a><div class=""phone-secondary""></div></td><td>Free</td></tr>",,,,
113,Base Hospital Point Pedro,Mental Health,Government Base Hospital,Free,021-2263261,021-2263262,planningunitbasehospital@gmail.com,Northern Province,Jaffna,Point Pedro,Point Pedro,"Base Hospital, Point Pedro",Psychiatry Inward facilities Mental Health clinic Day care Mithuru Piyasa,Call ahead to confirm current clinic/consultant hours,,,Government Hospitals,"<tr><td>Base Hospital Point Pedro<div class=""e-mail"">planningunitbasehospital@gmail.com</div></td><td>Northern Province</td><td>Jaffna</td><td><a href=""tel:021-2263261"" class=""phone-link"">021-2263261</a><div class=""phone-secondary"">021-2263262</div></td><td>Free</td></tr>",,,,
114,Base Hospital Pottuvil,Mental Health,Government,Free,063-2248061,,,Eastern Province,Ampara,Pottuvil,Pottuvil,,Mental Health clinic Mithuru Piyasa,,,,Government Hospitals,"<tr><td>Base Hospital Pottuvil<div class=""e-mail""></div></td><td>Eastern Province</td><td>Ampara</td><td><a href=""tel:063-2248061"" class=""phone-link"">063-2248061</a><div class=""phone-secondary""></div></td><td>Free</td></tr>",,,,
115,Base Hospital Puthukkudiyiruppu,Mental Health,Government Hospital,Free,021-2061660,021-2061661,,Northern Province,Mullaitivu,Puthukkudiyiruppu,Puthukkudiyiruppu,"Puthukudiyiruppu, Mullaitivu District",Mental Health clinic,Call ahead to confirm current clinic/consultant hours,,,Government Hospitals,"<tr><td>Base Hospital Puthukkudiyiruppu<div class=""e-mail""></div></td><td>Northern Province</td><td>Mullaitivu</td><td><a href=""tel:021-2061660"" class=""phone-link"">021-2061660</a><div class=""phone-secondary"">021-2061661</div></td><td>Free</td></tr>",,,,
116,Base Hospital Puttalam,Mental Health,Government Base Hospital,Free,032-2265261,,,North Western Province,Puttalam,Puttalam,Puttalam,"Puttalam, Puttalam District",Mental Health clinic,Call ahead to confirm current clinic/consultant hours,,https://www.mentalhealth.health.gov.lk/index.php?option=com_content&view=article&id=52&Itemid=211&lang=en; https://rdhsputtalam.yolasite.com/institutions-informations.php,Government Hospitals,"<tr><td>Base Hospital Puttalam<div class=""e-mail""></div></td><td>North Western Province</td><td>Puttalam</td><td><a href=""tel:032-2265261"" class=""phone-link"">032-2265261</a><div class=""phone-secondary""></div></td><td>Free<div> <a href=""https://www.mentalhealth.health.gov.lk/index.php?option=com_content&view=article&id=52&Itemid=211&lang=en; https://rdhsputtalam.yolasite.com/institutions-informations.php"" class=""web-site""target=""_blank"" style=""text-decoration: none;"">Web Site  🔗</a></div></td></tr>",,,,
117,Base Hospital Sammanthurai,Mental Health,Government Hospital,Free,067-2260261,063-2050007,,Eastern Province,Ampara,Sammanthurai,Sammanthurai,"Senarathpura, Ampara District",Mental Health clinic Mithuru Piyasa,Call ahead to confirm current clinic/consultant hours,,,Government Hospitals,"<tr><td>Base Hospital Sammanthurai<div class=""e-mail""></div></td><td>Eastern Province</td><td>Ampara</td><td><a href=""tel:067-2260261"" class=""phone-link"">067-2260261</a><div class=""phone-secondary"">063-2050007</div></td><td>Free</td></tr>",,,,
118,Base Hospital Siyambalanduwa,Mental Health,Government Hospital,Free,055-2279460,055-3632604,,Uva Province,Monaragala,Siyambalanduwa,Siyambalanduwa,"Siyambalanduwa, Monaragala District",Mental Health clinic,Call ahead to confirm current clinic/consultant hours,,,Government Hospitals,"<tr><td>Base Hospital Siyambalanduwa<div class=""e-mail""></div></td><td>Uva Province</td><td>Monaragala</td><td><a href=""tel:055-2279460"" class=""phone-link"">055-2279460</a><div class=""phone-secondary"">055-3632604</div></td><td>Free</td></tr>",,,,
119,Base Hospital Tangalle,Mental Health,Government Base Hospital,Free,047-2240261,,,Southern Province,Hambantota,Galle,Tangalle,"Tangalle, Hambantota District",Mental Health clinic (Manu Suwa Piyasa) Mithuru Piyasa,Call ahead to confirm current clinic/consultant hours,,,Government Hospitals,"<tr><td>Base Hospital Tangalle<div class=""e-mail""></div></td><td>Southern Province</td><td>Hambantota</td><td><a href=""tel:047-2240261"" class=""phone-link"">047-2240261</a><div class=""phone-secondary""></div></td><td>Free</td></tr>",,,,
120,Base Hospital Tellipalai,Mental Health + Rehabilitation,Government Base Hospital,Free,021-2059227,021-2243799; 021-2059228,b.t.tellipalai@gmail.com,Northern Province,Jaffna,Tellipalai,Tellipalai,"Base Hospital, Tellipalai",Psychiatry Inward Facilities Mental Health clinic Residential rehabilitation,Call to confirm clinic/inpatient access,Mental Health Team,,Government Hospitals,"<tr><td>Base Hospital Tellipalai<div class=""e-mail"">b.t.tellipalai@gmail.com</div></td><td>Northern Province</td><td>Jaffna</td><td><a href=""tel:021-2059227"" class=""phone-link"">021-2059227</a><div class=""phone-secondary"">021-2243799; 021-2059228</div></td><td>Free</td></tr>",,,,
121,Base Hospital Thambuththegama,Mental Health,Government Base Hospital,Free,025-2276262,,,North Central Province,Anuradhapura,Thambuththegama,Thambuththegama,"Thambuththegama, Anuradhapura District",Mental Health clinic Mithuru Piyasa,Call ahead to confirm current clinic/consultant hours,,http://www.mentalhealth.health.gov.lk/index.php?option=com_content&view=article&id=33&Itemid=193&lang=en; https://hospitalslk.blogspot.com/2011/12/anuradhapura-district.html,Government Hospitals,"<tr><td>Base Hospital Thambuththegama<div class=""e-mail""></div></td><td>North Central Province</td><td>Anuradhapura</td><td><a href=""tel:025-2276262"" class=""phone-link"">025-2276262</a><div class=""phone-secondary""></div></td><td>Free<div> <a href=""http://www.mentalhealth.health.gov.lk/index.php?option=com_content&view=article&id=33&Itemid=193&lang=en; https://hospitalslk.blogspot.com/2011/12/anuradhapura-district.html"" class=""web-site""target=""_blank"" style=""text-decoration: none;"">Web Site  🔗</a></div></td></tr>",,,,
122,Base Hospital Thirukkovil,Mental Health,Government,Free,067-2265061,,,Eastern Province,Ampara,Thirukkovil,Thirukkovil,,Mental Health clinic,,,,Government Hospitals,"<tr><td>Base Hospital Thirukkovil<div class=""e-mail""></div></td><td>Eastern Province</td><td>Ampara</td><td><a href=""tel:067-2265061"" class=""phone-link"">067-2265061</a><div class=""phone-secondary""></div></td><td>Free</td></tr>",,,,
123,Base Hospital Tissamaharama,Mental Health,Government Base Hospital,Free,047-2237261,,,Southern Province,Hambantota,Tissamaharama,Tissamaharama,"Tissamaharama, Hambantota District",Mental Health clinic (Sahana Piyasa),Call ahead to confirm current clinic/consultant hours,,,Government Hospitals,"<tr><td>Base Hospital Tissamaharama<div class=""e-mail""></div></td><td>Southern Province</td><td>Hambantota</td><td><a href=""tel:047-2237261"" class=""phone-link"">047-2237261</a><div class=""phone-secondary""></div></td><td>Free</td></tr>",,,,
124,Base Hospital Udugama,Mental Health,Government Base Hospital,Free,091-2285061,091-3927278,,Southern Province,Galle,Nagoda,Nagoda,"Udugama, Galle District",Mental Health clinic,Call ahead to confirm current clinic/consultant hours,,,Government Hospitals,"<tr><td>Base Hospital Udugama<div class=""e-mail""></div></td><td>Southern Province</td><td>Galle</td><td><a href=""tel:091-2285061"" class=""phone-link"">091-2285061</a><div class=""phone-secondary"">091-3927278</div></td><td>Free</td></tr>",,,,
125,Base Hospital Valachchenai,Mental Health,Government Base Hospital,Free,065-2257721,065-3657613,,Eastern Province,Batticaloa,Valachchenai,Valachchenai,"Valaichchenai, Batticaloa District",Psychiatry Inward facilities Mental Health clinic Mithuru Piyasa,Call ahead to confirm current clinic hours,,https://www.mentalhealth.health.gov.lk/index.php?option=com_content&view=article&id=35&Itemid=195&lang=en,Government Hospitals,"<tr><td>Base Hospital Valachchenai<div class=""e-mail""></div></td><td>Eastern Province</td><td>Batticaloa</td><td><a href=""tel:065-2257721"" class=""phone-link"">065-2257721</a><div class=""phone-secondary"">065-3657613</div></td><td>Free<div> <a href=""https://www.mentalhealth.health.gov.lk/index.php?option=com_content&view=article&id=35&Itemid=195&lang=en"" class=""web-site""target=""_blank"" style=""text-decoration: none;"">Web Site  🔗</a></div></td></tr>",,,,
126,Base Hospital Walasmulla,Mental Health,Government Base Hospital,Free,047-2245261,,,Southern Province,Hambantota,Walasmulla,Walasmulla,"Walasmulla, Hambantota District",Mental Health clinic,Call ahead to confirm current clinic/consultant hours,,,Government Hospitals,"<tr><td>Base Hospital Walasmulla<div class=""e-mail""></div></td><td>Southern Province</td><td>Hambantota</td><td><a href=""tel:047-2245261"" class=""phone-link"">047-2245261</a><div class=""phone-secondary""></div></td><td>Free</td></tr>",,,,
127,Base Hospital Warakapola,Mental Health,Government Hospital,Free,035-2267261,,,Sabaragamuwa Province,Kegalle,Warakapola,Warakapola,"Warakapola, Kegalle District",Mental Health clinic Mithuru Piyasa,Call ahead to confirm current clinic/consultant hours,,https://www.mentalhealth.health.gov.lk/index.php?option=com_content&view=article&id=43:kegalle-district&catid=18&Itemid=202&lang=en; http://www.kegalle.dist.gov.lk/index.php/en/aboutus/15-government-service-centers/18-hospitals.html,Government Hospitals,"<tr><td>Base Hospital Warakapola<div class=""e-mail""></div></td><td>Sabaragamuwa Province</td><td>Kegalle</td><td><a href=""tel:035-2267261"" class=""phone-link"">035-2267261</a><div class=""phone-secondary""></div></td><td>Free<div> <a href=""https://www.mentalhealth.health.gov.lk/index.php?option=com_content&view=article&id=43:kegalle-district&catid=18&Itemid=202&lang=en; http://www.kegalle.dist.gov.lk/index.php/en/aboutus/15-government-service-centers/18-hospitals.html"" class=""web-site""target=""_blank"" style=""text-decoration: none;"">Web Site  🔗</a></div></td></tr>",,,,
128,Base Hospital Wathupitiwala,Mental Health + Child Mental Health,Government Base Hospital,Free,033-2280261,033-2280262,,Western Province,Gampaha,Attanagalla,Attanagalla,"Wathupitiwala, Gampaha District",Mental Health clinic Mithuru Piyasa Yowun Piyasa,Call ahead to confirm current clinic/consultant hours,,,Government Hospitals,"<tr><td>Base Hospital Wathupitiwala<div class=""e-mail""></div></td><td>Western Province</td><td>Gampaha</td><td><a href=""tel:033-2280261"" class=""phone-link"">033-2280261</a><div class=""phone-secondary"">033-2280262</div></td><td>Free</td></tr>",,,,
129,Base Hospital Welikanda,Mental Health,Government Base Hospital,Free,027-2259426,,,North Central Province,Polonnaruwa,Welikanda,Welikanda,"Base Hospital, Welikanda",Mental Health clinic,Call ahead to confirm current clinic hours,,,Government Hospitals,"<tr><td>Base Hospital Welikanda<div class=""e-mail""></div></td><td>North Central Province</td><td>Polonnaruwa</td><td><a href=""tel:027-2259426"" class=""phone-link"">027-2259426</a><div class=""phone-secondary""></div></td><td>Free</td></tr>",,,,
130,Base Hospital Welimada,Mental Health,Government Base Hospital (Type B),Free,057-2245161,,basehospital.welimada@gmail.com,Uva Province,Badulla,Welimada,Welimada,Welimada,Mental Health clinic Mithuru Piyasa,Typical government clinic hours ~8am-4pm; ETU 24h,Medical Officers / visiting consultants,,Government Hospitals,"<tr><td>Base Hospital Welimada<div class=""e-mail"">basehospital.welimada@gmail.com</div></td><td>Uva Province</td><td>Badulla</td><td><a href=""tel:057-2245161"" class=""phone-link"">057-2245161</a><div class=""phone-secondary""></div></td><td>Free</td></tr>",,,,
131,Base Hospital Wellawaya,Mental Health,Government Hospital,Free,055-2274861,,,Uva Province,Monaragala,Wellawaya,Wellawaya,"Wellawaya, Monaragala District",Mental Health clinic,Call ahead to confirm current clinic/consultant hours,,,Government Hospitals,"<tr><td>Base Hospital Wellawaya<div class=""e-mail""></div></td><td>Uva Province</td><td>Monaragala</td><td><a href=""tel:055-2274861"" class=""phone-link"">055-2274861</a><div class=""phone-secondary""></div></td><td>Free</td></tr>",,,,
132,Bathel Children Boys’ Home,Child Protection / Counseling,Government,Free,065-2258032,,,Eastern Province,Batticaloa,Valaichenai,Valaichenai,,Residential care,,,,Children Homes & Care Services,"<tr><td>Bathel Children Boys’ Home<div class=""e-mail""></div></td><td>Eastern Province</td><td>Batticaloa</td><td><a href=""tel:065-2258032"" class=""phone-link"">065-2258032</a><div class=""phone-secondary""></div></td><td>Free</td></tr>",,,,
133,Bathel Children Girls’ Home,Child Protection / Counseling,Government,Free,065-2258033,,,Eastern Province,Batticaloa,Valaichenai,Valaichenai,,Residential care,,,,Children Homes & Care Services,"<tr><td>Bathel Children Girls’ Home<div class=""e-mail""></div></td><td>Eastern Province</td><td>Batticaloa</td><td><a href=""tel:065-2258033"" class=""phone-link"">065-2258033</a><div class=""phone-secondary""></div></td><td>Free</td></tr>",,,,
134,Bathshalom Child Development Centre,Counseling + Rehabilitation + Child Mental Health,NGO,Free,081-2354033,,,Central Province,Kandy,Gampola,Gampola,,Residential care Counselling Rehabilitation,,,,Children Homes & Care Services,"<tr><td>Bathshalom Child Development Centre<div class=""e-mail""></div></td><td>Central Province</td><td>Kandy</td><td><a href=""tel:081-2354033"" class=""phone-link"">081-2354033</a><div class=""phone-secondary""></div></td><td>Free</td></tr>",,,,
135,Batticaloa Safe House,Child Protection / Counseling,Government,Free,065-4929441,065-2222376,,Eastern Province,Batticaloa,Batticaloa,Batticaloa,"Teaching Hospital, Batticaloa",Residential care,,Consultant Psychiatrist / Mental Health Team,,Children Homes & Care Services,"<tr><td>Batticaloa Safe House<div class=""e-mail""></div></td><td>Eastern Province</td><td>Batticaloa</td><td><a href=""tel:065-4929441"" class=""phone-link"">065-4929441</a><div class=""phone-secondary"">065-2222376</div></td><td>Free</td></tr>",,,,
136,Berendina Development Services Limited,Mental Health,Government,Free,011-4380830,052-2222966,info@berendina.org,Western Province,Colombo,Nawala,Nawala,"Regional Director of Health Services, Nuwara Eliya",Awareness programme,Weekday office hours (confirm),Medical Officer of Mental Health,https://berendina.org/bds-about-us/,Non-Governmental Organizations,"<tr><td>Berendina Development Services Limited<div class=""e-mail"">info@berendina.org</div></td><td>Western Province</td><td>Colombo</td><td><a href=""tel:011-4380830"" class=""phone-link"">011-4380830</a><div class=""phone-secondary"">052-2222966</div></td><td>Free<div> <a href=""https://berendina.org/bds-about-us/"" class=""web-site""target=""_blank"" style=""text-decoration: none;"">Web Site  🔗</a></div></td></tr>",,,,
137,Bethani Sanhida Child Development Centre,Mental Health,Government,Free,071-4461399,,,Western Province,Colombo,Moratuwa,Moratuwa,8/1 M.J.C. Fernando Mawatha Moratuwa,Residential care,,,https://www.bridgeofhearts.lk/facility/bethany-childrens-home-moratuwa,Non-Governmental Organizations,"<tr><td>Bethani Sanhida Child Development Centre<div class=""e-mail""></div></td><td>Western Province</td><td>Colombo</td><td><a href=""tel:071-4461399"" class=""phone-link"">071-4461399</a><div class=""phone-secondary""></div></td><td>Free<div> <a href=""https://www.bridgeofhearts.lk/facility/bethany-childrens-home-moratuwa"" class=""web-site""target=""_blank"" style=""text-decoration: none;"">Web Site  🔗</a></div></td></tr>",,,,
138,Bhagyawantha Mariya Margareetha Child Development Centre,Child Protection / Counseling,Private,Paid,011-2232403,,,Western Province,Gampaha,Ja-Ela,Ja-Ela,,Residential care,,,,Children Homes & Care Services,"<tr><td>Bhagyawantha Mariya Margareetha Child Development Centre<div class=""e-mail""></div></td><td>Western Province</td><td>Gampaha</td><td><a href=""tel:011-2232403"" class=""phone-link"">011-2232403</a><div class=""phone-secondary""></div></td><td>Paid</td></tr>",,,,
139,Bhakthiwedantha Child Development Centre,Child Protection / Counseling,Private,Paid,011-2948398,,,Western Province,Gampaha,Wattala,Wattala,,Residential care,,,,Children Homes & Care Services,"<tr><td>Bhakthiwedantha Child Development Centre<div class=""e-mail""></div></td><td>Western Province</td><td>Gampaha</td><td><a href=""tel:011-2948398"" class=""phone-link"">011-2948398</a><div class=""phone-secondary""></div></td><td>Paid</td></tr>",,,,
140,Bibiladeniya Children Home,Child Protection / Counseling,Government,Free,032-2257039,,,North Western Province,Kurunegala,Udubaddawa,Udubaddawa,,Residential care,,,,Children Homes & Care Services,"<tr><td>Bibiladeniya Children Home<div class=""e-mail""></div></td><td>North Western Province</td><td>Kurunegala</td><td><a href=""tel:032-2257039"" class=""phone-link"">032-2257039</a><div class=""phone-secondary""></div></td><td>Free</td></tr>",,,,
141,Bodhiraja Children’s Home,Child Protection / Counseling,Private,Paid,047-4923203,,,Sabaragamuwa Province,Ratnapura,Embilipitiya,Embilipitiya,,Residential care,,,,Children Homes & Care Services,"<tr><td>Bodhiraja Children’s Home<div class=""e-mail""></div></td><td>Sabaragamuwa Province</td><td>Ratnapura</td><td><a href=""tel:047-4923203"" class=""phone-link"">047-4923203</a><div class=""phone-secondary""></div></td><td>Paid</td></tr>",,,,
142,Bodhiraja Children’s Village,Child Protection / Counseling,Government,Free,035-2265436,,,Sabaragamuwa Province,Kegalle,Rambukkana,Rambukkana,,Residential care,,,,Children Homes & Care Services,"<tr><td>Bodhiraja Children’s Village<div class=""e-mail""></div></td><td>Sabaragamuwa Province</td><td>Kegalle</td><td><a href=""tel:035-2265436"" class=""phone-link"">035-2265436</a><div class=""phone-secondary""></div></td><td>Free</td></tr>",,,,
143,Bope-Poddala Sarana Swashakthi Sanvidhanaya,Counseling + Rehabilitation,Government,Free,091-2234670,,,Southern Province,Galle,Bope-Poddala,Bope-Poddala,,Rehabilitation Counselling,,,,Non-Governmental Organizations,"<tr><td>Bope-Poddala Sarana Swashakthi Sanvidhanaya<div class=""e-mail""></div></td><td>Southern Province</td><td>Galle</td><td><a href=""tel:091-2234670"" class=""phone-link"">091-2234670</a><div class=""phone-secondary""></div></td><td>Free</td></tr>",,,,
144,Bosath Balika Children’s Home,Child Protection / Counseling,Government,Free,025-4939389,,,North Central Province,Polonnaruwa,Hingurakgoda,Hingurakgoda,,Residential care,,,,Children Homes & Care Services,"<tr><td>Bosath Balika Children’s Home<div class=""e-mail""></div></td><td>North Central Province</td><td>Polonnaruwa</td><td><a href=""tel:025-4939389"" class=""phone-link"">025-4939389</a><div class=""phone-secondary""></div></td><td>Free</td></tr>",,,,
145,Boys’ Child Development Centre of Child Protection Association,Mental Health,Government,Free,,,,Western Province,Colombo,Maharagama,Maharagama,213 Pamunuwa Road Maharagama,Residential care,,,,Non-Governmental Organizations,"<tr><td>Boys’ Child Development Centre of Child Protection Association<div class=""e-mail""></div></td><td>Western Province</td><td>Colombo</td><td><a href=""tel:"" class=""phone-link""></a><div class=""phone-secondary""></div></td><td>Free</td></tr>",,,,
146,Bright Child Development Centre,Child Protection / Counseling,Private,Paid,024-5613979,,,Northern Province,Vavuniya,Vavuniya,Vavuniya,,Residential care,,,,Children Homes & Care Services,"<tr><td>Bright Child Development Centre<div class=""e-mail""></div></td><td>Northern Province</td><td>Vavuniya</td><td><a href=""tel:024-5613979"" class=""phone-link"">024-5613979</a><div class=""phone-secondary""></div></td><td>Paid</td></tr>",,,,
147,Brothers of Charity services of Sri Lanka (FL.27704 2001,Mental Health + Rehabilitation,Government,Free,067-2223747,063-2222990,planning@hsampara.ep.gov.lk,Eastern Province,Ampara,Kalmunai North,Kalmunai North,"RDHS Office, Dharmapala Mawatha, Ampara",Mental health rehabilitation,Weekday office hours (confirm),Medical Officer / Mental Health Focal Point,,Non-Governmental Organizations,"<tr><td>Brothers of Charity services of Sri Lanka (FL.27704 2001<div class=""e-mail"">planning@hsampara.ep.gov.lk</div></td><td>Eastern Province</td><td>Ampara</td><td><a href=""tel:067-2223747"" class=""phone-link"">067-2223747</a><div class=""phone-secondary"">063-2222990</div></td><td>Free</td></tr>",,,,
148,Buddha Jayanthi Children’s Home,Child Protection / Counseling,Government,Free,035-2222868,,,Sabaragamuwa Province,Kegalle,Kegalle,Kegalle,,Residential care,,,,Children Homes & Care Services,"<tr><td>Buddha Jayanthi Children’s Home<div class=""e-mail""></div></td><td>Sabaragamuwa Province</td><td>Kegalle</td><td><a href=""tel:035-2222868"" class=""phone-link"">035-2222868</a><div class=""phone-secondary""></div></td><td>Free</td></tr>",,,,
149,Buddhist Boys Child Development Centre,Child Protection / Counseling,Private,Paid,033-2221165,,,Western Province,Gampaha,Gampaha,Gampaha,,Residential care,,,,Children Homes & Care Services,"<tr><td>Buddhist Boys Child Development Centre<div class=""e-mail""></div></td><td>Western Province</td><td>Gampaha</td><td><a href=""tel:033-2221165"" class=""phone-link"">033-2221165</a><div class=""phone-secondary""></div></td><td>Paid</td></tr>",,,,
150,Buddhist Boys’ Child Development Centre,Rehabilitation + Child Mental Health,Private,Paid,066-2222330,,,Central Province,Matale,Matale,Matale,,Residential care Rehabilitation,,,,Children Homes & Care Services,"<tr><td>Buddhist Boys’ Child Development Centre<div class=""e-mail""></div></td><td>Central Province</td><td>Matale</td><td><a href=""tel:066-2222330"" class=""phone-link"">066-2222330</a><div class=""phone-secondary""></div></td><td>Paid</td></tr>",,,,
151,Buddhist Children’s Home,Child Protection / Counseling,Private,Paid,045-2221586,,,Sabaragamuwa Province,Ratnapura,Ratnapura,Ratnapura,,Residential care,,,,Children Homes & Care Services,"<tr><td>Buddhist Children’s Home<div class=""e-mail""></div></td><td>Sabaragamuwa Province</td><td>Ratnapura</td><td><a href=""tel:045-2221586"" class=""phone-link"">045-2221586</a><div class=""phone-secondary""></div></td><td>Paid</td></tr>",,,,
152,Buddhist Girls Home,Child Protection / Counseling,Private,Paid,041-2226139,,,Southern Province,Matara,Matara,Matara,,Residential care Free of charge,,,,Children Homes & Care Services,"<tr><td>Buddhist Girls Home<div class=""e-mail""></div></td><td>Southern Province</td><td>Matara</td><td><a href=""tel:041-2226139"" class=""phone-link"">041-2226139</a><div class=""phone-secondary""></div></td><td>Paid</td></tr>",,,,
153,Buddhist Ladies Child Development Centre,Child Protection / Counseling,Private,Paid,033-2227462,,,Western Province,Gampaha,Gampaha,Gampaha,,Residential care,,,,Children Homes & Care Services,"<tr><td>Buddhist Ladies Child Development Centre<div class=""e-mail""></div></td><td>Western Province</td><td>Gampaha</td><td><a href=""tel:033-2227462"" class=""phone-link"">033-2227462</a><div class=""phone-secondary""></div></td><td>Paid</td></tr>",,,,
154,C.S.I. Child Development Centre,Child Protection / Counseling,NGO,Free,,,,Central Province,Nuwara Eliya,Nuwara Eliya,Nuwara Eliya,4/1 Abepura Kalukelewaththa Nuwara Eliya,Residential care,,,,Children Homes & Care Services,"<tr><td>C.S.I. Child Development Centre<div class=""e-mail""></div></td><td>Central Province</td><td>Nuwara Eliya</td><td><a href=""tel:"" class=""phone-link""></a><div class=""phone-secondary""></div></td><td>Free</td></tr>",,,,
155,Camila School (5-14 years boys and girls,Child Protection / Counseling,Government,Free,011-2845467,,,Western Province,Colombo,Homagama,Homagama,,Residential care for Physically Disabled and Mentally Retarded Children,,,,Non-Governmental Organizations,"<tr><td>Camila School (5-14 years boys and girls<div class=""e-mail""></div></td><td>Western Province</td><td>Colombo</td><td><a href=""tel:011-2845467"" class=""phone-link"">011-2845467</a><div class=""phone-secondary""></div></td><td>Free</td></tr>",,,,
156,Candela Hospital / Channel Center - Kegalle,Mental Health / Private Channeling,Private Hospital / Channel Centre,Paid,035-2222999,,,Sabaragamuwa Province,Kegalle,Kegalle,Kegalle,"No. 297/1, Kandy-Colombo Road, Kegalle 71000",Psychiatrist channeling; private hospital/channeling services,Psychiatry by appointment,Visiting Psychiatrist,https://www.echannelling.com/doctor-search/D12337,,"<tr><td>Candela Hospital / Channel Center - Kegalle<div class=""e-mail""></div></td><td>Sabaragamuwa Province</td><td>Kegalle</td><td><a href=""tel:035-2222999"" class=""phone-link"">035-2222999</a><div class=""phone-secondary""></div></td><td>Paid<div> <a href=""https://www.echannelling.com/doctor-search/D12337"" class=""web-site""target=""_blank"" style=""text-decoration: none;"">Web Site  🔗</a></div></td></tr>",,,,
157,CCC Foundation Helpline,Counseling,NGO,Free,1333,011-2692909,info@1333.lk,National,Island wide,Island wide,,National,Counseling; suicide prevention hotline,24/7,Trained counselors,,Courage Compassion Commitment Foundation,"<tr><td>CCC Foundation Helpline<div class=""e-mail"">info@1333.lk</div></td><td>National</td><td>Island wide</td><td><a href=""tel:1333"" class=""phone-link"">1333</a><div class=""phone-secondary"">011-2692909</div></td><td>Free</td></tr>",,,,
158,CCC Line - Suicide Prevention Hotline,Mental Health Crisis Support,National Helpline,Free,1333,,info@1333.lk,National,Island wide,Island-wide,National,Sri Lanka,Suicide prevention hotline,24-Jul,Counsellors,,"Toll free, 3 languages","<tr><td>CCC Line - Suicide Prevention Hotline<div class=""e-mail"">info@1333.lk</div></td><td>National</td><td>Island wide</td><td><a href=""tel:1333"" class=""phone-link"">1333</a><div class=""phone-secondary""></div></td><td>Free</td></tr>",,,,
159,CCCline 1333,Counseling / Crisis Support,Nonprofit Helpline,Free,1333,,,National,Island wide,Island wide,Island-wide access,,"24/7 confidential crisis and emotional support in Sinhala, Tamil and English",24-Jul,,https://www.1333.lk/,,"<tr><td>CCCline 1333<div class=""e-mail""></div></td><td>National</td><td>Island wide</td><td><a href=""tel:1333"" class=""phone-link"">1333</a><div class=""phone-secondary""></div></td><td>Free<div> <a href=""https://www.1333.lk/"" class=""web-site""target=""_blank"" style=""text-decoration: none;"">Web Site  🔗</a></div></td></tr>",,,,
160,Central Hospital Badulla (Private),General + Possible MH Channeling,Private Hospital,Paid,055-2220165,055-2222164; 055-7700100; 055-7700119,,Uva Province,Badulla,Badulla,Badulla,"No. 45, Bandarawela Road, Badulla",General medical & surgical; Channeling services (may include visiting psychiatrists – check current); 24hr facility,24 hours; Channeling as scheduled via numbers above,Visiting consultants (check eChannelling / Doc.lk for current psychiatrists),,Private paid option. Confirm current psychiatrist availability before referring.,"<tr><td>Central Hospital Badulla (Private)<div class=""e-mail""></div></td><td>Uva Province</td><td>Badulla</td><td><a href=""tel:055-2220165"" class=""phone-link"">055-2220165</a><div class=""phone-secondary"">055-2222164; 055-7700100; 055-7700119</div></td><td>Paid</td></tr>",,,,
161,Centre for Community Development,Counseling,Government,Free,,,,Central Province,Nuwara Eliya,Ambagamuwa,Ambagamuwa,225 TC Housing Scheme Pundaluoya,Psychosocial support,,,,Non-Governmental Organizations,"<tr><td>Centre for Community Development<div class=""e-mail""></div></td><td>Central Province</td><td>Nuwara Eliya</td><td><a href=""tel:"" class=""phone-link""></a><div class=""phone-secondary""></div></td><td>Free</td></tr>",,,,
162,CERI Sri Lanka,Child Protection / Counseling,Online Service,Free,,,https://lgbtqiacounseling.com/contact-us/,Eastern Province,Batticaloa,Batticaloa,Batticaloa,56 Thamaraikeni Road Batticaloa,Child Development Child Rights,,,https://www.lgbtqiacounseling.com/sri-lanka/,Non-Governmental Organizations,"<tr><td>CERI Sri Lanka<div class=""e-mail"">https://lgbtqiacounseling.com/contact-us/</div></td><td>Eastern Province</td><td>Batticaloa</td><td><a href=""tel:"" class=""phone-link""></a><div class=""phone-secondary""></div></td><td>Free<div> <a href=""https://www.lgbtqiacounseling.com/sri-lanka/"" class=""web-site""target=""_blank"" style=""text-decoration: none;"">Web Site  🔗</a></div></td></tr>",,,,
163,Certified School,Child Protection / Counseling,Government,Free,025-2054993,,,North Central Province,Anuradhapura,Kekirawa,Kekirawa,,Residential care,,,,Children Homes & Care Services,"<tr><td>Certified School<div class=""e-mail""></div></td><td>North Central Province</td><td>Anuradhapura</td><td><a href=""tel:025-2054993"" class=""phone-link"">025-2054993</a><div class=""phone-secondary""></div></td><td>Free</td></tr>",,,,
164,Certified School,Child Protection / Counseling,Government,Free,091-2277607,091-4936733,,Southern Province,Galle,Hikkaduwa,Hikkaduwa,,Residential care,,,,Children Homes & Care Services,"<tr><td>Certified School<div class=""e-mail""></div></td><td>Southern Province</td><td>Galle</td><td><a href=""tel:091-2277607"" class=""phone-link"">091-2277607</a><div class=""phone-secondary"">091-4936733</div></td><td>Free</td></tr>",,,,
165,Certified School,Child Protection / Counseling,Government,Free,057-4933141,,,Uva Province,Badulla,Welimada,Welimada,,Residential care,,,,Children Homes & Care Services,"<tr><td>Certified School<div class=""e-mail""></div></td><td>Uva Province</td><td>Badulla</td><td><a href=""tel:057-4933141"" class=""phone-link"">057-4933141</a><div class=""phone-secondary""></div></td><td>Free</td></tr>",,,,
166,Ceylon Fellowship of Service,Mental Health,Government,Free,011-2930447,,,Western Province,Gampaha,Wattala,Wattala,,Disability care,,,,Non-Governmental Organizations,"<tr><td>Ceylon Fellowship of Service<div class=""e-mail""></div></td><td>Western Province</td><td>Gampaha</td><td><a href=""tel:011-2930447"" class=""phone-link"">011-2930447</a><div class=""phone-secondary""></div></td><td>Free</td></tr>",,,,
167,Ceymed Healthcare Services - Trincomalee,Private Healthcare / Referral,Private Medical Centre,Paid,026-4595444,,,Eastern Province,Trincomalee,Trincomalee,,"Trincomalee, Trincomalee District",Private specialist channeling; verify psychiatrist availability before referral,Call ahead to confirm current clinic/consultant hours,,https://www.echannelling.com/doctor-search?hospital_code=H75,,"<tr><td>Ceymed Healthcare Services - Trincomalee<div class=""e-mail""></div></td><td>Eastern Province</td><td>Trincomalee</td><td><a href=""tel:026-4595444"" class=""phone-link"">026-4595444</a><div class=""phone-secondary""></div></td><td>Paid<div> <a href=""https://www.echannelling.com/doctor-search?hospital_code=H75"" class=""web-site""target=""_blank"" style=""text-decoration: none;"">Web Site  🔗</a></div></td></tr>",,,,
168,Charles Ranasinghe Memorial Society,Elder Care,Government,Free,011-2178790,,,Western Province,Colombo,Maharagama,Maharagama,,Residential care,,,,Elders' Homes & Care Services,"<tr><td>Charles Ranasinghe Memorial Society<div class=""e-mail""></div></td><td>Western Province</td><td>Colombo</td><td><a href=""tel:011-2178790"" class=""phone-link"">011-2178790</a><div class=""phone-secondary""></div></td><td>Free</td></tr>",,,,
169,Child Action Lanka,Mental Health,Government,Free,052-2224362,,,Central Province,Nuwara Eliya,Nuwara Eliya,Nuwara Eliya,,Day care Education,,,,Non-Governmental Organizations,"<tr><td>Child Action Lanka<div class=""e-mail""></div></td><td>Central Province</td><td>Nuwara Eliya</td><td><a href=""tel:052-2224362"" class=""phone-link"">052-2224362</a><div class=""phone-secondary""></div></td><td>Free</td></tr>",,,,
170,Child Action Lanka,Child Protection / Counseling,Private,Paid,011-5357381,,,Western Province,Gampaha,Biyagama,Biyagama,,Education child protection Health and nutrition,,,,Children Homes & Care Services,"<tr><td>Child Action Lanka<div class=""e-mail""></div></td><td>Western Province</td><td>Gampaha</td><td><a href=""tel:011-5357381"" class=""phone-link"">011-5357381</a><div class=""phone-secondary""></div></td><td>Paid</td></tr>",,,,
171,Child Action Lanka Child Development Centre,Child Protection / Counseling,Government,Free,011-2690832,,childaction@sltnet.lk,Western Province,Colombo,Colombo,Colombo,"20, Shady Grove Avenue, Colombo 08",Residential care,,,,Children Homes & Care Services,"<tr><td>Child Action Lanka Child Development Centre<div class=""e-mail"">childaction@sltnet.lk</div></td><td>Western Province</td><td>Colombo</td><td><a href=""tel:011-2690832"" class=""phone-link"">011-2690832</a><div class=""phone-secondary""></div></td><td>Free</td></tr>",,,,
172,Child Action Lanka Child Development Centre,Child Protection / Counseling,Government,Free,011-2690832,,childaction@sltnet.lk,Central Province,Nuwara Eliya,Kandy,Katukelle,"37, Lakedrive, Katukelle, Kandy",Residential care,,,,Children Homes & Care Services,"<tr><td>Child Action Lanka Child Development Centre<div class=""e-mail"">childaction@sltnet.lk</div></td><td>Central Province</td><td>Nuwara Eliya</td><td><a href=""tel:011-2690832"" class=""phone-link"">011-2690832</a><div class=""phone-secondary""></div></td><td>Free</td></tr>",,,,
173,Child Adolescent & Family Services,Mental Health,Government,Free,011-7446919,,,Western Province,Colombo,Kesbewa,Kesbewa,,Psychological support services,,,,Non-Governmental Organizations,"<tr><td>Child Adolescent & Family Services<div class=""e-mail""></div></td><td>Western Province</td><td>Colombo</td><td><a href=""tel:011-7446919"" class=""phone-link"">011-7446919</a><div class=""phone-secondary""></div></td><td>Free</td></tr>",,,,
174,Child Detention Home,Counseling + Rehabilitation + Child Mental Health,NGO,Free,081-2316885,,,Central Province,Kandy,Udapalatha,Udapalatha,,Residential care Counselling Rehabilitation,,,,Children Homes & Care Services,"<tr><td>Child Detention Home<div class=""e-mail""></div></td><td>Central Province</td><td>Kandy</td><td><a href=""tel:081-2316885"" class=""phone-link"">081-2316885</a><div class=""phone-secondary""></div></td><td>Free</td></tr>",,,,
175,Child Guidance Centre (CGC) (3months to 14 years,Mental Health,Government,Free,011-2746801,,,Western Province,Colombo,Maharagama,Maharagama,,Residential care,,,,Non-Governmental Organizations,"<tr><td>Child Guidance Centre (CGC) (3months to 14 years<div class=""e-mail""></div></td><td>Western Province</td><td>Colombo</td><td><a href=""tel:011-2746801"" class=""phone-link"">011-2746801</a><div class=""phone-secondary""></div></td><td>Free</td></tr>",,,,
176,Child Probation Office,Mental Health,Government,Free,041-2223277,,,Southern Province,Matara,Matara,Matara,,Helplines,,,,Other Government Institutions,"<tr><td>Child Probation Office<div class=""e-mail""></div></td><td>Southern Province</td><td>Matara</td><td><a href=""tel:041-2223277"" class=""phone-link"">041-2223277</a><div class=""phone-secondary""></div></td><td>Free</td></tr>",,,,
177,Children and Women’s Bureau Desk,Counseling,Government,Free,035-2222222,,,Sabaragamuwa Province,Kegalle,Kegalle,Kegalle,,Counselling Referring,,,,Other Government Institutions,"<tr><td>Children and Women’s Bureau Desk<div class=""e-mail""></div></td><td>Sabaragamuwa Province</td><td>Kegalle</td><td><a href=""tel:035-2222222"" class=""phone-link"">035-2222222</a><div class=""phone-secondary""></div></td><td>Free</td></tr>",,,,
178,Children and Women’s Bureau Desk at Police,Child Protection / Counseling,Government,Free,021-2285467,,,Northern Province,Kilinochchi,Kilinochchi,Kilinochchi,,Child and Women development support Coordination,,,,Other Government Institutions,"<tr><td>Children and Women’s Bureau Desk at Police<div class=""e-mail""></div></td><td>Northern Province</td><td>Kilinochchi</td><td><a href=""tel:021-2285467"" class=""phone-link"">021-2285467</a><div class=""phone-secondary""></div></td><td>Free</td></tr>",,,,
179,Children Home Prithipura (Registered -,Child Protection / Counseling,Private,Paid,011-2930635,,,Western Province,Gampaha,Wattala,Wattala,,Residential care for disabled children,,,,Children Homes & Care Services,"<tr><td>Children Home Prithipura (Registered -<div class=""e-mail""></div></td><td>Western Province</td><td>Gampaha</td><td><a href=""tel:011-2930635"" class=""phone-link"">011-2930635</a><div class=""phone-secondary""></div></td><td>Paid</td></tr>",,,,
180,Children of Joy Home Child Development Centre,Child Protection / Counseling,Private,Paid,,,,Western Province,Gampaha,Wattala,Wattala,612/6 Mabola Wattala,Residential care,,,,Children Homes & Care Services,"<tr><td>Children of Joy Home Child Development Centre<div class=""e-mail""></div></td><td>Western Province</td><td>Gampaha</td><td><a href=""tel:"" class=""phone-link""></a><div class=""phone-secondary""></div></td><td>Paid</td></tr>",,,,
181,Children’s and Women’s Bureau Desk,Counseling,Government,Free,025-2225919,,,North Central Province,Anuradhapura,Nuwaragam Palatha East Anuradhapura,Nuwaragam Palatha East Anuradhapura,,Counselling,,,,Other Government Institutions,"<tr><td>Children’s and Women’s Bureau Desk<div class=""e-mail""></div></td><td>North Central Province</td><td>Anuradhapura</td><td><a href=""tel:025-2225919"" class=""phone-link"">025-2225919</a><div class=""phone-secondary""></div></td><td>Free</td></tr>",,,,
182,Children's Corner Children Home,Child Protection / Counseling,Government,Free,,,,Southern Province,Galle,Ambalangoda,Ambalangoda,Ronnaduwa Meetiyagoda,Residential care,,,,Children Homes & Care Services,"<tr><td>Children's Corner Children Home<div class=""e-mail""></div></td><td>Southern Province</td><td>Galle</td><td><a href=""tel:"" class=""phone-link""></a><div class=""phone-secondary""></div></td><td>Free</td></tr>",,,,
183,Christhu Shanthi Child Development Centre,Child Protection / Counseling,Private,Paid,031-2241769,,,Western Province,Gampaha,Katana,Katana,,Residential care,,,,Children Homes & Care Services,"<tr><td>Christhu Shanthi Child Development Centre<div class=""e-mail""></div></td><td>Western Province</td><td>Gampaha</td><td><a href=""tel:031-2241769"" class=""phone-link"">031-2241769</a><div class=""phone-secondary""></div></td><td>Paid</td></tr>",,,,
184,Chrysalis (FL.170112,Mental Health,Government,Free,021-4927520,,,Northern Province,Kilinochchi,Kilinochchi,Kilinochchi,,Women empowerment,,,,Non-Governmental Organizations,"<tr><td>Chrysalis (FL.170112<div class=""e-mail""></div></td><td>Northern Province</td><td>Kilinochchi</td><td><a href=""tel:021-4927520"" class=""phone-link"">021-4927520</a><div class=""phone-secondary""></div></td><td>Free</td></tr>",,,,
185,Community & Child Development Federation,Child Protection / Counseling,NGO,Free,,,,Central Province,Nuwara Eliya,Walapane,Walapane,Brook Side Road Maha Uwa Liyanwela,Child development,,,,Children Homes & Care Services,"<tr><td>Community & Child Development Federation<div class=""e-mail""></div></td><td>Central Province</td><td>Nuwara Eliya</td><td><a href=""tel:"" class=""phone-link""></a><div class=""phone-secondary""></div></td><td>Free</td></tr>",,,,
186,Community Based Correction Department,Counseling,Government,Free,065-2258544,,,Eastern Province,Batticaloa,Valaichenai and Vaharai,Valaichenai and Vaharai,,"Counselling for drug abused (Individual, Group & Family) Social welfare",,,,Other Government Institutions,"<tr><td>Community Based Correction Department<div class=""e-mail""></div></td><td>Eastern Province</td><td>Batticaloa</td><td><a href=""tel:065-2258544"" class=""phone-link"">065-2258544</a><div class=""phone-secondary""></div></td><td>Free</td></tr>",,,,
187,Community Based Correction Department,Counseling + Rehabilitation,Government,Free,021-2283733,,,Northern Province,Kilinochchi,Kilinochchi,Kilinochchi,,Counselling Alcohol rehabilitation support,,,,Other Government Institutions,"<tr><td>Community Based Correction Department<div class=""e-mail""></div></td><td>Northern Province</td><td>Kilinochchi</td><td><a href=""tel:021-2283733"" class=""phone-link"">021-2283733</a><div class=""phone-secondary""></div></td><td>Free</td></tr>",,,,
188,Community Based Correction Department,Counseling,Government,Free,024-2228021,,,Northern Province,Vavuniya,Vavuniya,Vavuniya,,Counselling,,,,Other Government Institutions,"<tr><td>Community Based Correction Department<div class=""e-mail""></div></td><td>Northern Province</td><td>Vavuniya</td><td><a href=""tel:024-2228021"" class=""phone-link"">024-2228021</a><div class=""phone-secondary""></div></td><td>Free</td></tr>",,,,
189,Community Based Correction Department,Counseling,Government,Free,041-2233208,,,Southern Province,Matara,Matara,Matara,,Counselling,,,,Other Government Institutions,"<tr><td>Community Based Correction Department<div class=""e-mail""></div></td><td>Southern Province</td><td>Matara</td><td><a href=""tel:041-2233208"" class=""phone-link"">041-2233208</a><div class=""phone-secondary""></div></td><td>Free</td></tr>",,,,
190,Community Based Correction Regional Office Akkaraipattu,Mental Health,Government,Free,067-2057510,,,Eastern Province,Ampara,Alayadivembu,Alayadivembu,,De addiction,,,,Other Government Institutions,"<tr><td>Community Based Correction Regional Office Akkaraipattu<div class=""e-mail""></div></td><td>Eastern Province</td><td>Ampara</td><td><a href=""tel:067-2057510"" class=""phone-link"">067-2057510</a><div class=""phone-secondary""></div></td><td>Free</td></tr>",,,,
191,Community Based Correction Regional Office Ampara,Counseling,Government,Free,063-1111478,063-2222990,planning@hsampara.ep.gov.lk,Eastern Province,Ampara,Ampara,Ampara,"RDHS Office, Dharmapala Mawatha, Ampara","De addiction Counselling (Individual, Family & Group) Legal related support",Weekday office hours (confirm),Medical Officer / Mental Health Focal Point,,Other Government Institutions,"<tr><td>Community Based Correction Regional Office Ampara<div class=""e-mail"">planning@hsampara.ep.gov.lk</div></td><td>Eastern Province</td><td>Ampara</td><td><a href=""tel:063-1111478"" class=""phone-link"">063-1111478</a><div class=""phone-secondary"">063-2222990</div></td><td>Free</td></tr>",,,,
192,Community Based Correction Regional Office Kalmunai,Mental Health,Government,Free,067-2226915,,stdclinic.kalmunai@gmail.com,Eastern Province,Ampara,Kalmunai North,Kalmunai North,"STD Clinic, Base Hospital, Kalmunai",De addiction,Call clinic to confirm current hours,STD Clinic Team,,Other Government Institutions,"<tr><td>Community Based Correction Regional Office Kalmunai<div class=""e-mail"">stdclinic.kalmunai@gmail.com</div></td><td>Eastern Province</td><td>Ampara</td><td><a href=""tel:067-2226915"" class=""phone-link"">067-2226915</a><div class=""phone-secondary""></div></td><td>Free</td></tr>",,,,
193,Community Based Correctional Center,Rehabilitation,Government,Free,035-4677525,,,Sabaragamuwa Province,Kegalle,Warakapola,Warakapola,,Treatment Rehabilitation,,,,Other Government Institutions,"<tr><td>Community Based Correctional Center<div class=""e-mail""></div></td><td>Sabaragamuwa Province</td><td>Kegalle</td><td><a href=""tel:035-4677525"" class=""phone-link"">035-4677525</a><div class=""phone-secondary""></div></td><td>Free</td></tr>",,,,
194,Community Correction Office Sammanthurai,Mental Health,Government,Free,067-2051120,,,Eastern Province,Ampara,Sammanthurai,Sammanthurai,,De addiction,,,,Other Government Institutions,"<tr><td>Community Correction Office Sammanthurai<div class=""e-mail""></div></td><td>Eastern Province</td><td>Ampara</td><td><a href=""tel:067-2051120"" class=""phone-link"">067-2051120</a><div class=""phone-secondary""></div></td><td>Free</td></tr>",,,,
195,"Consumer & Carer Associations (PGH Badulla, BH Diyatalawa, BH Welimada)",Peer Support / Mental Health,Consumer / Carer Groups,Free,,,,Uva Province,Badulla,Badulla / Diyatalawa / Welimada,Various,Based at listed hospitals,"Peer support, rehabilitation, outpatient support, lived-experience input",As organized by associations,Service users and carers,,Valuable for co-designing PFA content with lived experience.,"<tr><td>Consumer & Carer Associations (PGH Badulla, BH Diyatalawa, BH Welimada)<div class=""e-mail""></div></td><td>Uva Province</td><td>Badulla</td><td><a href=""tel:"" class=""phone-link""></a><div class=""phone-secondary""></div></td><td>Free</td></tr>",,,,
196,Consumer and Caregiver Association Mahaoya,Mental Health,Government,Free,063-2050007,,,Eastern Province,Ampara,Mahaoya,Mahaoya,,Social inclusion Development opportunities,,,,Non-Governmental Organizations,"<tr><td>Consumer and Caregiver Association Mahaoya<div class=""e-mail""></div></td><td>Eastern Province</td><td>Ampara</td><td><a href=""tel:063-2050007"" class=""phone-link"">063-2050007</a><div class=""phone-secondary""></div></td><td>Free</td></tr>",,,,
197,Consumer and Caregiver Association Padiyathalawa,Mental Health,Government,Free,063-2246061,,,Eastern Province,Ampara,Padiyathalawa,Padiyathalawa,,Social inclusion Development opportunities,,,,Non-Governmental Organizations,"<tr><td>Consumer and Caregiver Association Padiyathalawa<div class=""e-mail""></div></td><td>Eastern Province</td><td>Ampara</td><td><a href=""tel:063-2246061"" class=""phone-link"">063-2246061</a><div class=""phone-secondary""></div></td><td>Free</td></tr>",,,,
198,Consumer Forum,Rehabilitation,Government,Free,,,,Uva Province,Badulla,Badulla,Badulla,Divisional Hospital Bandarawela Base Hospital Diyatalawa,Rehabilitation Out patients,As organized by associations,Service users and carers,,Other Government Institutions,"<tr><td>Consumer Forum<div class=""e-mail""></div></td><td>Uva Province</td><td>Badulla</td><td><a href=""tel:"" class=""phone-link""></a><div class=""phone-secondary""></div></td><td>Free</td></tr>",,,,
199,Co-operative Hospital - Kurunegala,Private Healthcare / Referral,Private Hospital / Channel Centre,Paid,037-2232242,,,North Western Province,Kurunegala,Kurunegala,Kurunegala,"Colombo Road, Kurunegala",Private hospital/channeling services; call to verify current psychiatrist or counseling availability,Call ahead to confirm current clinic/consultant hours,,,Current institution/contact listed by Kurunegala Divisional Secretariat: http://kurunegala.ds.gov.lk/index.php/en/hospitals.html. Dedicated psychiatry availability not independently confirmed.,"<tr><td>Co-operative Hospital - Kurunegala<div class=""e-mail""></div></td><td>North Western Province</td><td>Kurunegala</td><td><a href=""tel:037-2232242"" class=""phone-link"">037-2232242</a><div class=""phone-secondary""></div></td><td>Paid</td></tr>",,,,
200,Counselling Centre Monaragala,Counseling,Government,Free,055-3567222,055-2276826; 055-2276700,stdclinic.monaragala@gmail.com,Uva Province,Monaragala,Monaragala,Monaragala,"STD Clinic, District General Hospital, Monaragala",Counselling,Mon-Fri 8:00am-4:00pm; Sat 8:00am-12:00pm,Venereology / STD Clinic Team,,Other Government Institutions,"<tr><td>Counselling Centre Monaragala<div class=""e-mail"">stdclinic.monaragala@gmail.com</div></td><td>Uva Province</td><td>Monaragala</td><td><a href=""tel:055-3567222"" class=""phone-link"">055-3567222</a><div class=""phone-secondary"">055-2276826; 055-2276700</div></td><td>Free</td></tr>",,,,
201,Counselling Division Ministry of Finance,Counseling,Government,Free,026-2222235,026-2220028,,Eastern Province,Trincomalee,Trincomalee Town & Gravets,Trincomalee Town & Gravets,,"Counselling (Individual, Family & Group)",,,,Other Government Institutions,"<tr><td>Counselling Division Ministry of Finance<div class=""e-mail""></div></td><td>Eastern Province</td><td>Trincomalee</td><td><a href=""tel:026-2222235"" class=""phone-link"">026-2222235</a><div class=""phone-secondary"">026-2220028</div></td><td>Free</td></tr>",,,,
202,"Crippled Children’s Aid Association of Sri Lanka, Sewana Children Home",Mental Health,Government,Free,011-2852571,,,Western Province,Colombo,"Sri Jayawardenepura, Kotte","Sri Jayawardenepura, Kotte",389 Pita Kotte,Residential care,,,,Non-Governmental Organizations,"<tr><td>Crippled Children’s Aid Association of Sri Lanka, Sewana Children Home<div class=""e-mail""></div></td><td>Western Province</td><td>Colombo</td><td><a href=""tel:011-2852571"" class=""phone-link"">011-2852571</a><div class=""phone-secondary""></div></td><td>Free</td></tr>",,,,
203,Cross Over Child Development Society,Child Protection / Counseling,NGO,Free,,,,Central Province,Nuwara Eliya,Nuwara Eliya,Nuwara Eliya,317 DMCC Road Dikoya,Education,,,,Children Homes & Care Services,"<tr><td>Cross Over Child Development Society<div class=""e-mail""></div></td><td>Central Province</td><td>Nuwara Eliya</td><td><a href=""tel:"" class=""phone-link""></a><div class=""phone-secondary""></div></td><td>Free</td></tr>",,,,
204,D. P. Wijesinghe Girls',Child Protection / Counseling,Government,Free,034-2272197,,,Southern Province,Galle,Bentota,Bentota,,Residential care,,,,Children Homes & Care Services,"<tr><td>D. P. Wijesinghe Girls'<div class=""e-mail""></div></td><td>Southern Province</td><td>Galle</td><td><a href=""tel:034-2272197"" class=""phone-link"">034-2272197</a><div class=""phone-secondary""></div></td><td>Free</td></tr>",,,,
205,D. Samarathunga Senior Citizen Ladies Home (Voluntary organization,Elder Care,Government,Free,045-2223476,,,Sabaragamuwa Province,Ratnapura,Ratnapura,Ratnapura,,Residential care,,,,Elders' Homes & Care Services,"<tr><td>D. Samarathunga Senior Citizen Ladies Home (Voluntary organization<div class=""e-mail""></div></td><td>Sabaragamuwa Province</td><td>Ratnapura</td><td><a href=""tel:045-2223476"" class=""phone-link"">045-2223476</a><div class=""phone-secondary""></div></td><td>Free</td></tr>",,,,
206,D.E.A. Child Development Centre,Child Protection / Counseling,Private,Paid,033-2284263,,,Western Province,Gampaha,Mirigama,Mirigama,,Residential care,,,,Children Homes & Care Services,"<tr><td>D.E.A. Child Development Centre<div class=""e-mail""></div></td><td>Western Province</td><td>Gampaha</td><td><a href=""tel:033-2284263"" class=""phone-link"">033-2284263</a><div class=""phone-secondary""></div></td><td>Paid</td></tr>",,,,
207,Daarul Hasanath Children’s Home,Child Protection / Counseling,Government,Free,035-2257533,,,Sabaragamuwa Province,Kegalle,Mawanella,Mawanella,,Residential care,,,,Children Homes & Care Services,"<tr><td>Daarul Hasanath Children’s Home<div class=""e-mail""></div></td><td>Sabaragamuwa Province</td><td>Kegalle</td><td><a href=""tel:035-2257533"" class=""phone-link"">035-2257533</a><div class=""phone-secondary""></div></td><td>Free</td></tr>",,,,
208,Damrivi Foundation,Counseling,Government,Free,011-2504431,,,Western Province,Colombo,Thimbirigasyaya,Thimbirigasyaya,,Counselling,,,,Non-Governmental Organizations,"<tr><td>Damrivi Foundation<div class=""e-mail""></div></td><td>Western Province</td><td>Colombo</td><td><a href=""tel:011-2504431"" class=""phone-link"">011-2504431</a><div class=""phone-secondary""></div></td><td>Free</td></tr>",,,,
209,Darmachakra Child Development Centre,Child Protection / Counseling,Government,Free,,,,Western Province,Kalutara,Kalutara,Kalutara,Rerukana Veedagama Bandaragama,Residential care,,,,Children Homes & Care Services,"<tr><td>Darmachakra Child Development Centre<div class=""e-mail""></div></td><td>Western Province</td><td>Kalutara</td><td><a href=""tel:"" class=""phone-link""></a><div class=""phone-secondary""></div></td><td>Free</td></tr>",,,,
210,Darmapala Ashramaya (FL153516,Counseling,Government,Free,,,,Western Province,Gampaha,Mahara,Mahara,261/D/1 Weboda South Weboda,Counselling and religious activities,,,,Non-Governmental Organizations,"<tr><td>Darmapala Ashramaya (FL153516<div class=""e-mail""></div></td><td>Western Province</td><td>Gampaha</td><td><a href=""tel:"" class=""phone-link""></a><div class=""phone-secondary""></div></td><td>Free</td></tr>",,,,
211,Darul Aitham Child Development Centre - Free of charge,Child Protection / Counseling,Private,Paid,,,,Western Province,Kalutara,Kalutara,Kalutara,3/10/B Saviya Avenue Mahagoda Beruwala,Residential care,,,,Children Homes & Care Services,"<tr><td>Darul Aitham Child Development Centre - Free of charge<div class=""e-mail""></div></td><td>Western Province</td><td>Kalutara</td><td><a href=""tel:"" class=""phone-link""></a><div class=""phone-secondary""></div></td><td>Paid</td></tr>",,,,
212,Dayamina Day Care Centre (Girls & Boys/ above 14yrs,Mental Health,Government,Free,011-2834633,,,Western Province,Colombo,Sri Jayawardenepura Kotte,Sri Jayawardenepura Kotte,,Residential care,,,,Non-Governmental Organizations,"<tr><td>Dayamina Day Care Centre (Girls & Boys/ above 14yrs<div class=""e-mail""></div></td><td>Western Province</td><td>Colombo</td><td><a href=""tel:011-2834633"" class=""phone-link"">011-2834633</a><div class=""phone-secondary""></div></td><td>Free</td></tr>",,,,
213,Dayawe Niwasaya,Elder Care,Government,Free,011-2522893,,,Western Province,Colombo,Colombo,Colombo,,Residential care,,,,Elders' Homes & Care Services,"<tr><td>Dayawe Niwasaya<div class=""e-mail""></div></td><td>Western Province</td><td>Colombo</td><td><a href=""tel:011-2522893"" class=""phone-link"">011-2522893</a><div class=""phone-secondary""></div></td><td>Free</td></tr>",,,,
214,Dedunu Child Development Centre,Child Protection / Counseling,Government,Free,,,,Western Province,Kalutara,Kalutara,Kalutara,Gahalakolamulla Wattha Kalawila Beruwala,Residential care,,,,Children Homes & Care Services,"<tr><td>Dedunu Child Development Centre<div class=""e-mail""></div></td><td>Western Province</td><td>Kalutara</td><td><a href=""tel:"" class=""phone-link""></a><div class=""phone-secondary""></div></td><td>Free</td></tr>",,,,
215,Department of Child care and Probation,Counseling,Government,Free,055-3550470,055-2231209,,Uva Province,Badulla,Badulla,Badulla,,Counselling,,,,Other Government Institutions,"<tr><td>Department of Child care and Probation<div class=""e-mail""></div></td><td>Uva Province</td><td>Badulla</td><td><a href=""tel:055-3550470"" class=""phone-link"">055-3550470</a><div class=""phone-secondary"">055-2231209</div></td><td>Free</td></tr>",,,,
216,Department of Probation and Child care service,Counseling,Government,Free,021-2228321,,pccsnp@gmail.com,Northern Province,Kilinochchi,Kilinochchi,Kilinochchi,,Counselling Coordination,,,,Other Government Institutions,"<tr><td>Department of Probation and Child care service<div class=""e-mail"">pccsnp@gmail.com</div></td><td>Northern Province</td><td>Kilinochchi</td><td><a href=""tel:021-2228321"" class=""phone-link"">021-2228321</a><div class=""phone-secondary""></div></td><td>Free</td></tr>",,,,
217,Department of Probation and Child care service,Counseling + Rehabilitation,Government,Free,025-4928619,025-2222570,,North Central Province,Anuradhapura,Nuwaragam Palatha East Anuradhapura,Nuwaragam Palatha East Anuradhapura,,Counselling Out-patient rehabilitation,,,,Other Government Institutions,"<tr><td>Department of Probation and Child care service<div class=""e-mail""></div></td><td>North Central Province</td><td>Anuradhapura</td><td><a href=""tel:025-4928619"" class=""phone-link"">025-4928619</a><div class=""phone-secondary"">025-2222570</div></td><td>Free</td></tr>",,,,
218,Department of Probation and Child Protection Services (Head Office,Child Protection / Counseling,Government,Free,011-2186062,,,Western Province,Colombo,Kaduwela,Kaduwela,,Probation and Child protection services,,,,Non-Governmental Organizations,"<tr><td>Department of Probation and Child Protection Services (Head Office<div class=""e-mail""></div></td><td>Western Province</td><td>Colombo</td><td><a href=""tel:011-2186062"" class=""phone-link"">011-2186062</a><div class=""phone-secondary""></div></td><td>Free</td></tr>",,,,
219,Department of Social Services,Counseling,Government,Free,011-2187050,011-2186275,,Western Province,Colombo,Kaduwela,Kaduwela,,Counselling Social service,,,,Other Government Institutions,"<tr><td>Department of Social Services<div class=""e-mail""></div></td><td>Western Province</td><td>Colombo</td><td><a href=""tel:011-2187050"" class=""phone-link"">011-2187050</a><div class=""phone-secondary"">011-2186275</div></td><td>Free</td></tr>",,,,
220,Department of Social services District Office,Elder Care,Government,Free,067-2278112,063-2222990,planning@hsampara.ep.gov.lk,Eastern Province,Ampara,Akkaraipattu,Akkaraipattu,"RDHS Office, Dharmapala Mawatha, Ampara",Social care Disability related services Elderly care Economical support,Weekday office hours (confirm),Medical Officer / Mental Health Focal Point,,Other Government Institutions,"<tr><td>Department of Social services District Office<div class=""e-mail"">planning@hsampara.ep.gov.lk</div></td><td>Eastern Province</td><td>Ampara</td><td><a href=""tel:067-2278112"" class=""phone-link"">067-2278112</a><div class=""phone-secondary"">063-2222990</div></td><td>Free</td></tr>",,,,
221,Department of Social Services Eastern Province,Child Protection / Counseling,Government,Free,026-2222875,,rdhstrinco@health.gov.lk,Eastern Province,Trincomalee,Trincomalee Town & Gravets,Trincomalee Town & Gravets,"Trincomalee, Trincomalee District",Monthly allowance for the Mentally Retard and children with permanent disability,Call ahead to confirm current clinic/consultant hours,,https://www.mentalhealth.health.gov.lk/index.php?option=com_content&view=article&id=54&Itemid=213&lang=en,Other Government Institutions,"<tr><td>Department of Social Services Eastern Province<div class=""e-mail"">rdhstrinco@health.gov.lk</div></td><td>Eastern Province</td><td>Trincomalee</td><td><a href=""tel:026-2222875"" class=""phone-link"">026-2222875</a><div class=""phone-secondary""></div></td><td>Free<div> <a href=""https://www.mentalhealth.health.gov.lk/index.php?option=com_content&view=article&id=54&Itemid=213&lang=en"" class=""web-site""target=""_blank"" style=""text-decoration: none;"">Web Site  🔗</a></div></td></tr>",,,,
222,Detention Centre for Boys,Child Protection / Counseling,Government,Free,036-2262257,,,Sabaragamuwa Province,Kegalle,Dehiovita,Dehiovita,,Residential care,,,,Children Homes & Care Services,"<tr><td>Detention Centre for Boys<div class=""e-mail""></div></td><td>Sabaragamuwa Province</td><td>Kegalle</td><td><a href=""tel:036-2262257"" class=""phone-link"">036-2262257</a><div class=""phone-secondary""></div></td><td>Free</td></tr>",,,,
223,Deva Anpu Children Home,Child Protection / Counseling,Private,Paid,024-4921859,,,Northern Province,Vavuniya,Vavuniya,Vavuniya,,Residential care,,,,Children Homes & Care Services,"<tr><td>Deva Anpu Children Home<div class=""e-mail""></div></td><td>Northern Province</td><td>Vavuniya</td><td><a href=""tel:024-4921859"" class=""phone-link"">024-4921859</a><div class=""phone-secondary""></div></td><td>Paid</td></tr>",,,,
224,Dharmachakra Balika Child Development Centre,Child Protection / Counseling,Private,Paid,011-2905596,,,Western Province,Gampaha,Kelaniya,Kelaniya,,Residential care,,,,Children Homes & Care Services,"<tr><td>Dharmachakra Balika Child Development Centre<div class=""e-mail""></div></td><td>Western Province</td><td>Gampaha</td><td><a href=""tel:011-2905596"" class=""phone-link"">011-2905596</a><div class=""phone-secondary""></div></td><td>Paid</td></tr>",,,,
225,Diridaru Piyasa of Miranda Hemalatha Kala Asramaya (WP/SSD/C/DH/2012/01,Rehabilitation + Elder Care,Private,Paid,038-2256073,,mhka@sltnet.lk,Western Province,Kalutara,Bandaragama,Bandaragama,,Rehabilitation for mentally retarded persons (Day centre) (Free of charge),,,,Elders' Homes & Care Services,"<tr><td>Diridaru Piyasa of Miranda Hemalatha Kala Asramaya (WP/SSD/C/DH/2012/01<div class=""e-mail"">mhka@sltnet.lk</div></td><td>Western Province</td><td>Kalutara</td><td><a href=""tel:038-2256073"" class=""phone-link"">038-2256073</a><div class=""phone-secondary""></div></td><td>Paid</td></tr>",,,,
226,Disala Child Development Centre,Child Protection / Counseling,Private,Paid,011-2071093,,,Western Province,Gampaha,Ja- Ela,Ja- Ela,,Residential care,,,,Children Homes & Care Services,"<tr><td>Disala Child Development Centre<div class=""e-mail""></div></td><td>Western Province</td><td>Gampaha</td><td><a href=""tel:011-2071093"" class=""phone-link"">011-2071093</a><div class=""phone-secondary""></div></td><td>Paid</td></tr>",,,,
227,District Base Hospital Rikillagaskada,Mental Health,Government Hospital,Free,081-2365261,081-2369261,,Central Province,Nuwara Eliya,Rikillagaskada,Rikillagaskada,"Rikillagaskada, Nuwara Eliya District",Mental Health clinic Mithuru Piyasa,Call ahead to confirm current clinic/consultant hours,,https://www.mentalhealth.health.gov.lk/index.php?option=com_content&view=article&id=51&Itemid=210&lang=en,Government Hospitals,"<tr><td>District Base Hospital Rikillagaskada<div class=""e-mail""></div></td><td>Central Province</td><td>Nuwara Eliya</td><td><a href=""tel:081-2365261"" class=""phone-link"">081-2365261</a><div class=""phone-secondary"">081-2369261</div></td><td>Free<div> <a href=""https://www.mentalhealth.health.gov.lk/index.php?option=com_content&view=article&id=51&Itemid=210&lang=en"" class=""web-site""target=""_blank"" style=""text-decoration: none;"">Web Site  🔗</a></div></td></tr>",,,,
228,District Base Hospital Theldeniya,Mental Health,Government Base Hospital,Free,081-2374055,,,Central Province,Kandy,Madadumbara,Madadumbara,"Base Hospital / Divisional Hospital, Teldeniya",Mental Health clinic Mithuru Piyasa,Call ahead to confirm current clinic/consultant hours,,,Government Hospitals,"<tr><td>District Base Hospital Theldeniya<div class=""e-mail""></div></td><td>Central Province</td><td>Kandy</td><td><a href=""tel:081-2374055"" class=""phone-link"">081-2374055</a><div class=""phone-secondary""></div></td><td>Free</td></tr>",,,,
229,District Child Protection Unit (DCPU,Counseling + Child Mental Health,Government,Free,,,,Eastern Province,Batticaloa,Batticaloa,Batticaloa,In front of Teaching Hospital Batticaloa,Psychosocial support Emergency response Counselling Child protection,,,,Children Homes & Care Services,"<tr><td>District Child Protection Unit (DCPU<div class=""e-mail""></div></td><td>Eastern Province</td><td>Batticaloa</td><td><a href=""tel:"" class=""phone-link""></a><div class=""phone-secondary""></div></td><td>Free</td></tr>",,,,
230,District General / Base Hospital - Avissawella,Mental Health,Government Hospital,Free,036-2222261,036-2222262,,Western Province,Colombo,Avissawella,Seethawaka,"Avissawella, Colombo District",Mental Health Clinic; consultant psychiatry referral,Call ahead to confirm current clinic/consultant hours,,https://www.mentalhealth.health.gov.lk/index.php?option=com_content&view=article&id=36&Itemid=196&lang=en,,"<tr><td>District General / Base Hospital - Avissawella<div class=""e-mail""></div></td><td>Western Province</td><td>Colombo</td><td><a href=""tel:036-2222261"" class=""phone-link"">036-2222261</a><div class=""phone-secondary"">036-2222262</div></td><td>Free<div> <a href=""https://www.mentalhealth.health.gov.lk/index.php?option=com_content&view=article&id=36&Itemid=196&lang=en"" class=""web-site""target=""_blank"" style=""text-decoration: none;"">Web Site  🔗</a></div></td></tr>",,,,
231,District General Hospital Ampara,Mental Health + Child Mental Health,Government District General Hospital,Free,063-2222261,063-2222262,,Eastern Province,Ampara,Ampara,Ampara,"District General Hospital, Ampara",Psychiatry Inward facilities Mental Health clinic Mithuru Piyasa Yowun Piyasa,Call ahead to confirm current clinic/consultant hours,Consultant Psychiatry Team,,Government Hospitals,"<tr><td>District General Hospital Ampara<div class=""e-mail""></div></td><td>Eastern Province</td><td>Ampara</td><td><a href=""tel:063-2222261"" class=""phone-link"">063-2222261</a><div class=""phone-secondary"">063-2222262</div></td><td>Free</td></tr>",,,,
232,District General Hospital Embilipitiya,Mental Health,Government District / Base Hospital,Free,047-2230261,047-2230994,,Sabaragamuwa Province,Ratnapura,Embilipitiya,Embilipitiya,"Embilipitiya, Ratnapura District",Mental Health clinic,Call ahead to confirm current clinic/consultant hours,,,Government Hospitals,"<tr><td>District General Hospital Embilipitiya<div class=""e-mail""></div></td><td>Sabaragamuwa Province</td><td>Ratnapura</td><td><a href=""tel:047-2230261"" class=""phone-link"">047-2230261</a><div class=""phone-secondary"">047-2230994</div></td><td>Free</td></tr>",,,,
233,District General Hospital Gampaha,Mental Health + Child Mental Health,Government District General Hospital,Free,003-3222261,033-2222262; 033-2222263; 033-2222261,,Western Province,Gampaha,Gampaha,Gampaha,"District General Hospital, Gampaha",Mental Health clinic Mithuru Piyasa Yowun Piyasa,Call ahead to confirm current clinic/consultant hours,Consultant Psychiatry / Mental Health Team,,Government Hospitals,"<tr><td>District General Hospital Gampaha<div class=""e-mail""></div></td><td>Western Province</td><td>Gampaha</td><td><a href=""tel:003-3222261"" class=""phone-link"">003-3222261</a><div class=""phone-secondary"">033-2222262; 033-2222263; 033-2222261</div></td><td>Free</td></tr>",,,,
234,District General Hospital Hambantota,Mental Health,Government District General Hospital,Free,047-2220261,047-2220261; 047-2222016,,Southern Province,Hambantota,Hambantota,Hambantota,"Hambantota, Hambantota District",Psychiatry Inward facilities Mental Health clinic Mithuru Piyasa,Call ahead to confirm current clinic/consultant hours,,,Government Hospitals,"<tr><td>District General Hospital Hambantota<div class=""e-mail""></div></td><td>Southern Province</td><td>Hambantota</td><td><a href=""tel:047-2220261"" class=""phone-link"">047-2220261</a><div class=""phone-secondary"">047-2220261; 047-2222016</div></td><td>Free</td></tr>",,,,
235,District General Hospital Kalutara,Mental Health + Child Mental Health,Government District General Hospital,Free,034-2222261,,,Western Province,Kalutara,Kalutara,Kalutara,"District General Hospital, Kalutara",Mental Health clinic Mithuru Piyasa Yowun Piyasa,Call hospital to confirm current clinic schedule,Consultant Psychiatrist listed by Directorate of Mental Health,,Government Hospitals,"<tr><td>District General Hospital Kalutara<div class=""e-mail""></div></td><td>Western Province</td><td>Kalutara</td><td><a href=""tel:034-2222261"" class=""phone-link"">034-2222261</a><div class=""phone-secondary""></div></td><td>Free</td></tr>",,,,
236,District General Hospital Kilinochchi,Mental Health,Government Hospital,Free,021-2285329,021-2285667; 021-2283729; 021-2285327,dghkoc@gmail.com,Northern Province,Kilinochchi,Kilinochchi,Karachchi,"Kilinochchi, Kilinochchi District",Psychiatry Inward facilities Mental Health clinic Mithuru Piyasa,Call ahead to confirm current clinic/consultant hours,,https://www.mentalhealth.health.gov.lk/index.php?option=com_content&view=article&id=44&Itemid=203&lang=en,Government Hospitals,"<tr><td>District General Hospital Kilinochchi<div class=""e-mail"">dghkoc@gmail.com</div></td><td>Northern Province</td><td>Kilinochchi</td><td><a href=""tel:021-2285329"" class=""phone-link"">021-2285329</a><div class=""phone-secondary"">021-2285667; 021-2283729; 021-2285327</div></td><td>Free<div> <a href=""https://www.mentalhealth.health.gov.lk/index.php?option=com_content&view=article&id=44&Itemid=203&lang=en"" class=""web-site""target=""_blank"" style=""text-decoration: none;"">Web Site  🔗</a></div></td></tr>",,,,
237,District General Hospital Mannar,Mental Health,Government Hospital,Free,023-2222261,,,Northern Province,Mannar,Mannar,Mannar,"Mannar, Mannar District",Psychiatry Inward facilities Mental Health clinic Mithuru Piyasa,Call ahead to confirm current clinic/consultant hours,,,Government Hospitals,"<tr><td>District General Hospital Mannar<div class=""e-mail""></div></td><td>Northern Province</td><td>Mannar</td><td><a href=""tel:023-2222261"" class=""phone-link"">023-2222261</a><div class=""phone-secondary""></div></td><td>Free</td></tr>",,,,
238,District General Hospital Matale,Mental Health,Government Hospital,Free,066-2222261,066-3062218; 070-2611111,,Central Province,Matale,Matale,Matale,"Matale, Matale District",Psychiatry Inward facilities Mental Health clinic Mithuru Piyasa,Call ahead to confirm current clinic/consultant hours,,https://www.mentalhealth.health.gov.lk/index.php?option=com_content&view=article&id=47&Itemid=206&lang=en,Government Hospitals,"<tr><td>District General Hospital Matale<div class=""e-mail""></div></td><td>Central Province</td><td>Matale</td><td><a href=""tel:066-2222261"" class=""phone-link"">066-2222261</a><div class=""phone-secondary"">066-3062218; 070-2611111</div></td><td>Free<div> <a href=""https://www.mentalhealth.health.gov.lk/index.php?option=com_content&view=article&id=47&Itemid=206&lang=en"" class=""web-site""target=""_blank"" style=""text-decoration: none;"">Web Site  🔗</a></div></td></tr>",,,,
239,District General Hospital Matara,Mental Health,Government District General Hospital,Free,041-2222261,041-2222262; 041-2222263,,Southern Province,Matara,Matara,Matara,"Matara, Matara District",Psychiatry Inward facilities Mental Health clinic,Call ahead to confirm current clinic/consultant hours,,https://www.mentalhealth.health.gov.lk/index.php?option=com_content&view=article&id=48&Itemid=207&lang=en ; https://lankainformation.lk/directory/health/list-of-hospitals-in-sri-lanka/matara-district,Government Hospitals,"<tr><td>District General Hospital Matara<div class=""e-mail""></div></td><td>Southern Province</td><td>Matara</td><td><a href=""tel:041-2222261"" class=""phone-link"">041-2222261</a><div class=""phone-secondary"">041-2222262; 041-2222263</div></td><td>Free<div> <a href=""https://www.mentalhealth.health.gov.lk/index.php?option=com_content&view=article&id=48&Itemid=207&lang=en ; https://lankainformation.lk/directory/health/list-of-hospitals-in-sri-lanka/matara-district"" class=""web-site""target=""_blank"" style=""text-decoration: none;"">Web Site  🔗</a></div></td></tr>",,,,
240,District General Hospital Monaragala,Mental Health,Government District General Hospital,Free,055-2276261,055-2277024,,Uva Province,Monaragala,Monaragala,Monaragala,"District General Hospital, Monaragala",Mental Health clinic,Mental-health service operates daily; main clinics/schedules should be confirmed locally,Consultant Psychiatry Team,,Government Hospitals,"<tr><td>District General Hospital Monaragala<div class=""e-mail""></div></td><td>Uva Province</td><td>Monaragala</td><td><a href=""tel:055-2276261"" class=""phone-link"">055-2276261</a><div class=""phone-secondary"">055-2277024</div></td><td>Free</td></tr>",,,,
241,District General Hospital Mullaitivu,Mental Health,Government Hospital,Free,021-2061412,,,Northern Province,Mullaitivu,Mullaitivu,Mullaitivu,"Mullaitivu, Mullaitivu District",Mental Health clinic,Call ahead to confirm current clinic/consultant hours,,,Government Hospitals,"<tr><td>District General Hospital Mullaitivu<div class=""e-mail""></div></td><td>Northern Province</td><td>Mullaitivu</td><td><a href=""tel:021-2061412"" class=""phone-link"">021-2061412</a><div class=""phone-secondary""></div></td><td>Free</td></tr>",,,,
242,District General Hospital Nawalapitiya,Mental Health,Government District General Hospital,Free,054-2222261,054-2222266; 054-2222264,,Central Province,Kandy,Pasbage,Pasbage,"District General Hospital, Nawalapitiya",Psychiatry Inward facilities Mental Health clinic Mithuru Piyasa,Call ahead to confirm current clinic/consultant hours,,,Government Hospitals,"<tr><td>District General Hospital Nawalapitiya<div class=""e-mail""></div></td><td>Central Province</td><td>Kandy</td><td><a href=""tel:054-2222261"" class=""phone-link"">054-2222261</a><div class=""phone-secondary"">054-2222266; 054-2222264</div></td><td>Free</td></tr>",,,,
243,District General Hospital Negombo,Mental Health + Child Mental Health,Government District General Hospital,Free,031-2222261,,,Western Province,Gampaha,Negombo,Negombo,"District General Hospital, Negombo",Mental Health clinic Mithuru Piyasa Yowun Piyasa,Call ahead to confirm current clinic/consultant hours,Mental Health Team,,Government Hospitals,"<tr><td>District General Hospital Negombo<div class=""e-mail""></div></td><td>Western Province</td><td>Gampaha</td><td><a href=""tel:031-2222261"" class=""phone-link"">031-2222261</a><div class=""phone-secondary""></div></td><td>Free</td></tr>",,,,
244,District General Hospital Nuwara Eliya,Mental Health,Government District General Hospital,Free,052-2222261,052-2234393,,Central Province,Nuwara Eliya,Nuwara Eliya,Nuwara Eliya,"Nuwara Eliya-Uda Pussellawa Road, Nuwara Eliya",Psychiatry Inward facilities Mental Health clinic Mithuru Piyasa,24/7 hospital services; mental-health clinic schedule confirm locally,Consultant Psychiatry Team,https://www.mentalhealth.health.gov.lk/index.php?option=com_content&view=article&id=51&Itemid=210&lang=en; https://www.healthdept.cp.gov.lk/home/about-us.html?view=article&id=57:regional-director-of-health-services-nuwara-eliya&catid=36,Government Hospitals,"<tr><td>District General Hospital Nuwara Eliya<div class=""e-mail""></div></td><td>Central Province</td><td>Nuwara Eliya</td><td><a href=""tel:052-2222261"" class=""phone-link"">052-2222261</a><div class=""phone-secondary"">052-2234393</div></td><td>Free<div> <a href=""https://www.mentalhealth.health.gov.lk/index.php?option=com_content&view=article&id=51&Itemid=210&lang=en; https://www.healthdept.cp.gov.lk/home/about-us.html?view=article&id=57:regional-director-of-health-services-nuwara-eliya&catid=36"" class=""web-site""target=""_blank"" style=""text-decoration: none;"">Web Site  🔗</a></div></td></tr>",,,,
245,District General Hospital Polonnaruwa,Mental Health,Government District General Hospital,Free,027-2222261,027-2222261; 027-2223095,,North Central Province,Polonnaruwa,Polonnaruwa,Polonnaruwa,"District General Hospital, Polonnaruwa",Psychiatry Inward facilities Mental Health clinic,Call ahead to confirm current clinic hours,Consultant Psychiatrist / Mental Health Team,,Government Hospitals,"<tr><td>District General Hospital Polonnaruwa<div class=""e-mail""></div></td><td>North Central Province</td><td>Polonnaruwa</td><td><a href=""tel:027-2222261"" class=""phone-link"">027-2222261</a><div class=""phone-secondary"">027-2222261; 027-2223095</div></td><td>Free</td></tr>",,,,
246,District General Hospital Trincomalee,Mental Health,Government Hospital,Free,026-2222260,026-2222261,,Eastern Province,Trincomalee,Trincomalee,Trincomalee Town & Gravets,"Trincomalee, Trincomalee District",Psychiatry Inward facilities Mental Health clinic Mithuru Piyasa,Call ahead to confirm current clinic/consultant hours,,https://www.mentalhealth.health.gov.lk/index.php?option=com_content&view=article&id=54&Itemid=213&lang=en,Government Hospitals,"<tr><td>District General Hospital Trincomalee<div class=""e-mail""></div></td><td>Eastern Province</td><td>Trincomalee</td><td><a href=""tel:026-2222260"" class=""phone-link"">026-2222260</a><div class=""phone-secondary"">026-2222261</div></td><td>Free<div> <a href=""https://www.mentalhealth.health.gov.lk/index.php?option=com_content&view=article&id=54&Itemid=213&lang=en"" class=""web-site""target=""_blank"" style=""text-decoration: none;"">Web Site  🔗</a></div></td></tr>",,,,
247,District General Hospital Vavuniya,Mental Health,Government Hospital,Free,024-2222761,,,Northern Province,Vavuniya,Vavuniya,Vavuniya,"Vavuniya, Vavuniya District",Mental Health clinic Mithuru Piyasa,Call ahead to confirm current clinic/consultant hours,,,Government Hospitals,"<tr><td>District General Hospital Vavuniya<div class=""e-mail""></div></td><td>Northern Province</td><td>Vavuniya</td><td><a href=""tel:024-2222761"" class=""phone-link"">024-2222761</a><div class=""phone-secondary""></div></td><td>Free</td></tr>",,,,
248,District Secretariat Ampara,Counseling,Government,Free,063-2222233,,stdclinic.ampara@gmail.com,Eastern Province,Ampara,Ampara,Ampara,"STD Clinic, District General Hospital, Ampara",Counselling Psychosocial support,Call clinic to confirm current hours,Venereology / STD Clinic Team,,Other Government Institutions,"<tr><td>District Secretariat Ampara<div class=""e-mail"">stdclinic.ampara@gmail.com</div></td><td>Eastern Province</td><td>Ampara</td><td><a href=""tel:063-2222233"" class=""phone-link"">063-2222233</a><div class=""phone-secondary""></div></td><td>Free</td></tr>",,,,
249,District Secretariat Anuradhapura,Counseling,Government,Free,025-2222559,025-2222364,stdclinic.anuradhapura@gmail.com,North Central Province,Anuradhapura,Anuradhapura,Nuwaragam Palatha East Anuradhapura,"STD Clinic, Teaching Hospital, Anuradhapura",Counselling Psychosocial support,Mon-Fri 8:00am-4:00pm; Sat 8:00am-12:00pm; confirm locally,Venereology / STD Clinic Team,,Other Government Institutions,"<tr><td>District Secretariat Anuradhapura<div class=""e-mail"">stdclinic.anuradhapura@gmail.com</div></td><td>North Central Province</td><td>Anuradhapura</td><td><a href=""tel:025-2222559"" class=""phone-link"">025-2222559</a><div class=""phone-secondary"">025-2222364</div></td><td>Free</td></tr>",,,,
250,District Secretariat Badulla,Counseling,Other Government,Free,055-2222235,,,Uva Province,Badulla,Badulla,Badulla,"District Secretariat, Badulla",Counselling Psychosocial support,Office hours (weekdays),Counselors,,Other Government Institutions,"<tr><td>District Secretariat Badulla<div class=""e-mail""></div></td><td>Uva Province</td><td>Badulla</td><td><a href=""tel:055-2222235"" class=""phone-link"">055-2222235</a><div class=""phone-secondary""></div></td><td>Free</td></tr>",,,,
251,District Secretariat Batticaloa,Counseling,Government,Free,065-2222248,,stdclinic.batticaloa@gmail.com,Eastern Province,Batticaloa,Batticaloa,Batticaloa,"STD Clinic, Teaching Hospital, Batticaloa",Counselling Psychosocial support,Mon-Fri 8:00am-4:00pm; Sat 8:00am-12:00pm; confirm locally,Medical Officer / STD Clinic Team,,Other Government Institutions,"<tr><td>District Secretariat Batticaloa<div class=""e-mail"">stdclinic.batticaloa@gmail.com</div></td><td>Eastern Province</td><td>Batticaloa</td><td><a href=""tel:065-2222248"" class=""phone-link"">065-2222248</a><div class=""phone-secondary""></div></td><td>Free</td></tr>",,,,
252,District Secretariat Colombo,Counseling,Government,Free,011-2369134,011-2693510,,Western Province,Colombo,Colombo,Thimbirigasyaya,"National Hospital of Sri Lanka, Colombo 10",Counselling Psychosocial support,24/7 hospital emergency; psychiatry clinic schedule confirm locally,Consultant Psychiatry Team,https://www.mentalhealth.health.gov.lk/index.php?option=com_content&view=article&id=36&Itemid=196&lang=en; https://nhsl.health.gov.lk/web/index.php?option=com_foxcontact&view=foxcontact&Itemid=213&lang=en,Other Government Institutions,"<tr><td>District Secretariat Colombo<div class=""e-mail""></div></td><td>Western Province</td><td>Colombo</td><td><a href=""tel:011-2369134"" class=""phone-link"">011-2369134</a><div class=""phone-secondary"">011-2693510</div></td><td>Free<div> <a href=""https://www.mentalhealth.health.gov.lk/index.php?option=com_content&view=article&id=36&Itemid=196&lang=en; https://nhsl.health.gov.lk/web/index.php?option=com_foxcontact&view=foxcontact&Itemid=213&lang=en"" class=""web-site""target=""_blank"" style=""text-decoration: none;"">Web Site  🔗</a></div></td></tr>",,,,
253,District Secretariat Galle,Counseling,Government,Free,091-2222989,091-2232675,info@asiri.lk,Southern Province,Galle,Galle,Galle,"No. 10, Wakwella Road, Galle",Counselling,24-hour emergency; psychiatry/channeling by appointment,Visiting psychiatrists / specialists,,Other Government Institutions,"<tr><td>District Secretariat Galle<div class=""e-mail"">info@asiri.lk</div></td><td>Southern Province</td><td>Galle</td><td><a href=""tel:091-2222989"" class=""phone-link"">091-2222989</a><div class=""phone-secondary"">091-2232675</div></td><td>Free</td></tr>",,,,
254,District Secretariat Gampaha,Counseling,Government,Free,033-2222235,,,Western Province,Gampaha,Gampaha,Gampaha,"STD Clinic, District General Hospital / Base Hospital, Gampaha",Counselling Psychosocial support,Mon-Fri 8:00am-4:00pm; Sat 8:00am-12:00pm; confirm locally,Venereology / STD Clinic Team,,Other Government Institutions,"<tr><td>District Secretariat Gampaha<div class=""e-mail""></div></td><td>Western Province</td><td>Gampaha</td><td><a href=""tel:033-2222235"" class=""phone-link"">033-2222235</a><div class=""phone-secondary""></div></td><td>Free</td></tr>",,,,
255,District Secretariat Kalutara,Counseling,Government,Free,034-2222235,,stdclinic.kalutara@gmail.com,Western Province,Kalutara,Kalutara,Kalutara,"STD Clinic, District General Hospital, Kalutara",Counselling Psychosocial support,Call to confirm current clinic hours,Venereology / medical officer team,,Other Government Institutions,"<tr><td>District Secretariat Kalutara<div class=""e-mail"">stdclinic.kalutara@gmail.com</div></td><td>Western Province</td><td>Kalutara</td><td><a href=""tel:034-2222235"" class=""phone-link"">034-2222235</a><div class=""phone-secondary""></div></td><td>Free</td></tr>",,,,
256,District Secretariat Kandy,Counseling,Government,Free,081-2222233,,info@asiri.lk,Central Province,Kandy,Kandy,Kandy Municipal Council (KMC),"No. 907, Peradeniya Road, Kandy",Counselling Psychosocial support,24-hour emergency; psychiatry by appointment,Visiting psychiatrists / counselors,,Other Government Institutions,"<tr><td>District Secretariat Kandy<div class=""e-mail"">info@asiri.lk</div></td><td>Central Province</td><td>Kandy</td><td><a href=""tel:081-2222233"" class=""phone-link"">081-2222233</a><div class=""phone-secondary""></div></td><td>Free</td></tr>",,,,
257,District Secretariat Kegalle,Counseling,Government,Free,035-2222235,,stdclinic.kegalle@gmail.com,Sabaragamuwa Province,Kegalle,Kegalle,Kegalle,"STD Clinic, District General/Teaching Hospital, Kegalle",Counselling Psychosocial support,Call clinic to confirm current hours,Venereology / STD Clinic Team,,Other Government Institutions,"<tr><td>District Secretariat Kegalle<div class=""e-mail"">stdclinic.kegalle@gmail.com</div></td><td>Sabaragamuwa Province</td><td>Kegalle</td><td><a href=""tel:035-2222235"" class=""phone-link"">035-2222235</a><div class=""phone-secondary""></div></td><td>Free</td></tr>",,,,
258,District Secretariat Kilinochchi,Counseling,Government,Free,021-2283945,021-2285329,stdclinic.kilinochchi@gmail.com,Northern Province,Kilinochchi,Kilinochchi,Kilinochchi,"Kilinochchi, Kilinochchi District",Counselling Psychosocial support,Call ahead to confirm current clinic/consultant hours,,,Other Government Institutions,"<tr><td>District Secretariat Kilinochchi<div class=""e-mail"">stdclinic.kilinochchi@gmail.com</div></td><td>Northern Province</td><td>Kilinochchi</td><td><a href=""tel:021-2283945"" class=""phone-link"">021-2283945</a><div class=""phone-secondary"">021-2285329</div></td><td>Free</td></tr>",,,,
259,District Secretariat Mannar,Counseling,Government,Free,023-2251238,,,Northern Province,Mannar,Mannar,Mannar,"Talaimannar, Mannar District",Counselling Psychosocial support,Call ahead to confirm current clinic/consultant hours,,,Other Government Institutions,"<tr><td>District Secretariat Mannar<div class=""e-mail""></div></td><td>Northern Province</td><td>Mannar</td><td><a href=""tel:023-2251238"" class=""phone-link"">023-2251238</a><div class=""phone-secondary""></div></td><td>Free</td></tr>",,,,
260,District Secretariat Matale,Counseling,Government,Free,066-2222233,,stdclinic.matale@gmail.com,Central Province,Matale,Matale,Matale,"Matale, Matale District",Counselling,Call ahead to confirm current clinic/consultant hours,,,Other Government Institutions,"<tr><td>District Secretariat Matale<div class=""e-mail"">stdclinic.matale@gmail.com</div></td><td>Central Province</td><td>Matale</td><td><a href=""tel:066-2222233"" class=""phone-link"">066-2222233</a><div class=""phone-secondary""></div></td><td>Free</td></tr>",,,,
261,District Secretariat Matara,Counseling,Government,Free,041-2222235,041-4390840,infoasirimatara@asiri.lk,Southern Province,Matara,Matara,Matara,"Matara, Matara District",Counselling Psychosocial support Coordination services,Call ahead to confirm current clinic/consultant hours,,https://www.doc.lk/channel/5676,Other Government Institutions,"<tr><td>District Secretariat Matara<div class=""e-mail"">infoasirimatara@asiri.lk</div></td><td>Southern Province</td><td>Matara</td><td><a href=""tel:041-2222235"" class=""phone-link"">041-2222235</a><div class=""phone-secondary"">041-4390840</div></td><td>Free<div> <a href=""https://www.doc.lk/channel/5676"" class=""web-site""target=""_blank"" style=""text-decoration: none;"">Web Site  🔗</a></div></td></tr>",,,,
262,District Secretariat Monaragala,Counseling,Government,Free,055-2276234,055-2276826; 055-2276700,stdclinic.monaragala@gmail.com,Uva Province,Monaragala,Monaragala,Monaragala,"STD Clinic, District General Hospital, Monaragala",Counselling Psychosocial support,Mon-Fri 8:00am-4:00pm; Sat 8:00am-12:00pm,Venereology / STD Clinic Team,,Other Government Institutions,"<tr><td>District Secretariat Monaragala<div class=""e-mail"">stdclinic.monaragala@gmail.com</div></td><td>Uva Province</td><td>Monaragala</td><td><a href=""tel:055-2276234"" class=""phone-link"">055-2276234</a><div class=""phone-secondary"">055-2276826; 055-2276700</div></td><td>Free</td></tr>",,,,
263,District Secretariat Nuwara Eliya,Counseling,Government,Free,052-2222233,052-2222261,stdclinic.nuwaraeliya@gmail.com,Central Province,Nuwara Eliya,Nuwara Eliya,Nuwara Eliya,"STD Clinic, District General Hospital, Nuwara Eliya",Counselling Psychosocial support,Call clinic to confirm hours,Venereology / STD Clinic Team,,Other Government Institutions,"<tr><td>District Secretariat Nuwara Eliya<div class=""e-mail"">stdclinic.nuwaraeliya@gmail.com</div></td><td>Central Province</td><td>Nuwara Eliya</td><td><a href=""tel:052-2222233"" class=""phone-link"">052-2222233</a><div class=""phone-secondary"">052-2222261</div></td><td>Free</td></tr>",,,,
264,District Secretariat Polonnaruwa,Counseling,Government,Free,027-2222235,,stdclinic.polonnaruwa@gmail.com,North Central Province,Polonnaruwa,Polonnaruwa,Thamankaduwa,"STD Clinic, District General Hospital, Polonnaruwa",Counselling Psychosocial support,Call ahead to confirm current clinic hours,,,Other Government Institutions,"<tr><td>District Secretariat Polonnaruwa<div class=""e-mail"">stdclinic.polonnaruwa@gmail.com</div></td><td>North Central Province</td><td>Polonnaruwa</td><td><a href=""tel:027-2222235"" class=""phone-link"">027-2222235</a><div class=""phone-secondary""></div></td><td>Free</td></tr>",,,,
265,District Secretariat Ratnapura,Counseling,Government,Free,045-2222235,,stdclinic.ratnapura@gmail.com,Sabaragamuwa Province,Ratnapura,Ratnapura,Ratnapura,"STD Clinic, Provincial General Hospital, Ratnapura",Counselling Psychosocial support,Mon-Fri 8:00am-4:00pm; Sat 8:00am-12:00pm; confirm locally,Venereology / STD Clinic Team,,Other Government Institutions,"<tr><td>District Secretariat Ratnapura<div class=""e-mail"">stdclinic.ratnapura@gmail.com</div></td><td>Sabaragamuwa Province</td><td>Ratnapura</td><td><a href=""tel:045-2222235"" class=""phone-link"">045-2222235</a><div class=""phone-secondary""></div></td><td>Free</td></tr>",,,,
266,District Secretariat Trincomalee,Counseling,Government,Free,026-2222235,,stdclinic.trincomalee@gmail.com,Eastern Province,Trincomalee,Trincomalee,Trincomalee Town & Gravets,"Trincomalee, Trincomalee District",Counselling Psychosocial support,Call ahead to confirm current clinic/consultant hours,,,Other Government Institutions,"<tr><td>District Secretariat Trincomalee<div class=""e-mail"">stdclinic.trincomalee@gmail.com</div></td><td>Eastern Province</td><td>Trincomalee</td><td><a href=""tel:026-2222235"" class=""phone-link"">026-2222235</a><div class=""phone-secondary""></div></td><td>Free</td></tr>",,,,
267,District Secretariat Vavuniya,Counseling,Government,Free,024-2222233,,stdclinic.vavuniya@gmail.com,Northern Province,Vavuniya,Vavuniya,Vavuniya,"Vavuniya, Vavuniya District",Counselling Psychosocial support,Call ahead to confirm current clinic/consultant hours,,,Other Government Institutions,"<tr><td>District Secretariat Vavuniya<div class=""e-mail"">stdclinic.vavuniya@gmail.com</div></td><td>Northern Province</td><td>Vavuniya</td><td><a href=""tel:024-2222233"" class=""phone-link"">024-2222233</a><div class=""phone-secondary""></div></td><td>Free</td></tr>",,,,
268,Divisarana Disability,Elder Care,Government,Free,,,,North Western Province,Kurunegala,Weerambugedara,Weerambugedara,Kalugamuwa,Residential care,,,,Elders' Homes & Care Services,"<tr><td>Divisarana Disability<div class=""e-mail""></div></td><td>North Western Province</td><td>Kurunegala</td><td><a href=""tel:"" class=""phone-link""></a><div class=""phone-secondary""></div></td><td>Free</td></tr>",,,,
269,Divisarana Disability Home,Elder Care,Government,Free,,,,North Western Province,Kurunegala,Weerambugedara,Weerambugedara,Kalugamuwa Weerambugedara,Residential care Free of charge,,,,Elders' Homes & Care Services,"<tr><td>Divisarana Disability Home<div class=""e-mail""></div></td><td>North Western Province</td><td>Kurunegala</td><td><a href=""tel:"" class=""phone-link""></a><div class=""phone-secondary""></div></td><td>Free</td></tr>",,,,
270,Divisional Hospital - Bentota,Mental Health,Government Divisional Hospital,Free,034-2275260,,,Southern Province,Galle,Bentota,Bentota,"Bentota, Galle District",Mental Health Clinic,Call ahead to confirm current clinic/consultant hours,,,Mental-health service: https://www.mentalhealth.health.gov.lk/index.php?option=com_content&view=article&id=37:galle-district&catid=18&Itemid=197&lang=en ; phone: http://galle.dist.gov.lk/index.php/en/hospitals.html,"<tr><td>Divisional Hospital - Bentota<div class=""e-mail""></div></td><td>Southern Province</td><td>Galle</td><td><a href=""tel:034-2275260"" class=""phone-link"">034-2275260</a><div class=""phone-secondary""></div></td><td>Free</td></tr>",,,,
271,Divisional Hospital - Beruwala,Mental Health,Government Divisional Hospital,Free,034-2276162,,,Western Province,Kalutara,Beruwala,Beruwala,"Beruwala, Kalutara District",Mental Health Outpatient Clinic,Call to confirm,,,,"<tr><td>Divisional Hospital - Beruwala<div class=""e-mail""></div></td><td>Western Province</td><td>Kalutara</td><td><a href=""tel:034-2276162"" class=""phone-link"">034-2276162</a><div class=""phone-secondary""></div></td><td>Free</td></tr>",,,,
272,Divisional Hospital - Bulathsinhala,Mental Health,Government Divisional Hospital,Free,034-2283161,,,Western Province,Kalutara,Bulathsinhala,Bulathsinhala,"Bulathsinhala, Kalutara District",Mental Health Clinic,Call to confirm,,,,"<tr><td>Divisional Hospital - Bulathsinhala<div class=""e-mail""></div></td><td>Western Province</td><td>Kalutara</td><td><a href=""tel:034-2283161"" class=""phone-link"">034-2283161</a><div class=""phone-secondary""></div></td><td>Free</td></tr>",,,,
273,Divisional Hospital - Deltota / Rehabilitation Centre,Mental Health / Rehabilitation,Government Divisional Hospital,Free,081-2476268,,,Central Province,Kandy,Deltota,Deltota,"Deltota, Kandy District",Medium Stay Unit; Rehabilitation Centre; mental-health referral,Call ahead to confirm current clinic/consultant hours,,,Service: http://www.mentalhealth.health.gov.lk/index.php?option=com_content&view=article&id=42:kandy-district&catid=18&Itemid=201&lang=en ; phone: http://www.kandy.dist.gov.lk/index.php/en/hospitals.html,"<tr><td>Divisional Hospital - Deltota / Rehabilitation Centre<div class=""e-mail""></div></td><td>Central Province</td><td>Kandy</td><td><a href=""tel:081-2476268"" class=""phone-link"">081-2476268</a><div class=""phone-secondary""></div></td><td>Free</td></tr>",,,,
274,Divisional Hospital - Dodangoda,Mental Health,Government Divisional Hospital,Free,034-2281654,,,Western Province,Kalutara,Dodangoda,Dodangoda,"Dodangoda, Kalutara District",Mental Health Clinic,Call to confirm,,,,"<tr><td>Divisional Hospital - Dodangoda<div class=""e-mail""></div></td><td>Western Province</td><td>Kalutara</td><td><a href=""tel:034-2281654"" class=""phone-link"">034-2281654</a><div class=""phone-secondary""></div></td><td>Free</td></tr>",,,,
275,Divisional Hospital - Ginigathhena,Mental Health,Government Hospital,Free,051-2239261,,,Central Province,Nuwara Eliya,Ginigathhena,Ambagamuwa,"Ginigathhena, Nuwara Eliya District",Mental Health Clinic,Call ahead to confirm current clinic/consultant hours,,https://www.mentalhealth.health.gov.lk/index.php?option=com_content&view=article&id=51&Itemid=210&lang=en,,"<tr><td>Divisional Hospital - Ginigathhena<div class=""e-mail""></div></td><td>Central Province</td><td>Nuwara Eliya</td><td><a href=""tel:051-2239261"" class=""phone-link"">051-2239261</a><div class=""phone-secondary""></div></td><td>Free<div> <a href=""https://www.mentalhealth.health.gov.lk/index.php?option=com_content&view=article&id=51&Itemid=210&lang=en"" class=""web-site""target=""_blank"" style=""text-decoration: none;"">Web Site  🔗</a></div></td></tr>",,,,
276,Divisional Hospital - Haltota,Mental Health,Government Divisional Hospital,Free,034-2252045,,,Western Province,Kalutara,Haltota,Millaniya area,"Haltota, Kalutara District",Mental Health Clinic,Call to confirm,,,,"<tr><td>Divisional Hospital - Haltota<div class=""e-mail""></div></td><td>Western Province</td><td>Kalutara</td><td><a href=""tel:034-2252045"" class=""phone-link"">034-2252045</a><div class=""phone-secondary""></div></td><td>Free</td></tr>",,,,
277,Divisional Hospital - Haputale,Mental Health (Referral),Government Divisional Hospital,Free,057-2268061,,,Uva Province,Badulla,Haputale,Haputale,Haputale,General medical services; MH cases referred to higher centers,Typical government hours (confirm),MO,,Hill station – use for basic support + referral.,"<tr><td>Divisional Hospital - Haputale<div class=""e-mail""></div></td><td>Uva Province</td><td>Badulla</td><td><a href=""tel:057-2268061"" class=""phone-link"">057-2268061</a><div class=""phone-secondary""></div></td><td>Free</td></tr>",,,,
278,Divisional Hospital - Lunugala,Mental Health (Referral),Government Divisional Hospital,Free,055-2263961,,,Uva Province,Badulla,Lunugala,Lunugala,Lunugala,General + MH referral possible,Typical government hours (confirm),MO,,,"<tr><td>Divisional Hospital - Lunugala<div class=""e-mail""></div></td><td>Uva Province</td><td>Badulla</td><td><a href=""tel:055-2263961"" class=""phone-link"">055-2263961</a><div class=""phone-secondary""></div></td><td>Free</td></tr>",,,,
279,Divisional Hospital - Pallamadu,Mental Health,Government Hospital,Free,,,,Northern Province,Mannar,Pallamadu,,"Pallamadu, Mannar District",Mental Health Clinic,Call ahead to confirm current clinic/consultant hours,,,https://mentalhealth.health.gov.lk/index.php?option=com_content&view=article&id=46&Itemid=205&lang=en,"<tr><td>Divisional Hospital - Pallamadu<div class=""e-mail""></div></td><td>Northern Province</td><td>Mannar</td><td><a href=""tel:"" class=""phone-link""></a><div class=""phone-secondary""></div></td><td>Free</td></tr>",,,,
280,Divisional Hospital - Tharapuram,Mental Health,Government Hospital,Free,,,,Northern Province,Mannar,Tharapuram,,"Tharapuram, Mannar District",Mental Health Clinic,Call ahead to confirm current clinic/consultant hours,,,https://mentalhealth.health.gov.lk/index.php?option=com_content&view=article&id=46&Itemid=205&lang=en,"<tr><td>Divisional Hospital - Tharapuram<div class=""e-mail""></div></td><td>Northern Province</td><td>Mannar</td><td><a href=""tel:"" class=""phone-link""></a><div class=""phone-secondary""></div></td><td>Free</td></tr>",,,,
281,Divisional Hospital - Udawalawa,Mental Health,Government Divisional Hospital,Free,047-2232020,,,Sabaragamuwa Province,Ratnapura,Udawalawa,Embilipitiya area,"Udawalawa, Ratnapura District",Mental Health Clinic,Call ahead to confirm current clinic/consultant hours,,,Official mental-health clinic: https://www.mentalhealth.health.gov.lk/index.php?option=com_content&view=article&id=53&Itemid=212&lang=en; hospital contact directory: https://www.ceylonlanka.info/2012/09/contact-numbers-of-hospitals-in.html,"<tr><td>Divisional Hospital - Udawalawa<div class=""e-mail""></div></td><td>Sabaragamuwa Province</td><td>Ratnapura</td><td><a href=""tel:047-2232020"" class=""phone-link"">047-2232020</a><div class=""phone-secondary""></div></td><td>Free</td></tr>",,,,
282,Divisional Hospital - Uraniya,Mental Health (Referral),Government Divisional Hospital,Free,055-5675441,,,Uva Province,Badulla,Uraniya,Various,Uraniya,General medical; referral,Typical government hours (confirm),MO,,,"<tr><td>Divisional Hospital - Uraniya<div class=""e-mail""></div></td><td>Uva Province</td><td>Badulla</td><td><a href=""tel:055-5675441"" class=""phone-link"">055-5675441</a><div class=""phone-secondary""></div></td><td>Free</td></tr>",,,,
283,Divisional Hospital - Welioya,Mental Health,Government Hospital,Free,,,,Northern Province,Mullaitivu,Welioya,,"Welioya, Mullaitivu District",Mental Health Clinic,Call ahead to confirm current clinic/consultant hours,,,https://mentalhealth.health.gov.lk/index.php?option=com_content&view=article&id=50&Itemid=209&lang=en,"<tr><td>Divisional Hospital - Welioya<div class=""e-mail""></div></td><td>Northern Province</td><td>Mullaitivu</td><td><a href=""tel:"" class=""phone-link""></a><div class=""phone-secondary""></div></td><td>Free</td></tr>",,,,
284,Divisional Hospital Adampan,Mental Health,Government Hospital,Free,023-2050881,023-3230543,,Northern Province,Mannar,Manthai West,Manthai West,"Adampan, Mannar District",Mental Health clinic,Call ahead to confirm current clinic/consultant hours,,,Government Hospitals,"<tr><td>Divisional Hospital Adampan<div class=""e-mail""></div></td><td>Northern Province</td><td>Mannar</td><td><a href=""tel:023-2050881"" class=""phone-link"">023-2050881</a><div class=""phone-secondary"">023-3230543</div></td><td>Free</td></tr>",,,,
285,Divisional Hospital Agarapathana,Mental Health,Government Hospital,Free,052-2230261,051-2230261,,Central Province,Nuwara Eliya,Agarapathana,Agarapathana,"Agarapatana, Nuwara Eliya District",Mental Health clinic,Call ahead to confirm current clinic/consultant hours,,https://www.mentalhealth.health.gov.lk/index.php?option=com_content&view=article&id=51&Itemid=210&lang=en,Government Hospitals,"<tr><td>Divisional Hospital Agarapathana<div class=""e-mail""></div></td><td>Central Province</td><td>Nuwara Eliya</td><td><a href=""tel:052-2230261"" class=""phone-link"">052-2230261</a><div class=""phone-secondary"">051-2230261</div></td><td>Free<div> <a href=""https://www.mentalhealth.health.gov.lk/index.php?option=com_content&view=article&id=51&Itemid=210&lang=en"" class=""web-site""target=""_blank"" style=""text-decoration: none;"">Web Site  🔗</a></div></td></tr>",,,,
286,Divisional Hospital Ahangama,Mental Health,Government Divisional Hospital,Free,091-2286061,091-2283261,,Southern Province,Galle,Habaraduwa,Habaraduwa,"Ahangama, Galle District",Mental Health clinic,Call ahead to confirm current clinic/consultant hours,,,Government Hospitals,"<tr><td>Divisional Hospital Ahangama<div class=""e-mail""></div></td><td>Southern Province</td><td>Galle</td><td><a href=""tel:091-2286061"" class=""phone-link"">091-2286061</a><div class=""phone-secondary"">091-2283261</div></td><td>Free</td></tr>",,,,
287,Divisional Hospital Akaragama,Mental Health,Government Divisional Hospital,Free,031-2269261,,,Western Province,Gampaha,Divulapitiya,Divulapitiya,"Akaragama, Gampaha District",Mental Health clinic,Call ahead to confirm current clinic/consultant hours,,,Government Hospitals,"<tr><td>Divisional Hospital Akaragama<div class=""e-mail""></div></td><td>Western Province</td><td>Gampaha</td><td><a href=""tel:031-2269261"" class=""phone-link"">031-2269261</a><div class=""phone-secondary""></div></td><td>Free</td></tr>",,,,
288,Divisional Hospital Akkaraipattu,Mental Health,Government,Free,067-2277261,,,Eastern Province,Ampara,Alayadivembu,Alayadivembu,"District General Hospital, Ampara",Mental Health clinic,Call ahead to confirm current clinic/consultant hours,Consultant Psychiatry Team,,Government Hospitals,"<tr><td>Divisional Hospital Akkaraipattu<div class=""e-mail""></div></td><td>Eastern Province</td><td>Ampara</td><td><a href=""tel:067-2277261"" class=""phone-link"">067-2277261</a><div class=""phone-secondary""></div></td><td>Free</td></tr>",,,,
289,Divisional Hospital Akkarayankulam,Mental Health,Government Hospital,Free,021-3208737,,,Northern Province,Kilinochchi,Karachchi,Karachchi,"Akkarayankulam, Kilinochchi District",Mental Health clinic,Call ahead to confirm current clinic/consultant hours,,https://www.mentalhealth.health.gov.lk/index.php?option=com_content&view=article&id=44&Itemid=203&lang=en,Government Hospitals,"<tr><td>Divisional Hospital Akkarayankulam<div class=""e-mail""></div></td><td>Northern Province</td><td>Kilinochchi</td><td><a href=""tel:021-3208737"" class=""phone-link"">021-3208737</a><div class=""phone-secondary""></div></td><td>Free<div> <a href=""https://www.mentalhealth.health.gov.lk/index.php?option=com_content&view=article&id=44&Itemid=203&lang=en"" class=""web-site""target=""_blank"" style=""text-decoration: none;"">Web Site  🔗</a></div></td></tr>",,,,
290,Divisional Hospital Akurana,Mental Health,Government Divisional Hospital,Free,081-2300461,,,Central Province,Kandy,Akurana,Akurana,"Akurana, Kandy District",Mental Health clinic,Call ahead to confirm current clinic/consultant hours,,,Government Hospitals,"<tr><td>Divisional Hospital Akurana<div class=""e-mail""></div></td><td>Central Province</td><td>Kandy</td><td><a href=""tel:081-2300461"" class=""phone-link"">081-2300461</a><div class=""phone-secondary""></div></td><td>Free</td></tr>",,,,
291,Divisional Hospital Akuressa,Mental Health + Rehabilitation,Government Divisional Hospital,Free,041-2283261,,,Southern Province,Matara,Akuressa,Akuressa,"Akuressa, Matara District",Mental Health clinic Rehabilitation Day Centre,Call ahead to confirm current clinic/consultant hours,,https://www.mentalhealth.health.gov.lk/index.php?option=com_content&view=article&id=48&Itemid=207&lang=en ; https://lankainformation.lk/directory/health/list-of-hospitals-in-sri-lanka/matara-district,Government Hospitals,"<tr><td>Divisional Hospital Akuressa<div class=""e-mail""></div></td><td>Southern Province</td><td>Matara</td><td><a href=""tel:041-2283261"" class=""phone-link"">041-2283261</a><div class=""phone-secondary""></div></td><td>Free<div> <a href=""https://www.mentalhealth.health.gov.lk/index.php?option=com_content&view=article&id=48&Itemid=207&lang=en ; https://lankainformation.lk/directory/health/list-of-hospitals-in-sri-lanka/matara-district"" class=""web-site""target=""_blank"" style=""text-decoration: none;"">Web Site  🔗</a></div></td></tr>",,,,
292,Divisional Hospital Alampil,Mental Health,Government,Free,021-2290501,,,Northern Province,Mullaitivu,Mullaitivu,Mullaitivu,"Mallavi, Mullaitivu District",Mental Health clinic,Call ahead to confirm current clinic/consultant hours,,,Government Hospitals,"<tr><td>Divisional Hospital Alampil<div class=""e-mail""></div></td><td>Northern Province</td><td>Mullaitivu</td><td><a href=""tel:021-2290501"" class=""phone-link"">021-2290501</a><div class=""phone-secondary""></div></td><td>Free</td></tr>",,,,
293,Divisional Hospital Alawwa,Mental Health,Government,Free,037-2278161,,,North Western Province,Kurunegala,Alawwa,Alawwa,,Mental Health clinic,,,,Government Hospitals,"<tr><td>Divisional Hospital Alawwa<div class=""e-mail""></div></td><td>North Western Province</td><td>Kurunegala</td><td><a href=""tel:037-2278161"" class=""phone-link"">037-2278161</a><div class=""phone-secondary""></div></td><td>Free</td></tr>",,,,
294,Divisional Hospital Ambalangoda,Mental Health,Government Divisional Hospital,Free,091-2258444,,,Southern Province,Galle,Ambalangoda,Ambalangoda,"Ambalangoda, Galle District",Mental Health clinic,Call ahead to confirm current clinic/consultant hours,,,Government Hospitals,"<tr><td>Divisional Hospital Ambalangoda<div class=""e-mail""></div></td><td>Southern Province</td><td>Galle</td><td><a href=""tel:091-2258444"" class=""phone-link"">091-2258444</a><div class=""phone-secondary""></div></td><td>Free</td></tr>",,,,
295,Divisional Hospital Ambalantota,Mental Health,Government Divisional Hospital,Free,047-2223261,,,Southern Province,Hambantota,Ambalantota,Ambalantota,"Ambalanthota, Hambantota District",Mental Health clinic,Call ahead to confirm current clinic/consultant hours,,,Government Hospitals,"<tr><td>Divisional Hospital Ambalantota<div class=""e-mail""></div></td><td>Southern Province</td><td>Hambantota</td><td><a href=""tel:047-2223261"" class=""phone-link"">047-2223261</a><div class=""phone-secondary""></div></td><td>Free</td></tr>",,,,
296,Divisional Hospital Ambanpola,Mental Health,Government,Free,037-2253063,,,North Western Province,Kurunegala,Ambanpola,Ambanpola,,Mental Health clinic,,,,Government Hospitals,"<tr><td>Divisional Hospital Ambanpola<div class=""e-mail""></div></td><td>North Western Province</td><td>Kurunegala</td><td><a href=""tel:037-2253063"" class=""phone-link"">037-2253063</a><div class=""phone-secondary""></div></td><td>Free</td></tr>",,,,
297,Divisional Hospital Anawilundawa,Mental Health,Government Divisional Hospital,Free,032-2259561,,,North Western Province,Puttalam,Arachchikattuwa,Arachchikattuwa,"Anawilundawa, Puttalam District",Mental Health clinic,Call ahead to confirm current clinic/consultant hours,,https://www.mentalhealth.health.gov.lk/index.php?option=com_content&view=article&id=52&Itemid=211&lang=en; https://rdhsputtalam.yolasite.com/institutions-informations.php,Government Hospitals,"<tr><td>Divisional Hospital Anawilundawa<div class=""e-mail""></div></td><td>North Western Province</td><td>Puttalam</td><td><a href=""tel:032-2259561"" class=""phone-link"">032-2259561</a><div class=""phone-secondary""></div></td><td>Free<div> <a href=""https://www.mentalhealth.health.gov.lk/index.php?option=com_content&view=article&id=52&Itemid=211&lang=en; https://rdhsputtalam.yolasite.com/institutions-informations.php"" class=""web-site""target=""_blank"" style=""text-decoration: none;"">Web Site  🔗</a></div></td></tr>",,,,
298,Divisional Hospital Angunukolapelessa,Mental Health,Government,Free,004-7228260,,,Southern Province,Hambantota,Angunukolapelessa,Angunukolapelessa,"Lunugamvehera, Hambantota District",Mental Health clinic,Call ahead to confirm current clinic/consultant hours,,,Government Hospitals,"<tr><td>Divisional Hospital Angunukolapelessa<div class=""e-mail""></div></td><td>Southern Province</td><td>Hambantota</td><td><a href=""tel:004-7228260"" class=""phone-link"">004-7228260</a><div class=""phone-secondary""></div></td><td>Free</td></tr>",,,,
299,Divisional Hospital Ankumbura,Mental Health,Government Divisional Hospital,Free,066-2240261,081-2300461,,Central Province,Kandy,Poojapitiya,Poojapitiya,"Akurana, Kandy District",Mental Health clinic,Call ahead to confirm current clinic/consultant hours,,,Government Hospitals,"<tr><td>Divisional Hospital Ankumbura<div class=""e-mail""></div></td><td>Central Province</td><td>Kandy</td><td><a href=""tel:066-2240261"" class=""phone-link"">066-2240261</a><div class=""phone-secondary"">081-2300461</div></td><td>Free</td></tr>",,,,
300,Divisional Hospital Aralaganwila,Mental Health,Government Divisional Hospital,Free,027-2223079,,,North Central Province,Polonnaruwa,Aralaganwila,Aralaganwila,"Aralaganwila, Polonnaruwa District",Mental Health clinic,Call ahead to confirm current clinic hours,,,Government Hospitals,"<tr><td>Divisional Hospital Aralaganwila<div class=""e-mail""></div></td><td>North Central Province</td><td>Polonnaruwa</td><td><a href=""tel:027-2223079"" class=""phone-link"">027-2223079</a><div class=""phone-secondary""></div></td><td>Free</td></tr>",,,,
301,Divisional Hospital Aranayaka,Mental Health,Government Hospital,Free,035-2258061,,,Sabaragamuwa Province,Kegalle,Aranayake,Aranayake,"Aranayaka, Kegalle District",Mental Health clinic,Call ahead to confirm current clinic/consultant hours,,https://www.mentalhealth.health.gov.lk/index.php?option=com_content&view=article&id=43:kegalle-district&catid=18&Itemid=202&lang=en; http://www.kegalle.dist.gov.lk/index.php/en/aboutus/15-government-service-centers/18-hospitals.html,Government Hospitals,"<tr><td>Divisional Hospital Aranayaka<div class=""e-mail""></div></td><td>Sabaragamuwa Province</td><td>Kegalle</td><td><a href=""tel:035-2258061"" class=""phone-link"">035-2258061</a><div class=""phone-secondary""></div></td><td>Free<div> <a href=""https://www.mentalhealth.health.gov.lk/index.php?option=com_content&view=article&id=43:kegalle-district&catid=18&Itemid=202&lang=en; http://www.kegalle.dist.gov.lk/index.php/en/aboutus/15-government-service-centers/18-hospitals.html"" class=""web-site""target=""_blank"" style=""text-decoration: none;"">Web Site  🔗</a></div></td></tr>",,,,
302,Divisional Hospital Arayampathy,Mental Health,Government Divisional Hospital,Free,065-2245791,,,Eastern Province,Batticaloa,Arayampathy,Arayampathy,"Arayampathy, Batticaloa District",Mental Health clinic,Call ahead to confirm current clinic hours,,,Government Hospitals,"<tr><td>Divisional Hospital Arayampathy<div class=""e-mail""></div></td><td>Eastern Province</td><td>Batticaloa</td><td><a href=""tel:065-2245791"" class=""phone-link"">065-2245791</a><div class=""phone-secondary""></div></td><td>Free</td></tr>",,,,
303,Divisional Hospital Athurugiriya,Mental Health,Government,Free,011-2561229,,,Western Province,Colombo,Kaduwela,Kaduwela,,Mental Health clinic,,,,Government Hospitals,"<tr><td>Divisional Hospital Athurugiriya<div class=""e-mail""></div></td><td>Western Province</td><td>Colombo</td><td><a href=""tel:011-2561229"" class=""phone-link"">011-2561229</a><div class=""phone-secondary""></div></td><td>Free</td></tr>",,,,
304,Divisional Hospital Ayagama,Mental Health,Government Divisional Hospital,Free,045-2250061,,,Sabaragamuwa Province,Ratnapura,Ayagama,Ayagama,"Ayagama, Ratnapura District",Mental Health clinic,Call ahead to confirm current clinic/consultant hours,,,Government Hospitals,"<tr><td>Divisional Hospital Ayagama<div class=""e-mail""></div></td><td>Sabaragamuwa Province</td><td>Ratnapura</td><td><a href=""tel:045-2250061"" class=""phone-link"">045-2250061</a><div class=""phone-secondary""></div></td><td>Free</td></tr>",,,,
305,Divisional Hospital Badalkumbura,Mental Health,Government Hospital,Free,055-2250261,,,Uva Province,Monaragala,Badalkumbura,Badalkumbura,"Badalkumbura, Monaragala District",Mental Health clinic,Call ahead to confirm current clinic/consultant hours,,,Government Hospitals,"<tr><td>Divisional Hospital Badalkumbura<div class=""e-mail""></div></td><td>Uva Province</td><td>Monaragala</td><td><a href=""tel:055-2250261"" class=""phone-link"">055-2250261</a><div class=""phone-secondary""></div></td><td>Free</td></tr>",,,,
306,Divisional Hospital Baddegama,Mental Health,Government Divisional Hospital,Free,091-2292261,,,Southern Province,Galle,Baddegama,Baddegama,"Baddegama, Galle District",Mental Health clinic,Call ahead to confirm current clinic/consultant hours,,,Government Hospitals,"<tr><td>Divisional Hospital Baddegama<div class=""e-mail""></div></td><td>Southern Province</td><td>Galle</td><td><a href=""tel:091-2292261"" class=""phone-link"">091-2292261</a><div class=""phone-secondary""></div></td><td>Free</td></tr>",,,,
307,Divisional Hospital Baduraliya,Mental Health,Government Divisional Hospital,Free,034-2244235,,,Western Province,Kalutara,Baduraliya,Baduraliya,"Baduraliya, Kalutara District",Mental Health clinic,Call to confirm,,,Government Hospitals,"<tr><td>Divisional Hospital Baduraliya<div class=""e-mail""></div></td><td>Western Province</td><td>Kalutara</td><td><a href=""tel:034-2244235"" class=""phone-link"">034-2244235</a><div class=""phone-secondary""></div></td><td>Free</td></tr>",,,,
308,Divisional Hospital Bakamuna,Mental Health,Government Divisional Hospital,Free,066-2256661,,,North Central Province,Polonnaruwa,Bakamuna,Bakamuna,"Bakamuna, Polonnaruwa District",Mental Health clinic,Call ahead to confirm current clinic hours,,,Government Hospitals,"<tr><td>Divisional Hospital Bakamuna<div class=""e-mail""></div></td><td>North Central Province</td><td>Polonnaruwa</td><td><a href=""tel:066-2256661"" class=""phone-link"">066-2256661</a><div class=""phone-secondary""></div></td><td>Free</td></tr>",,,,
309,Divisional Hospital Bandaragama,Mental Health,Government Divisional Hospital,Free,038-2290261,,,Western Province,Kalutara,Bandaragama,Bandaragama,"Bandaragama, Kalutara District",Mental Health clinic,Call to confirm,,,Government Hospitals,"<tr><td>Divisional Hospital Bandaragama<div class=""e-mail""></div></td><td>Western Province</td><td>Kalutara</td><td><a href=""tel:038-2290261"" class=""phone-link"">038-2290261</a><div class=""phone-secondary""></div></td><td>Free</td></tr>",,,,
310,Divisional Hospital Bandarawela,Mental Health,Government Divisional Hospital (Type A),Free,057-2222261,,wela@gmail.com,Uva Province,Badulla,Bandarawela,Bandarawela,Bandarawela,Mental Health clinic Mithuru Piyasa,Typical government hours ~8am-4pm (confirm),MO Mental Health / visiting,,Government Hospitals,"<tr><td>Divisional Hospital Bandarawela<div class=""e-mail"">wela@gmail.com</div></td><td>Uva Province</td><td>Badulla</td><td><a href=""tel:057-2222261"" class=""phone-link"">057-2222261</a><div class=""phone-secondary""></div></td><td>Free</td></tr>",,,,
311,Divisional Hospital Batapola,Mental Health,Government Hospital,Free,091-2260232,035-2267261,,Southern Province,Galle,Ambalangoda,Ambalangoda,"Warakapola, Kegalle District",Mental Health clinic,Call ahead to confirm current clinic/consultant hours,,https://www.mentalhealth.health.gov.lk/index.php?option=com_content&view=article&id=43:kegalle-district&catid=18&Itemid=202&lang=en; http://www.kegalle.dist.gov.lk/index.php/en/aboutus/15-government-service-centers/18-hospitals.html,Government Hospitals,"<tr><td>Divisional Hospital Batapola<div class=""e-mail""></div></td><td>Southern Province</td><td>Galle</td><td><a href=""tel:091-2260232"" class=""phone-link"">091-2260232</a><div class=""phone-secondary"">035-2267261</div></td><td>Free<div> <a href=""https://www.mentalhealth.health.gov.lk/index.php?option=com_content&view=article&id=43:kegalle-district&catid=18&Itemid=202&lang=en; http://www.kegalle.dist.gov.lk/index.php/en/aboutus/15-government-service-centers/18-hospitals.html"" class=""web-site""target=""_blank"" style=""text-decoration: none;"">Web Site  🔗</a></div></td></tr>",,,,
312,Divisional Hospital Beliatta,Mental Health,Government Divisional Hospital,Free,047-2243261,,,Southern Province,Hambantota,Beliatta,Beliatta,"Beliatta, Hambantota District",Mental Health clinic,Call ahead to confirm current clinic/consultant hours,,,Government Hospitals,"<tr><td>Divisional Hospital Beliatta<div class=""e-mail""></div></td><td>Southern Province</td><td>Hambantota</td><td><a href=""tel:047-2243261"" class=""phone-link"">047-2243261</a><div class=""phone-secondary""></div></td><td>Free</td></tr>",,,,
313,Divisional Hospital Beligala,Mental Health,Government Hospital,Free,035-2282005,,,Sabaragamuwa Province,Kegalle,Warakapola,Warakapola,"Beligala, Kegalle District",Mental Health clinic,Call ahead to confirm current clinic/consultant hours,,https://www.mentalhealth.health.gov.lk/index.php?option=com_content&view=article&id=43:kegalle-district&catid=18&Itemid=202&lang=en; http://www.kegalle.dist.gov.lk/index.php/en/aboutus/15-government-service-centers/18-hospitals.html,Government Hospitals,"<tr><td>Divisional Hospital Beligala<div class=""e-mail""></div></td><td>Sabaragamuwa Province</td><td>Kegalle</td><td><a href=""tel:035-2282005"" class=""phone-link"">035-2282005</a><div class=""phone-secondary""></div></td><td>Free<div> <a href=""https://www.mentalhealth.health.gov.lk/index.php?option=com_content&view=article&id=43:kegalle-district&catid=18&Itemid=202&lang=en; http://www.kegalle.dist.gov.lk/index.php/en/aboutus/15-government-service-centers/18-hospitals.html"" class=""web-site""target=""_blank"" style=""text-decoration: none;"">Web Site  🔗</a></div></td></tr>",,,,
314,Divisional Hospital Bentota (Gunasekara Memorial Hospital,Mental Health,Government,Free,034-2275260,,,Southern Province,Galle,Bentota,Bentota,,Mental Health clinic,,,,Government Hospitals,"<tr><td>Divisional Hospital Bentota (Gunasekara Memorial Hospital<div class=""e-mail""></div></td><td>Southern Province</td><td>Galle</td><td><a href=""tel:034-2275260"" class=""phone-link"">034-2275260</a><div class=""phone-secondary""></div></td><td>Free</td></tr>",,,,
315,Divisional Hospital Bingiriya,Mental Health,Government Divisional Hospital,Free,032-2246160,032-2246163; 037-2264061,,North Western Province,Kurunegala,Bingiriya,Bingiriya,"Divisional Hospital, Hiripitiya",Mental Health clinic,Call ahead to confirm current clinic/consultant hours,,,Government Hospitals,"<tr><td>Divisional Hospital Bingiriya<div class=""e-mail""></div></td><td>North Western Province</td><td>Kurunegala</td><td><a href=""tel:032-2246160"" class=""phone-link"">032-2246160</a><div class=""phone-secondary"">032-2246163; 037-2264061</div></td><td>Free</td></tr>",,,,
316,Divisional Hospital Biyagama,Mental Health,Government Divisional Hospital,Free,011-2487524,011-2487527,,Western Province,Gampaha,Biyagama,Biyagama,"Biyagama, Gampaha District",Mental Health clinic,Call ahead to confirm current clinic/consultant hours,,,Government Hospitals,"<tr><td>Divisional Hospital Biyagama<div class=""e-mail""></div></td><td>Western Province</td><td>Gampaha</td><td><a href=""tel:011-2487524"" class=""phone-link"">011-2487524</a><div class=""phone-secondary"">011-2487527</div></td><td>Free</td></tr>",,,,
317,Divisional Hospital Bogawanthalawa,Mental Health,Government Hospital,Free,052-2267561,051-2267261,,Central Province,Nuwara Eliya,Bogawanthalawa,Bogawanthalawa,"Bogawantalawa, Nuwara Eliya District",Mental Health clinic,Call ahead to confirm current clinic/consultant hours,,https://www.mentalhealth.health.gov.lk/index.php?option=com_content&view=article&id=51&Itemid=210&lang=en,Government Hospitals,"<tr><td>Divisional Hospital Bogawanthalawa<div class=""e-mail""></div></td><td>Central Province</td><td>Nuwara Eliya</td><td><a href=""tel:052-2267561"" class=""phone-link"">052-2267561</a><div class=""phone-secondary"">051-2267261</div></td><td>Free<div> <a href=""https://www.mentalhealth.health.gov.lk/index.php?option=com_content&view=article&id=51&Itemid=210&lang=en"" class=""web-site""target=""_blank"" style=""text-decoration: none;"">Web Site  🔗</a></div></td></tr>",,,,
318,Divisional Hospital Bokkawala,Mental Health,Government Divisional Hospital,Free,081-2461212,,,Central Province,Kandy,Poojapitiya,Poojapitiya,"Bokkawala, Kandy District",Mental Health clinic,Call ahead to confirm current clinic/consultant hours,,,Government Hospitals,"<tr><td>Divisional Hospital Bokkawala<div class=""e-mail""></div></td><td>Central Province</td><td>Kandy</td><td><a href=""tel:081-2461212"" class=""phone-link"">081-2461212</a><div class=""phone-secondary""></div></td><td>Free</td></tr>",,,,
319,Divisional Hospital Boralanda,Mental Health,Government Divisional Hospital,Free,057-2280461,,divboralanda@gmail.com,Uva Province,Badulla,Welimada,Welimada,Boralanda,Mental Health clinic,Typical government hours (confirm),MO,,Government Hospitals,"<tr><td>Divisional Hospital Boralanda<div class=""e-mail"">divboralanda@gmail.com</div></td><td>Uva Province</td><td>Badulla</td><td><a href=""tel:057-2280461"" class=""phone-link"">057-2280461</a><div class=""phone-secondary""></div></td><td>Free</td></tr>",,,,
320,Divisional Hospital Buttala,Mental Health,Government Hospital,Free,055-2273961,,,Uva Province,Monaragala,Buttala,Buttala,"Buttala, Monaragala District",Mental Health clinic,Call ahead to confirm current clinic/consultant hours,,,Government Hospitals,"<tr><td>Divisional Hospital Buttala<div class=""e-mail""></div></td><td>Uva Province</td><td>Monaragala</td><td><a href=""tel:055-2273961"" class=""phone-link"">055-2273961</a><div class=""phone-secondary""></div></td><td>Free</td></tr>",,,,
321,Divisional Hospital Central Camp,Mental Health,Government,Free,063-2051750,,,Eastern Province,Ampara,Central Camp,Central Camp,,Mental Health clinic,,,,Government Hospitals,"<tr><td>Divisional Hospital Central Camp<div class=""e-mail""></div></td><td>Eastern Province</td><td>Ampara</td><td><a href=""tel:063-2051750"" class=""phone-link"">063-2051750</a><div class=""phone-secondary""></div></td><td>Free</td></tr>",,,,
322,Divisional Hospital Chenkalady,Mental Health,Government Divisional Hospital,Free,065-2240483,,,Eastern Province,Batticaloa,Chenkalady,Chenkalady,"Chenkalady, Batticaloa District",Mental Health clinic,Call ahead to confirm current clinic hours,,,Government Hospitals,"<tr><td>Divisional Hospital Chenkalady<div class=""e-mail""></div></td><td>Eastern Province</td><td>Batticaloa</td><td><a href=""tel:065-2240483"" class=""phone-link"">065-2240483</a><div class=""phone-secondary""></div></td><td>Free</td></tr>",,,,
323,Divisional Hospital Dambagalla,Mental Health,Government Hospital,Free,055-5673855,055-5673835,,Uva Province,Monaragala,Madulla,Madulla,"Dambagalla, Monaragala District",Mental Health clinic,Call ahead to confirm current clinic/consultant hours,,,Government Hospitals,"<tr><td>Divisional Hospital Dambagalla<div class=""e-mail""></div></td><td>Uva Province</td><td>Monaragala</td><td><a href=""tel:055-5673855"" class=""phone-link"">055-5673855</a><div class=""phone-secondary"">055-5673835</div></td><td>Free</td></tr>",,,,
324,Divisional Hospital Dambana,Mental Health,Government Divisional Hospital,Free,055-4934167,,dambanahospital@gmail.com,Uva Province,Badulla,Mahiyanganaya,Mahiyanganaya,Dambana,Mental Health clinic,Typical government hours (confirm),MO,,Government Hospitals,"<tr><td>Divisional Hospital Dambana<div class=""e-mail"">dambanahospital@gmail.com</div></td><td>Uva Province</td><td>Badulla</td><td><a href=""tel:055-4934167"" class=""phone-link"">055-4934167</a><div class=""phone-secondary""></div></td><td>Free</td></tr>",,,,
325,Divisional Hospital Dankotuwa,Mental Health,Government Divisional Hospital,Free,031-2258260,031-2258261,,North Western Province,Puttalam,Dankotuwa,Dankotuwa,"Dankotuwa, Puttalam District",Mental Health clinic,Call ahead to confirm current clinic/consultant hours,,https://www.mentalhealth.health.gov.lk/index.php?option=com_content&view=article&id=52&Itemid=211&lang=en; https://rdhsputtalam.yolasite.com/institutions-informations.php,Government Hospitals,"<tr><td>Divisional Hospital Dankotuwa<div class=""e-mail""></div></td><td>North Western Province</td><td>Puttalam</td><td><a href=""tel:031-2258260"" class=""phone-link"">031-2258260</a><div class=""phone-secondary"">031-2258261</div></td><td>Free<div> <a href=""https://www.mentalhealth.health.gov.lk/index.php?option=com_content&view=article&id=52&Itemid=211&lang=en; https://rdhsputtalam.yolasite.com/institutions-informations.php"" class=""web-site""target=""_blank"" style=""text-decoration: none;"">Web Site  🔗</a></div></td></tr>",,,,
326,Divisional Hospital Deiyandara,Mental Health,Government Base Hospital,Free,041-2268261,041-2273261,,Southern Province,Matara,Mulatiyana,Mulatiyana,"Deniyaya, Matara District",Mental Health clinic,Call ahead to confirm current clinic/consultant hours,,https://www.mentalhealth.health.gov.lk/index.php?option=com_content&view=article&id=48&Itemid=207&lang=en ; https://lankainformation.lk/directory/health/list-of-hospitals-in-sri-lanka/matara-district,Government Hospitals,"<tr><td>Divisional Hospital Deiyandara<div class=""e-mail""></div></td><td>Southern Province</td><td>Matara</td><td><a href=""tel:041-2268261"" class=""phone-link"">041-2268261</a><div class=""phone-secondary"">041-2273261</div></td><td>Free<div> <a href=""https://www.mentalhealth.health.gov.lk/index.php?option=com_content&view=article&id=48&Itemid=207&lang=en ; https://lankainformation.lk/directory/health/list-of-hospitals-in-sri-lanka/matara-district"" class=""web-site""target=""_blank"" style=""text-decoration: none;"">Web Site  🔗</a></div></td></tr>",,,,
327,Divisional Hospital Delthota Sisila Deltota,Mental Health + Rehabilitation,Government,Free,081-3829470,,,Central Province,Kandy,Udapalatha,Udapalatha,,Medium stay rehabilitation Mental Health clinic,,,,Government Hospitals,"<tr><td>Divisional Hospital Delthota Sisila Deltota<div class=""e-mail""></div></td><td>Central Province</td><td>Kandy</td><td><a href=""tel:081-3829470"" class=""phone-link"">081-3829470</a><div class=""phone-secondary""></div></td><td>Free</td></tr>",,,,
328,Divisional Hospital Dematanpitiya,Rehabilitation,Government Divisional Hospital,Free,035-2282572,,,Sabaragamuwa Province,Kegalle,Galigamuwa,Galigamuwa,"Divisional Hospital, Dematampitiya",Rehabilitation Long stay residential facilities,Call ahead to confirm current clinic/consultant hours,,https://www.mentalhealth.health.gov.lk/index.php?option=com_content&view=article&id=43:kegalle-district&catid=18&Itemid=202&lang=en,Government Hospitals,"<tr><td>Divisional Hospital Dematanpitiya<div class=""e-mail""></div></td><td>Sabaragamuwa Province</td><td>Kegalle</td><td><a href=""tel:035-2282572"" class=""phone-link"">035-2282572</a><div class=""phone-secondary""></div></td><td>Free<div> <a href=""https://www.mentalhealth.health.gov.lk/index.php?option=com_content&view=article&id=43:kegalle-district&catid=18&Itemid=202&lang=en"" class=""web-site""target=""_blank"" style=""text-decoration: none;"">Web Site  🔗</a></div></td></tr>",,,,
329,Divisional Hospital Deraniyagala,Mental Health,Government Hospital,Free,036-2249261,,,Sabaragamuwa Province,Kegalle,Deraniyagala,Deraniyagala,"Deraniyagala, Kegalle District",Mental Health clinic,Call ahead to confirm current clinic/consultant hours,,https://www.mentalhealth.health.gov.lk/index.php?option=com_content&view=article&id=43:kegalle-district&catid=18&Itemid=202&lang=en; http://www.kegalle.dist.gov.lk/index.php/en/aboutus/15-government-service-centers/18-hospitals.html,Government Hospitals,"<tr><td>Divisional Hospital Deraniyagala<div class=""e-mail""></div></td><td>Sabaragamuwa Province</td><td>Kegalle</td><td><a href=""tel:036-2249261"" class=""phone-link"">036-2249261</a><div class=""phone-secondary""></div></td><td>Free<div> <a href=""https://www.mentalhealth.health.gov.lk/index.php?option=com_content&view=article&id=43:kegalle-district&catid=18&Itemid=202&lang=en; http://www.kegalle.dist.gov.lk/index.php/en/aboutus/15-government-service-centers/18-hospitals.html"" class=""web-site""target=""_blank"" style=""text-decoration: none;"">Web Site  🔗</a></div></td></tr>",,,,
330,Divisional Hospital Dikwella,Mental Health,Government Divisional Hospital,Free,041-2255261,,,Southern Province,Matara,Dikwella,Dikwella,"Dickwella, Matara District",Mental Health clinic,Call ahead to confirm current clinic/consultant hours,,https://www.mentalhealth.health.gov.lk/index.php?option=com_content&view=article&id=48&Itemid=207&lang=en ; https://lankainformation.lk/directory/health/list-of-hospitals-in-sri-lanka/matara-district,Government Hospitals,"<tr><td>Divisional Hospital Dikwella<div class=""e-mail""></div></td><td>Southern Province</td><td>Matara</td><td><a href=""tel:041-2255261"" class=""phone-link"">041-2255261</a><div class=""phone-secondary""></div></td><td>Free<div> <a href=""https://www.mentalhealth.health.gov.lk/index.php?option=com_content&view=article&id=48&Itemid=207&lang=en ; https://lankainformation.lk/directory/health/list-of-hospitals-in-sri-lanka/matara-district"" class=""web-site""target=""_blank"" style=""text-decoration: none;"">Web Site  🔗</a></div></td></tr>",,,,
331,Divisional Hospital Divulapitiya,Mental Health,Government Divisional Hospital,Free,031-2246261,,,Western Province,Gampaha,Divulapitiya,Divulapitiya,"Divulapitiya, Gampaha District",Mental Health clinic,Call ahead to confirm current clinic/consultant hours,,,Government Hospitals,"<tr><td>Divisional Hospital Divulapitiya<div class=""e-mail""></div></td><td>Western Province</td><td>Gampaha</td><td><a href=""tel:031-2246261"" class=""phone-link"">031-2246261</a><div class=""phone-secondary""></div></td><td>Free</td></tr>",,,,
332,Divisional Hospital Dompe,Mental Health,Government Divisional Hospital,Free,011-2409544,011-2409547,,Western Province,Gampaha,Dompe,Dompe,"Dompe, Gampaha District",Mental Health clinic,Call ahead to confirm current clinic/consultant hours,,,Government Hospitals,"<tr><td>Divisional Hospital Dompe<div class=""e-mail""></div></td><td>Western Province</td><td>Gampaha</td><td><a href=""tel:011-2409544"" class=""phone-link"">011-2409544</a><div class=""phone-secondary"">011-2409547</div></td><td>Free</td></tr>",,,,
333,Divisional Hospital Dunhinna,Mental Health,Government Divisional Hospital,Free,081-2064462,081-2374331,,Central Province,Kandy,Madadumbara,Madadumbara,"Menikhinna, Kandy District",Mental Health clinic,Call ahead to confirm current clinic/consultant hours,,,Government Hospitals,"<tr><td>Divisional Hospital Dunhinna<div class=""e-mail""></div></td><td>Central Province</td><td>Kandy</td><td><a href=""tel:081-2064462"" class=""phone-link"">081-2064462</a><div class=""phone-secondary"">081-2374331</div></td><td>Free</td></tr>",,,,
334,Divisional Hospital Echchilampathai,Mental Health,Government Hospital,Free,026-2054590,026-4922546,,Eastern Province,Trincomalee,Eachchilampathai,Eachchilampathai,"Ichchilampathai, Trincomalee District",Mental Health clinic,Call ahead to confirm current clinic/consultant hours,,https://www.mentalhealth.health.gov.lk/index.php?option=com_content&view=article&id=54&Itemid=213&lang=en,Government Hospitals,"<tr><td>Divisional Hospital Echchilampathai<div class=""e-mail""></div></td><td>Eastern Province</td><td>Trincomalee</td><td><a href=""tel:026-2054590"" class=""phone-link"">026-2054590</a><div class=""phone-secondary"">026-4922546</div></td><td>Free<div> <a href=""https://www.mentalhealth.health.gov.lk/index.php?option=com_content&view=article&id=54&Itemid=213&lang=en"" class=""web-site""target=""_blank"" style=""text-decoration: none;"">Web Site  🔗</a></div></td></tr>",,,,
335,Divisional Hospital Eppawala,Mental Health,Government Divisional Hospital,Free,025-2249161,,,North Central Province,Anuradhapura,Eppawala,Eppawala,"Eppawala, Anuradhapura District",Mental Health clinic,Call ahead to confirm current clinic/consultant hours,,http://www.mentalhealth.health.gov.lk/index.php?option=com_content&view=article&id=33&Itemid=193&lang=en; https://hospitalslk.blogspot.com/2011/12/anuradhapura-district.html,Government Hospitals,"<tr><td>Divisional Hospital Eppawala<div class=""e-mail""></div></td><td>North Central Province</td><td>Anuradhapura</td><td><a href=""tel:025-2249161"" class=""phone-link"">025-2249161</a><div class=""phone-secondary""></div></td><td>Free<div> <a href=""http://www.mentalhealth.health.gov.lk/index.php?option=com_content&view=article&id=33&Itemid=193&lang=en; https://hospitalslk.blogspot.com/2011/12/anuradhapura-district.html"" class=""web-site""target=""_blank"" style=""text-decoration: none;"">Web Site  🔗</a></div></td></tr>",,,,
336,Divisional Hospital Ethimale,Mental Health,Government Hospital,Free,055-2275666,055-3561028,,Uva Province,Monaragala,Siyambalanduwa,Siyambalanduwa,"Ethimale, Monaragala District",Mental Health clinic,Call ahead to confirm current clinic/consultant hours,,,Government Hospitals,"<tr><td>Divisional Hospital Ethimale<div class=""e-mail""></div></td><td>Uva Province</td><td>Monaragala</td><td><a href=""tel:055-2275666"" class=""phone-link"">055-2275666</a><div class=""phone-secondary"">055-3561028</div></td><td>Free</td></tr>",,,,
337,Divisional Hospital Ettampitiya,Mental Health,Government Divisional Hospital,Free,055-2294061,,dhettampitiyarr@gmail.com,Uva Province,Badulla,Hali- Ela,Hali- Ela,Ettampitiya,Mental Health clinic,Typical government hours (confirm),MO,,Government Hospitals,"<tr><td>Divisional Hospital Ettampitiya<div class=""e-mail"">dhettampitiyarr@gmail.com</div></td><td>Uva Province</td><td>Badulla</td><td><a href=""tel:055-2294061"" class=""phone-link"">055-2294061</a><div class=""phone-secondary""></div></td><td>Free</td></tr>",,,,
338,Divisional Hospital Galagedara,Mental Health,Government Divisional Hospital,Free,081-2461261,,,Central Province,Kandy,Galagedara,Galagedara,"Galagedara, Kandy District",Mental Health clinic,Call ahead to confirm current clinic/consultant hours,,,Government Hospitals,"<tr><td>Divisional Hospital Galagedara<div class=""e-mail""></div></td><td>Central Province</td><td>Kandy</td><td><a href=""tel:081-2461261"" class=""phone-link"">081-2461261</a><div class=""phone-secondary""></div></td><td>Free</td></tr>",,,,
339,Divisional Hospital Galenbindunuwewa,Mental Health,Government Divisional Hospital,Free,025-2258261,,,North Central Province,Anuradhapura,Galenbindunuwewa,Galenbindunuwewa,"Galenbindunuwewa, Anuradhapura District",Mental Health clinic,Call ahead to confirm current clinic/consultant hours,,http://www.mentalhealth.health.gov.lk/index.php?option=com_content&view=article&id=33&Itemid=193&lang=en; https://hospitalslk.blogspot.com/2011/12/anuradhapura-district.html,Government Hospitals,"<tr><td>Divisional Hospital Galenbindunuwewa<div class=""e-mail""></div></td><td>North Central Province</td><td>Anuradhapura</td><td><a href=""tel:025-2258261"" class=""phone-link"">025-2258261</a><div class=""phone-secondary""></div></td><td>Free<div> <a href=""http://www.mentalhealth.health.gov.lk/index.php?option=com_content&view=article&id=33&Itemid=193&lang=en; https://hospitalslk.blogspot.com/2011/12/anuradhapura-district.html"" class=""web-site""target=""_blank"" style=""text-decoration: none;"">Web Site  🔗</a></div></td></tr>",,,,
340,Divisional Hospital Galewela,Mental Health,Government Hospital,Free,066-2289261,,,Central Province,Matale,Galewela,Galewela,"Galewela, Matale District",Mental Health clinic,Call ahead to confirm current clinic/consultant hours,,https://www.mentalhealth.health.gov.lk/index.php?option=com_content&view=article&id=47&Itemid=206&lang=en,Government Hospitals,"<tr><td>Divisional Hospital Galewela<div class=""e-mail""></div></td><td>Central Province</td><td>Matale</td><td><a href=""tel:066-2289261"" class=""phone-link"">066-2289261</a><div class=""phone-secondary""></div></td><td>Free<div> <a href=""https://www.mentalhealth.health.gov.lk/index.php?option=com_content&view=article&id=47&Itemid=206&lang=en"" class=""web-site""target=""_blank"" style=""text-decoration: none;"">Web Site  🔗</a></div></td></tr>",,,,
341,Divisional Hospital Galmuruwa,Mental Health,Government Divisional Hospital,Free,032-2240662,,,North Western Province,Puttalam,Madampe,Madampe,"Galmuruwa, Puttalam District",Mental Health clinic,Call ahead to confirm current clinic/consultant hours,,https://www.mentalhealth.health.gov.lk/index.php?option=com_content&view=article&id=52&Itemid=211&lang=en; https://rdhsputtalam.yolasite.com/institutions-informations.php,Government Hospitals,"<tr><td>Divisional Hospital Galmuruwa<div class=""e-mail""></div></td><td>North Western Province</td><td>Puttalam</td><td><a href=""tel:032-2240662"" class=""phone-link"">032-2240662</a><div class=""phone-secondary""></div></td><td>Free<div> <a href=""https://www.mentalhealth.health.gov.lk/index.php?option=com_content&view=article&id=52&Itemid=211&lang=en; https://rdhsputtalam.yolasite.com/institutions-informations.php"" class=""web-site""target=""_blank"" style=""text-decoration: none;"">Web Site  🔗</a></div></td></tr>",,,,
342,Divisional Hospital Gangodagama,Mental Health,Government,Free,041-2286261,,,Southern Province,Matara,Hakmana,Hakmana,"Weligama, Matara District",Mental Health clinic,Call ahead to confirm current clinic/consultant hours,,https://www.mentalhealth.health.gov.lk/index.php?option=com_content&view=article&id=48&Itemid=207&lang=en ; https://lankainformation.lk/directory/health/list-of-hospitals-in-sri-lanka/matara-district,Government Hospitals,"<tr><td>Divisional Hospital Gangodagama<div class=""e-mail""></div></td><td>Southern Province</td><td>Matara</td><td><a href=""tel:041-2286261"" class=""phone-link"">041-2286261</a><div class=""phone-secondary""></div></td><td>Free<div> <a href=""https://www.mentalhealth.health.gov.lk/index.php?option=com_content&view=article&id=48&Itemid=207&lang=en ; https://lankainformation.lk/directory/health/list-of-hospitals-in-sri-lanka/matara-district"" class=""web-site""target=""_blank"" style=""text-decoration: none;"">Web Site  🔗</a></div></td></tr>",,,,
343,Divisional Hospital Ganthuna,Mental Health,Government,Free,035-3953558,,,Sabaragamuwa Province,Kegalle,Kegalle,Kegalle,"Kithulgala, Kegalle District",Mental Health clinic,Call ahead to confirm current clinic/consultant hours,,https://www.mentalhealth.health.gov.lk/index.php?option=com_content&view=article&id=43:kegalle-district&catid=18&Itemid=202&lang=en; http://www.kegalle.dist.gov.lk/index.php/en/aboutus/15-government-service-centers/18-hospitals.html,Government Hospitals,"<tr><td>Divisional Hospital Ganthuna<div class=""e-mail""></div></td><td>Sabaragamuwa Province</td><td>Kegalle</td><td><a href=""tel:035-3953558"" class=""phone-link"">035-3953558</a><div class=""phone-secondary""></div></td><td>Free<div> <a href=""https://www.mentalhealth.health.gov.lk/index.php?option=com_content&view=article&id=43:kegalle-district&catid=18&Itemid=202&lang=en; http://www.kegalle.dist.gov.lk/index.php/en/aboutus/15-government-service-centers/18-hospitals.html"" class=""web-site""target=""_blank"" style=""text-decoration: none;"">Web Site  🔗</a></div></td></tr>",,,,
344,Divisional Hospital Girandurukotte,Mental Health,Government Divisional Hospital,Free,027-2254261,,dhgkotte@gmail.com,Uva Province,Badulla,Girandurukotte,Girandurukotte,Girandurukotte,Mental Health clinic,Typical government hours (confirm),MO,,Government Hospitals,"<tr><td>Divisional Hospital Girandurukotte<div class=""e-mail"">dhgkotte@gmail.com</div></td><td>Uva Province</td><td>Badulla</td><td><a href=""tel:027-2254261"" class=""phone-link"">027-2254261</a><div class=""phone-secondary""></div></td><td>Free</td></tr>",,,,
345,Divisional Hospital Godakawela,Mental Health,Government Divisional Hospital,Free,045-2240361,,,Sabaragamuwa Province,Ratnapura,Godakawela,Godakawela,"Godakawela, Ratnapura District",Mental Health clinic,Call ahead to confirm current clinic/consultant hours,,,Government Hospitals,"<tr><td>Divisional Hospital Godakawela<div class=""e-mail""></div></td><td>Sabaragamuwa Province</td><td>Ratnapura</td><td><a href=""tel:045-2240361"" class=""phone-link"">045-2240361</a><div class=""phone-secondary""></div></td><td>Free</td></tr>",,,,
346,Divisional Hospital Gokarella,Mental Health,Government,Free,037-2250560,,,North Western Province,Kurunegala,Ibbagamuwa,Ibbagamuwa,,Mental Health clinic,,,,Government Hospitals,"<tr><td>Divisional Hospital Gokarella<div class=""e-mail""></div></td><td>North Western Province</td><td>Kurunegala</td><td><a href=""tel:037-2250560"" class=""phone-link"">037-2250560</a><div class=""phone-secondary""></div></td><td>Free</td></tr>",,,,
347,Divisional Hospital Gomarankadawala,Mental Health,Government Hospital,Free,026-3261073,026-2225061,,Eastern Province,Trincomalee,Gomarankadawala,Gomarankadawala,"Gomarankadawala, Trincomalee District",Mental Health clinic,Call ahead to confirm current clinic/consultant hours,,https://www.mentalhealth.health.gov.lk/index.php?option=com_content&view=article&id=54&Itemid=213&lang=en,Government Hospitals,"<tr><td>Divisional Hospital Gomarankadawala<div class=""e-mail""></div></td><td>Eastern Province</td><td>Trincomalee</td><td><a href=""tel:026-3261073"" class=""phone-link"">026-3261073</a><div class=""phone-secondary"">026-2225061</div></td><td>Free<div> <a href=""https://www.mentalhealth.health.gov.lk/index.php?option=com_content&view=article&id=54&Itemid=213&lang=en"" class=""web-site""target=""_blank"" style=""text-decoration: none;"">Web Site  🔗</a></div></td></tr>",,,,
348,Divisional Hospital Habaraduwa,Mental Health,Government Divisional Hospital,Free,091-2283262,091-2286061,,Southern Province,Galle,Habaraduwa,Habaraduwa,"Imaduwa, Galle District",Mental Health clinic,Call ahead to confirm current clinic/consultant hours,,,Government Hospitals,"<tr><td>Divisional Hospital Habaraduwa<div class=""e-mail""></div></td><td>Southern Province</td><td>Galle</td><td><a href=""tel:091-2283262"" class=""phone-link"">091-2283262</a><div class=""phone-secondary"">091-2286061</div></td><td>Free</td></tr>",,,,
349,Divisional Hospital Haldummulla,Mental Health,Government Divisional Hospital,Free,057-2050036,057-2268161,haldummulladh@gmail.com,Uva Province,Badulla,Haldummulla,Haldummulla,Haldummulla,Mental Health clinic,Typical government hours (confirm),MO,,Government Hospitals,"<tr><td>Divisional Hospital Haldummulla<div class=""e-mail"">haldummulladh@gmail.com</div></td><td>Uva Province</td><td>Badulla</td><td><a href=""tel:057-2050036"" class=""phone-link"">057-2050036</a><div class=""phone-secondary"">057-2268161</div></td><td>Free</td></tr>",,,,
350,Divisional Hospital Hambegamuwa,Mental Health,Government Hospital,Free,047-3489017,,,Uva Province,Monaragala,Thanamalwila,Thanamalwila,"Hambegamuwa, Monaragala District",Mental Health clinic,Call ahead to confirm current clinic/consultant hours,,,Government Hospitals,"<tr><td>Divisional Hospital Hambegamuwa<div class=""e-mail""></div></td><td>Uva Province</td><td>Monaragala</td><td><a href=""tel:047-3489017"" class=""phone-link"">047-3489017</a><div class=""phone-secondary""></div></td><td>Free</td></tr>",,,,
351,Divisional Hospital Handapanagala,Mental Health,Government Hospital,Free,055-2274767,047-2280019,,Uva Province,Monaragala,Wellawaya,Wellawaya,"Sewanagala, Monaragala District",Mental Health clinic,Call ahead to confirm current clinic/consultant hours,,,Government Hospitals,"<tr><td>Divisional Hospital Handapanagala<div class=""e-mail""></div></td><td>Uva Province</td><td>Monaragala</td><td><a href=""tel:055-2274767"" class=""phone-link"">055-2274767</a><div class=""phone-secondary"">047-2280019</div></td><td>Free</td></tr>",,,,
352,Divisional Hospital Hatharaliyadda,Mental Health,Government,Free,081-2464361,,,Central Province,Kandy,Hatharaliyadda,Hatharaliyadda,,Mental Health clinic,,,,Government Hospitals,"<tr><td>Divisional Hospital Hatharaliyadda<div class=""e-mail""></div></td><td>Central Province</td><td>Kandy</td><td><a href=""tel:081-2464361"" class=""phone-link"">081-2464361</a><div class=""phone-secondary""></div></td><td>Free</td></tr>",,,,
353,Divisional Hospital Hemmathagama,Mental Health,Government Divisional Hospital,Free,035-2257593,,,Sabaragamuwa Province,Kegalle,Mawanella,Mawanella,"Divisional Hospital, Hemmathagama",Mental Health clinic,Call ahead to confirm current clinic/consultant hours,,https://www.mentalhealth.health.gov.lk/index.php?option=com_content&view=article&id=43:kegalle-district&catid=18&Itemid=202&lang=en,Government Hospitals,"<tr><td>Divisional Hospital Hemmathagama<div class=""e-mail""></div></td><td>Sabaragamuwa Province</td><td>Kegalle</td><td><a href=""tel:035-2257593"" class=""phone-link"">035-2257593</a><div class=""phone-secondary""></div></td><td>Free<div> <a href=""https://www.mentalhealth.health.gov.lk/index.php?option=com_content&view=article&id=43:kegalle-district&catid=18&Itemid=202&lang=en"" class=""web-site""target=""_blank"" style=""text-decoration: none;"">Web Site  🔗</a></div></td></tr>",,,,
354,Divisional Hospital Hettipola,Mental Health,Government,Free,037-2291061,,,North Western Province,Kurunegala,Panduwasnuwara West,Panduwasnuwara West,"Divisional Hospital, Hiripitiya",Mental Health clinic,Call ahead to confirm current clinic/consultant hours,,,Government Hospitals,"<tr><td>Divisional Hospital Hettipola<div class=""e-mail""></div></td><td>North Western Province</td><td>Kurunegala</td><td><a href=""tel:037-2291061"" class=""phone-link"">037-2291061</a><div class=""phone-secondary""></div></td><td>Free</td></tr>",,,,
355,Divisional Hospital Hikkaduwa,Mental Health,Government Divisional Hospital,Free,091-2277261,091-2286061,,Southern Province,Galle,Hikkaduwa,Hikkaduwa,"Imaduwa, Galle District",Mental Health clinic,Call ahead to confirm current clinic/consultant hours,,,Government Hospitals,"<tr><td>Divisional Hospital Hikkaduwa<div class=""e-mail""></div></td><td>Southern Province</td><td>Galle</td><td><a href=""tel:091-2277261"" class=""phone-link"">091-2277261</a><div class=""phone-secondary"">091-2286061</div></td><td>Free</td></tr>",,,,
356,Divisional Hospital Hiniduma,Mental Health,Government Divisional Hospital,Free,091-3783035,091-3783085; 091-3927275,,Southern Province,Galle,Thawalama,Thawalama,"Hiniduma, Galle District",Mental Health clinic,Call ahead to confirm current clinic/consultant hours,,,Government Hospitals,"<tr><td>Divisional Hospital Hiniduma<div class=""e-mail""></div></td><td>Southern Province</td><td>Galle</td><td><a href=""tel:091-3783035"" class=""phone-link"">091-3783035</a><div class=""phone-secondary"">091-3783085; 091-3927275</div></td><td>Free</td></tr>",,,,
357,Divisional Hospital Hiripitiya,Mental Health,Government Divisional Hospital,Free,037-2264061,,,North Western Province,Kurunegala,Ganewaththa,Ganewaththa,"Divisional Hospital, Hiripitiya",Mental Health clinic,Call ahead to confirm current clinic/consultant hours,,,Government Hospitals,"<tr><td>Divisional Hospital Hiripitiya<div class=""e-mail""></div></td><td>North Western Province</td><td>Kurunegala</td><td><a href=""tel:037-2264061"" class=""phone-link"">037-2264061</a><div class=""phone-secondary""></div></td><td>Free</td></tr>",,,,
358,Divisional Hospital Imaduwa,Mental Health,Government Divisional Hospital,Free,091-2286061,,,Southern Province,Galle,Imaduwa,Imaduwa,"Imaduwa, Galle District",Mental Health clinic,Call ahead to confirm current clinic/consultant hours,,,Government Hospitals,"<tr><td>Divisional Hospital Imaduwa<div class=""e-mail""></div></td><td>Southern Province</td><td>Galle</td><td><a href=""tel:091-2286061"" class=""phone-link"">091-2286061</a><div class=""phone-secondary""></div></td><td>Free</td></tr>",,,,
359,Divisional Hospital Induruwa,Mental Health,Government Divisional Hospital,Free,034-2274055,091-2286061,,Southern Province,Galle,Induruwa,Induruwa,"Imaduwa, Galle District",Mental Health clinic,Call ahead to confirm current clinic/consultant hours,,,Government Hospitals,"<tr><td>Divisional Hospital Induruwa<div class=""e-mail""></div></td><td>Southern Province</td><td>Galle</td><td><a href=""tel:034-2274055"" class=""phone-link"">034-2274055</a><div class=""phone-secondary"">091-2286061</div></td><td>Free</td></tr>",,,,
360,Divisional Hospital Inginiyagala,Mental Health,Government Hospital,Free,063-2242061,047-2280019,,Uva Province,Monaragala,Madulla,Madulla,"Sewanagala, Monaragala District",Mental Health clinic,Call ahead to confirm current clinic/consultant hours,,,Government Hospitals,"<tr><td>Divisional Hospital Inginiyagala<div class=""e-mail""></div></td><td>Uva Province</td><td>Monaragala</td><td><a href=""tel:063-2242061"" class=""phone-link"">063-2242061</a><div class=""phone-secondary"">047-2280019</div></td><td>Free</td></tr>",,,,
361,Divisional Hospital Ingiriya,Mental Health,Government Divisional Hospital,Free,034-2269261,,,Western Province,Kalutara,Ingiriya,Ingiriya,"Ingiriya, Kalutara District",Mental Health clinic,Call to confirm,,,Government Hospitals,"<tr><td>Divisional Hospital Ingiriya<div class=""e-mail""></div></td><td>Western Province</td><td>Kalutara</td><td><a href=""tel:034-2269261"" class=""phone-link"">034-2269261</a><div class=""phone-secondary""></div></td><td>Free</td></tr>",,,,
362,Divisional Hospital Irakkamam,Mental Health,Government Hospital,Free,063-2224804,063-3632638,,Eastern Province,Ampara,Irrakkamam,Irrakkamam,"Panama, Ampara District",Mental Health clinic,Call ahead to confirm current clinic/consultant hours,,,Government Hospitals,"<tr><td>Divisional Hospital Irakkamam<div class=""e-mail""></div></td><td>Eastern Province</td><td>Ampara</td><td><a href=""tel:063-2224804"" class=""phone-link"">063-2224804</a><div class=""phone-secondary"">063-3632638</div></td><td>Free</td></tr>",,,,
363,Divisional Hospital Ittepana,Mental Health,Government Divisional Hospital,Free,034-2274460,,,Western Province,Kalutara,Ittepana,Ittepana,"Ittepana, Kalutara District",Mental Health clinic,Call to confirm,,,Government Hospitals,"<tr><td>Divisional Hospital Ittepana<div class=""e-mail""></div></td><td>Western Province</td><td>Kalutara</td><td><a href=""tel:034-2274460"" class=""phone-link"">034-2274460</a><div class=""phone-secondary""></div></td><td>Free</td></tr>",,,,
364,Divisional Hospital Jayanthipura,Mental Health,Government Divisional Hospital,Free,027-2223119,027-2222163,,North Central Province,Polonnaruwa,Jayanthipura,Jayanthipura,"Jayanthipura, Polonnaruwa District",Mental Health clinic,Call ahead to confirm current clinic hours,,,Government Hospitals,"<tr><td>Divisional Hospital Jayanthipura<div class=""e-mail""></div></td><td>North Central Province</td><td>Polonnaruwa</td><td><a href=""tel:027-2223119"" class=""phone-link"">027-2223119</a><div class=""phone-secondary"">027-2222163</div></td><td>Free</td></tr>",,,,
365,Divisional Hospital Kadanegedara,Mental Health,Government,Free,037-2285861,037-2222262; 037-2233906,info@kurunegalahospital.health.gov.lk,North Western Province,Kurunegala,Panduwasnuwara West,Panduwasnuwara West,"Colombo Road, Kurunegala 60000",Mental Health clinic,24/7 emergency; psychiatry clinic schedule confirm locally,Consultant Psychiatry Team,,Government Hospitals,"<tr><td>Divisional Hospital Kadanegedara<div class=""e-mail"">info@kurunegalahospital.health.gov.lk</div></td><td>North Western Province</td><td>Kurunegala</td><td><a href=""tel:037-2285861"" class=""phone-link"">037-2285861</a><div class=""phone-secondary"">037-2222262; 037-2233906</div></td><td>Free</td></tr>",,,,
366,Divisional Hospital Kadugannawa,Mental Health,Government Divisional Hospital,Free,081-2571344,,,Central Province,Kandy,Yatinuwara,Yatinuwara,"Kadugannawa, Kandy District",Mental Health clinic,Call ahead to confirm current clinic/consultant hours,,,Government Hospitals,"<tr><td>Divisional Hospital Kadugannawa<div class=""e-mail""></div></td><td>Central Province</td><td>Kandy</td><td><a href=""tel:081-2571344"" class=""phone-link"">081-2571344</a><div class=""phone-secondary""></div></td><td>Free</td></tr>",,,,
367,Divisional Hospital Kahatagasdigiliya,Mental Health,Government Divisional Hospital,Free,025-2247461,,,North Central Province,Anuradhapura,Kahatagasdigiliya,Kahatagasdigiliya,"Kahatagasdigiliya, Anuradhapura District",Mental Health clinic,Call ahead to confirm current clinic/consultant hours,,http://www.mentalhealth.health.gov.lk/index.php?option=com_content&view=article&id=33&Itemid=193&lang=en; https://hospitalslk.blogspot.com/2011/12/anuradhapura-district.html,Government Hospitals,"<tr><td>Divisional Hospital Kahatagasdigiliya<div class=""e-mail""></div></td><td>North Central Province</td><td>Anuradhapura</td><td><a href=""tel:025-2247461"" class=""phone-link"">025-2247461</a><div class=""phone-secondary""></div></td><td>Free<div> <a href=""http://www.mentalhealth.health.gov.lk/index.php?option=com_content&view=article&id=33&Itemid=193&lang=en; https://hospitalslk.blogspot.com/2011/12/anuradhapura-district.html"" class=""web-site""target=""_blank"" style=""text-decoration: none;"">Web Site  🔗</a></div></td></tr>",,,,
368,Divisional Hospital Kallar,Mental Health,Government Divisional Hospital,Free,065-2229267,067-2229267,,Eastern Province,Batticaloa,Kallar,Kallar,"Kallar, Batticaloa District",Mental Health clinic,Call ahead to confirm current clinic hours,,,Government Hospitals,"<tr><td>Divisional Hospital Kallar<div class=""e-mail""></div></td><td>Eastern Province</td><td>Batticaloa</td><td><a href=""tel:065-2229267"" class=""phone-link"">065-2229267</a><div class=""phone-secondary"">067-2229267</div></td><td>Free</td></tr>",,,,
369,Divisional Hospital Kalthota,Mental Health,Government Divisional Hospital,Free,047-3489259,047-3489295,,Sabaragamuwa Province,Ratnapura,Kalthota,Kalthota,"Kaltota, Ratnapura District",Mental Health clinic,Call ahead to confirm current clinic/consultant hours,,,Government Hospitals,"<tr><td>Divisional Hospital Kalthota<div class=""e-mail""></div></td><td>Sabaragamuwa Province</td><td>Ratnapura</td><td><a href=""tel:047-3489259"" class=""phone-link"">047-3489259</a><div class=""phone-secondary"">047-3489295</div></td><td>Free</td></tr>",,,,
370,Divisional Hospital Kandaketiya,Mental Health,Government Divisional Hospital,Free,055-2245661,,kandaketiyadh@gmail.com,Uva Province,Badulla,Kandaketiya,Kandaketiya,Kandaketiya,Mental Health clinic,Typical government hours (confirm),MO,,Government Hospitals,"<tr><td>Divisional Hospital Kandaketiya<div class=""e-mail"">kandaketiyadh@gmail.com</div></td><td>Uva Province</td><td>Badulla</td><td><a href=""tel:055-2245661"" class=""phone-link"">055-2245661</a><div class=""phone-secondary""></div></td><td>Free</td></tr>",,,,
371,Divisional Hospital Karadiyanaru,Mental Health,Government Divisional Hospital,Free,065-2059461,065-3655364,,Eastern Province,Batticaloa,Karadiyanaru,Karadiyanaru,"Karadiyanaru, Batticaloa District",Mental Health clinic,Call ahead to confirm current clinic hours,,,Government Hospitals,"<tr><td>Divisional Hospital Karadiyanaru<div class=""e-mail""></div></td><td>Eastern Province</td><td>Batticaloa</td><td><a href=""tel:065-2059461"" class=""phone-link"">065-2059461</a><div class=""phone-secondary"">065-3655364</div></td><td>Free</td></tr>",,,,
372,Divisional Hospital Karaitivu,Mental Health,Government,Free,067-2251297,,,Eastern Province,Ampara,Karaitivu,Karaitivu,"Senarathpura, Ampara District",Mental Health clinic,Call ahead to confirm current clinic/consultant hours,,,Government Hospitals,"<tr><td>Divisional Hospital Karaitivu<div class=""e-mail""></div></td><td>Eastern Province</td><td>Ampara</td><td><a href=""tel:067-2251297"" class=""phone-link"">067-2251297</a><div class=""phone-secondary""></div></td><td>Free</td></tr>",,,,
373,Divisional Hospital Karandeniya,Mental Health,Government Hospital,Free,091-2291263,035-2258061,,Southern Province,Galle,Karandeniya,Karandeniya,"Aranayaka, Kegalle District",Mental Health clinic,Call ahead to confirm current clinic/consultant hours,,https://www.mentalhealth.health.gov.lk/index.php?option=com_content&view=article&id=43:kegalle-district&catid=18&Itemid=202&lang=en; http://www.kegalle.dist.gov.lk/index.php/en/aboutus/15-government-service-centers/18-hospitals.html,Government Hospitals,"<tr><td>Divisional Hospital Karandeniya<div class=""e-mail""></div></td><td>Southern Province</td><td>Galle</td><td><a href=""tel:091-2291263"" class=""phone-link"">091-2291263</a><div class=""phone-secondary"">035-2258061</div></td><td>Free<div> <a href=""https://www.mentalhealth.health.gov.lk/index.php?option=com_content&view=article&id=43:kegalle-district&catid=18&Itemid=202&lang=en; http://www.kegalle.dist.gov.lk/index.php/en/aboutus/15-government-service-centers/18-hospitals.html"" class=""web-site""target=""_blank"" style=""text-decoration: none;"">Web Site  🔗</a></div></td></tr>",,,,
374,Divisional Hospital Kariyamadiththa,Mental Health,Government,Free,047-2247262,,,Southern Province,Hambantota,Angunukolapelessa,Angunukolapelessa,"Ambalanthota, Hambantota District",Mental Health clinic,Call ahead to confirm current clinic/consultant hours,,,Government Hospitals,"<tr><td>Divisional Hospital Kariyamadiththa<div class=""e-mail""></div></td><td>Southern Province</td><td>Hambantota</td><td><a href=""tel:047-2247262"" class=""phone-link"">047-2247262</a><div class=""phone-secondary""></div></td><td>Free</td></tr>",,,,
375,Divisional Hospital Kataragama,Mental Health,Government Hospital,Free,047-2235261,,,Uva Province,Monaragala,Kataragama,Kataragama,"Kataragama, Monaragala District",Mental Health clinic,Call ahead to confirm current clinic/consultant hours,,,Government Hospitals,"<tr><td>Divisional Hospital Kataragama<div class=""e-mail""></div></td><td>Uva Province</td><td>Monaragala</td><td><a href=""tel:047-2235261"" class=""phone-link"">047-2235261</a><div class=""phone-secondary""></div></td><td>Free</td></tr>",,,,
376,Divisional Hospital Katugastota,Mental Health,Government Divisional Hospital,Free,081-2499261,,,Central Province,Kandy,Pathadumbara,Pathadumbara,"Katugastota, Kandy District",Mental Health clinic,Call ahead to confirm current clinic/consultant hours,,,Government Hospitals,"<tr><td>Divisional Hospital Katugastota<div class=""e-mail""></div></td><td>Central Province</td><td>Kandy</td><td><a href=""tel:081-2499261"" class=""phone-link"">081-2499261</a><div class=""phone-secondary""></div></td><td>Free</td></tr>",,,,
377,Divisional Hospital Katupotha,Mental Health,Government,Free,037-2247053,,,North Western Province,Kurunegala,Katupotha,Katupotha,,Mental Health clinic,,,,Government Hospitals,"<tr><td>Divisional Hospital Katupotha<div class=""e-mail""></div></td><td>North Western Province</td><td>Kurunegala</td><td><a href=""tel:037-2247053"" class=""phone-link"">037-2247053</a><div class=""phone-secondary""></div></td><td>Free</td></tr>",,,,
378,Divisional Hospital Katuwana,Mental Health,Government,Free,047-2247361,047-2220261,,Southern Province,Hambantota,Katuwana,Katuwana,"Hambantota, Hambantota District",Mental Health clinic,Call ahead to confirm current clinic/consultant hours,,,Government Hospitals,"<tr><td>Divisional Hospital Katuwana<div class=""e-mail""></div></td><td>Southern Province</td><td>Hambantota</td><td><a href=""tel:047-2247361"" class=""phone-link"">047-2247361</a><div class=""phone-secondary"">047-2220261</div></td><td>Free</td></tr>",,,,
379,Divisional Hospital Kekirawa,Mental Health + Child Mental Health,Government Divisional Hospital,Free,025-2264261,,,North Central Province,Anuradhapura,Kekirawa,Kekirawa,"Kekirawa, Anuradhapura District",Mental Health clinic Yowun Piyasa,Call ahead to confirm current clinic/consultant hours,,http://www.mentalhealth.health.gov.lk/index.php?option=com_content&view=article&id=33&Itemid=193&lang=en; https://hospitalslk.blogspot.com/2011/12/anuradhapura-district.html,Government Hospitals,"<tr><td>Divisional Hospital Kekirawa<div class=""e-mail""></div></td><td>North Central Province</td><td>Anuradhapura</td><td><a href=""tel:025-2264261"" class=""phone-link"">025-2264261</a><div class=""phone-secondary""></div></td><td>Free<div> <a href=""http://www.mentalhealth.health.gov.lk/index.php?option=com_content&view=article&id=33&Itemid=193&lang=en; https://hospitalslk.blogspot.com/2011/12/anuradhapura-district.html"" class=""web-site""target=""_blank"" style=""text-decoration: none;"">Web Site  🔗</a></div></td></tr>",,,,
380,Divisional Hospital Kiliveddy,Mental Health,Government Hospital,Free,026-2251462,026-2225462,,Eastern Province,Trincomalee,Kiliveddy,Kiliveddy,"Kilivetti, Trincomalee District",Mental Health clinic,Call ahead to confirm current clinic/consultant hours,,https://www.mentalhealth.health.gov.lk/index.php?option=com_content&view=article&id=54&Itemid=213&lang=en,Government Hospitals,"<tr><td>Divisional Hospital Kiliveddy<div class=""e-mail""></div></td><td>Eastern Province</td><td>Trincomalee</td><td><a href=""tel:026-2251462"" class=""phone-link"">026-2251462</a><div class=""phone-secondary"">026-2225462</div></td><td>Free<div> <a href=""https://www.mentalhealth.health.gov.lk/index.php?option=com_content&view=article&id=54&Itemid=213&lang=en"" class=""web-site""target=""_blank"" style=""text-decoration: none;"">Web Site  🔗</a></div></td></tr>",,,,
381,Divisional Hospital Kiriella,Mental Health,Government Divisional Hospital,Free,045-2265861,,,Sabaragamuwa Province,Ratnapura,Kiriella,Kiriella,"Kiriella, Ratnapura District",Mental Health clinic,Call ahead to confirm current clinic/consultant hours,,,Government Hospitals,"<tr><td>Divisional Hospital Kiriella<div class=""e-mail""></div></td><td>Sabaragamuwa Province</td><td>Ratnapura</td><td><a href=""tel:045-2265861"" class=""phone-link"">045-2265861</a><div class=""phone-secondary""></div></td><td>Free</td></tr>",,,,
382,Divisional Hospital Kithulgala,Mental Health,Government Hospital,Free,036-2287561,035-2287561,,Sabaragamuwa Province,Kegalle,Yatiyanthota,Yatiyanthota,"Kithulgala, Kegalle District",Mental Health clinic,Call ahead to confirm current clinic/consultant hours,,https://www.mentalhealth.health.gov.lk/index.php?option=com_content&view=article&id=43:kegalle-district&catid=18&Itemid=202&lang=en; http://www.kegalle.dist.gov.lk/index.php/en/aboutus/15-government-service-centers/18-hospitals.html,Government Hospitals,"<tr><td>Divisional Hospital Kithulgala<div class=""e-mail""></div></td><td>Sabaragamuwa Province</td><td>Kegalle</td><td><a href=""tel:036-2287561"" class=""phone-link"">036-2287561</a><div class=""phone-secondary"">035-2287561</div></td><td>Free<div> <a href=""https://www.mentalhealth.health.gov.lk/index.php?option=com_content&view=article&id=43:kegalle-district&catid=18&Itemid=202&lang=en; http://www.kegalle.dist.gov.lk/index.php/en/aboutus/15-government-service-centers/18-hospitals.html"" class=""web-site""target=""_blank"" style=""text-decoration: none;"">Web Site  🔗</a></div></td></tr>",,,,
383,Divisional Hospital Kobeigane,Mental Health,Government,Free,037-2293060,,,North Western Province,Kurunegala,Kobeigane,Kobeigane,,Mental Health clinic,,,,Government Hospitals,"<tr><td>Divisional Hospital Kobeigane<div class=""e-mail""></div></td><td>North Western Province</td><td>Kurunegala</td><td><a href=""tel:037-2293060"" class=""phone-link"">037-2293060</a><div class=""phone-secondary""></div></td><td>Free</td></tr>",,,,
384,Divisional Hospital Kokkilai,Mental Health,Government,Free,021-3204383,,,Northern Province,Mullaitivu,Mullaitivu,Mullaitivu,,Mental Health clinic,,,,Government Hospitals,"<tr><td>Divisional Hospital Kokkilai<div class=""e-mail""></div></td><td>Northern Province</td><td>Mullaitivu</td><td><a href=""tel:021-3204383"" class=""phone-link"">021-3204383</a><div class=""phone-secondary""></div></td><td>Free</td></tr>",,,,
385,Divisional Hospital Koongahawela,Mental Health,Government Hospital,Free,066-2246261,,,Central Province,Matale,Koongahawela,Koongahawela,"Koongahawela, Matale District",Mental Health clinic,Call ahead to confirm current clinic/consultant hours,,https://www.mentalhealth.health.gov.lk/index.php?option=com_content&view=article&id=47&Itemid=206&lang=en,Government Hospitals,"<tr><td>Divisional Hospital Koongahawela<div class=""e-mail""></div></td><td>Central Province</td><td>Matale</td><td><a href=""tel:066-2246261"" class=""phone-link"">066-2246261</a><div class=""phone-secondary""></div></td><td>Free<div> <a href=""https://www.mentalhealth.health.gov.lk/index.php?option=com_content&view=article&id=47&Itemid=206&lang=en"" class=""web-site""target=""_blank"" style=""text-decoration: none;"">Web Site  🔗</a></div></td></tr>",,,,
386,Divisional Hospital Kosgama,Mental Health + Elder Care,Government Base Hospital,Free,036-2255061,011-2855200,,Western Province,Colombo,Seethawaka,Seethawaka,"Homagama, Colombo District",Mental Health clinic,Call ahead to confirm current clinic/consultant hours,,https://www.mentalhealth.health.gov.lk/index.php?option=com_content&view=article&id=36&Itemid=196&lang=en,Elders' Homes & Care Services,"<tr><td>Divisional Hospital Kosgama<div class=""e-mail""></div></td><td>Western Province</td><td>Colombo</td><td><a href=""tel:036-2255061"" class=""phone-link"">036-2255061</a><div class=""phone-secondary"">011-2855200</div></td><td>Free<div> <a href=""https://www.mentalhealth.health.gov.lk/index.php?option=com_content&view=article&id=36&Itemid=196&lang=en"" class=""web-site""target=""_blank"" style=""text-decoration: none;"">Web Site  🔗</a></div></td></tr>",,,,
387,Divisional Hospital Koslanda,Mental Health,Government Divisional Hospital,Free,057-2257761,,dhkbadulla@gmail.com,Uva Province,Badulla,Haldummulla,Haldummulla,Koslanda,Mental Health clinic,Typical government hours (confirm),MO,,Government Hospitals,"<tr><td>Divisional Hospital Koslanda<div class=""e-mail"">dhkbadulla@gmail.com</div></td><td>Uva Province</td><td>Badulla</td><td><a href=""tel:057-2257761"" class=""phone-link"">057-2257761</a><div class=""phone-secondary""></div></td><td>Free</td></tr>",,,,
388,Divisional Hospital Kotagala,Mental Health,Government Hospital,Free,052-2244261,051-2244261,,Central Province,Nuwara Eliya,Kotagala,Kotagala,"Kotagala, Nuwara Eliya District",Mental Health clinic,Call ahead to confirm current clinic/consultant hours,,https://www.mentalhealth.health.gov.lk/index.php?option=com_content&view=article&id=51&Itemid=210&lang=en,Government Hospitals,"<tr><td>Divisional Hospital Kotagala<div class=""e-mail""></div></td><td>Central Province</td><td>Nuwara Eliya</td><td><a href=""tel:052-2244261"" class=""phone-link"">052-2244261</a><div class=""phone-secondary"">051-2244261</div></td><td>Free<div> <a href=""https://www.mentalhealth.health.gov.lk/index.php?option=com_content&view=article&id=51&Itemid=210&lang=en"" class=""web-site""target=""_blank"" style=""text-decoration: none;"">Web Site  🔗</a></div></td></tr>",,,,
389,Divisional Hospital Kothmale,Mental Health,Government Hospital,Free,052-2259561,052-2259261,,Central Province,Nuwara Eliya,Kothmale,Kothmale,"Kothmale, Nuwara Eliya District",Mental Health clinic,Call ahead to confirm current clinic/consultant hours,,https://www.mentalhealth.health.gov.lk/index.php?option=com_content&view=article&id=51&Itemid=210&lang=en,Government Hospitals,"<tr><td>Divisional Hospital Kothmale<div class=""e-mail""></div></td><td>Central Province</td><td>Nuwara Eliya</td><td><a href=""tel:052-2259561"" class=""phone-link"">052-2259561</a><div class=""phone-secondary"">052-2259261</div></td><td>Free<div> <a href=""https://www.mentalhealth.health.gov.lk/index.php?option=com_content&view=article&id=51&Itemid=210&lang=en"" class=""web-site""target=""_blank"" style=""text-decoration: none;"">Web Site  🔗</a></div></td></tr>",,,,
390,Divisional Hospital Kuchchavely,Mental Health,Government Hospital,Free,026-2252661,,,Eastern Province,Trincomalee,Kuchchavely,Kuchchavely,"Kuchchaveli, Trincomalee District",Mental Health clinic,Call ahead to confirm current clinic/consultant hours,,https://www.mentalhealth.health.gov.lk/index.php?option=com_content&view=article&id=54&Itemid=213&lang=en,Government Hospitals,"<tr><td>Divisional Hospital Kuchchavely<div class=""e-mail""></div></td><td>Eastern Province</td><td>Trincomalee</td><td><a href=""tel:026-2252661"" class=""phone-link"">026-2252661</a><div class=""phone-secondary""></div></td><td>Free<div> <a href=""https://www.mentalhealth.health.gov.lk/index.php?option=com_content&view=article&id=54&Itemid=213&lang=en"" class=""web-site""target=""_blank"" style=""text-decoration: none;"">Web Site  🔗</a></div></td></tr>",,,,
391,Divisional Hospital Kurunduwatta,Mental Health,Government Divisional Hospital,Free,081-2352517,,,Central Province,Kandy,Ganga IhalaKorale,Ganga IhalaKorale,"Kurunduwatta, Kandy District",Mental Health clinic,Call ahead to confirm current clinic/consultant hours,,,Government Hospitals,"<tr><td>Divisional Hospital Kurunduwatta<div class=""e-mail""></div></td><td>Central Province</td><td>Kandy</td><td><a href=""tel:081-2352517"" class=""phone-link"">081-2352517</a><div class=""phone-secondary""></div></td><td>Free</td></tr>",,,,
392,Divisional Hospital Laggala,Mental Health,Government Hospital,Free,066-2275061,066-2289261,,Central Province,Matale,Laggala,Laggala,"Galewela, Matale District",Mental Health clinic,Call ahead to confirm current clinic/consultant hours,,https://www.mentalhealth.health.gov.lk/index.php?option=com_content&view=article&id=47&Itemid=206&lang=en,Government Hospitals,"<tr><td>Divisional Hospital Laggala<div class=""e-mail""></div></td><td>Central Province</td><td>Matale</td><td><a href=""tel:066-2275061"" class=""phone-link"">066-2275061</a><div class=""phone-secondary"">066-2289261</div></td><td>Free<div> <a href=""https://www.mentalhealth.health.gov.lk/index.php?option=com_content&view=article&id=47&Itemid=206&lang=en"" class=""web-site""target=""_blank"" style=""text-decoration: none;"">Web Site  🔗</a></div></td></tr>",,,,
393,Divisional Hospital Lahugala,Mental Health,Government Hospital,Free,063-3634699,063-2051857,,Eastern Province,Ampara,Lahugala,Lahugala,"Lahugala, Ampara District",Mental Health clinic,Call ahead to confirm current clinic/consultant hours,,,Government Hospitals,"<tr><td>Divisional Hospital Lahugala<div class=""e-mail""></div></td><td>Eastern Province</td><td>Ampara</td><td><a href=""tel:063-3634699"" class=""phone-link"">063-3634699</a><div class=""phone-secondary"">063-2051857</div></td><td>Free</td></tr>",,,,
394,Divisional Hospital Leliambe,Mental Health + Rehabilitation,Government Hospital,Free,066-5671053,,,Central Province,Matale,Ukuwela,Ukuwela,"Leliambe, Matale District",Medium stay rehabilitation Mental Health clinic,Call ahead to confirm current clinic/consultant hours,,https://www.mentalhealth.health.gov.lk/index.php?option=com_content&view=article&id=47&Itemid=206&lang=en,Government Hospitals,"<tr><td>Divisional Hospital Leliambe<div class=""e-mail""></div></td><td>Central Province</td><td>Matale</td><td><a href=""tel:066-5671053"" class=""phone-link"">066-5671053</a><div class=""phone-secondary""></div></td><td>Free<div> <a href=""https://www.mentalhealth.health.gov.lk/index.php?option=com_content&view=article&id=47&Itemid=206&lang=en"" class=""web-site""target=""_blank"" style=""text-decoration: none;"">Web Site  🔗</a></div></td></tr>",,,,
395,Divisional Hospital Lindula,Mental Health,Government Hospital,Free,052-2258284,052-2258261,,Central Province,Nuwara Eliya,Lindula,Lindula,"Lindula, Nuwara Eliya District",Mental Health clinic,Call ahead to confirm current clinic/consultant hours,,https://www.mentalhealth.health.gov.lk/index.php?option=com_content&view=article&id=51&Itemid=210&lang=en,Government Hospitals,"<tr><td>Divisional Hospital Lindula<div class=""e-mail""></div></td><td>Central Province</td><td>Nuwara Eliya</td><td><a href=""tel:052-2258284"" class=""phone-link"">052-2258284</a><div class=""phone-secondary"">052-2258261</div></td><td>Free<div> <a href=""https://www.mentalhealth.health.gov.lk/index.php?option=com_content&view=article&id=51&Itemid=210&lang=en"" class=""web-site""target=""_blank"" style=""text-decoration: none;"">Web Site  🔗</a></div></td></tr>",,,,
396,Divisional Hospital Lunugamwehera,Mental Health,Government Divisional Hospital,Free,047-2237061,,,Southern Province,Hambantota,Lunugamwehera,Lunugamwehera,"Lunugamvehera, Hambantota District",Mental Health clinic,Call ahead to confirm current clinic/consultant hours,,,Government Hospitals,"<tr><td>Divisional Hospital Lunugamwehera<div class=""e-mail""></div></td><td>Southern Province</td><td>Hambantota</td><td><a href=""tel:047-2237061"" class=""phone-link"">047-2237061</a><div class=""phone-secondary""></div></td><td>Free</td></tr>",,,,
397,Divisional Hospital Lunuwila,Mental Health,Government Divisional Hospital,Free,031-2255261,,,North Western Province,Puttalam,Wennappuwa,Wennappuwa,"Lunuwila, Puttalam District",Mental Health clinic,Call ahead to confirm current clinic/consultant hours,,https://www.mentalhealth.health.gov.lk/index.php?option=com_content&view=article&id=52&Itemid=211&lang=en; https://rdhsputtalam.yolasite.com/institutions-informations.php,Government Hospitals,"<tr><td>Divisional Hospital Lunuwila<div class=""e-mail""></div></td><td>North Western Province</td><td>Puttalam</td><td><a href=""tel:031-2255261"" class=""phone-link"">031-2255261</a><div class=""phone-secondary""></div></td><td>Free<div> <a href=""https://www.mentalhealth.health.gov.lk/index.php?option=com_content&view=article&id=52&Itemid=211&lang=en; https://rdhsputtalam.yolasite.com/institutions-informations.php"" class=""web-site""target=""_blank"" style=""text-decoration: none;"">Web Site  🔗</a></div></td></tr>",,,,
398,Divisional Hospital Madampagama,Mental Health,Government Divisional Hospital,Free,091-2258352,091-2283261,,Southern Province,Galle,Hikkaduwa,Hikkaduwa,"Ahangama, Galle District",Mental Health clinic,Call ahead to confirm current clinic/consultant hours,,,Government Hospitals,"<tr><td>Divisional Hospital Madampagama<div class=""e-mail""></div></td><td>Southern Province</td><td>Galle</td><td><a href=""tel:091-2258352"" class=""phone-link"">091-2258352</a><div class=""phone-secondary"">091-2283261</div></td><td>Free</td></tr>",,,,
399,Divisional Hospital Madolkele,Mental Health,Government Divisional Hospital,Free,081-2363261,,,Central Province,Kandy,Pathadumbara,Pathadumbara,"Madolkele, Kandy District",Mental Health clinic,Call ahead to confirm current clinic/consultant hours,,,Government Hospitals,"<tr><td>Divisional Hospital Madolkele<div class=""e-mail""></div></td><td>Central Province</td><td>Kandy</td><td><a href=""tel:081-2363261"" class=""phone-link"">081-2363261</a><div class=""phone-secondary""></div></td><td>Free</td></tr>",,,,
400,Divisional Hospital Madulla,Mental Health,Government Hospital,Free,052-3525114,052-4920048,,Central Province,Nuwara Eliya,Madulla,Madulla,"Madulla, Nuwara Eliya District",Mental Health clinic,Call ahead to confirm current clinic/consultant hours,,https://www.mentalhealth.health.gov.lk/index.php?option=com_content&view=article&id=51&Itemid=210&lang=en,Government Hospitals,"<tr><td>Divisional Hospital Madulla<div class=""e-mail""></div></td><td>Central Province</td><td>Nuwara Eliya</td><td><a href=""tel:052-3525114"" class=""phone-link"">052-3525114</a><div class=""phone-secondary"">052-4920048</div></td><td>Free<div> <a href=""https://www.mentalhealth.health.gov.lk/index.php?option=com_content&view=article&id=51&Itemid=210&lang=en"" class=""web-site""target=""_blank"" style=""text-decoration: none;"">Web Site  🔗</a></div></td></tr>",,,,
401,Divisional Hospital Mahailatheevu,Mental Health,Government Divisional Hospital,Free,065-2056961,,,Eastern Province,Batticaloa,Mahailatheevu,Mahailatheevu,"Mahilatheevu, Batticaloa District",Mental Health clinic,Call ahead to confirm current clinic hours,,,Government Hospitals,"<tr><td>Divisional Hospital Mahailatheevu<div class=""e-mail""></div></td><td>Eastern Province</td><td>Batticaloa</td><td><a href=""tel:065-2056961"" class=""phone-link"">065-2056961</a><div class=""phone-secondary""></div></td><td>Free</td></tr>",,,,
402,Divisional Hospital Mahapallegama,Mental Health,Government Divisional Hospital,Free,035-2282161,091-2283261,,Sabaragamuwa Province,Kegalle,Warakapola,Warakapola,"Ahangama, Galle District",Mental Health clinic,Call ahead to confirm current clinic/consultant hours,,,Government Hospitals,"<tr><td>Divisional Hospital Mahapallegama<div class=""e-mail""></div></td><td>Sabaragamuwa Province</td><td>Kegalle</td><td><a href=""tel:035-2282161"" class=""phone-link"">035-2282161</a><div class=""phone-secondary"">091-2283261</div></td><td>Free</td></tr>",,,,
403,Divisional Hospital Mahawilachchiya,Mental Health,Government Divisional Hospital,Free,025-2223176,,,North Central Province,Anuradhapura,Mahawilachchiya,Mahawilachchiya,"Mahawilachchiya, Anuradhapura District",Mental Health clinic,Call ahead to confirm current clinic/consultant hours,,http://www.mentalhealth.health.gov.lk/index.php?option=com_content&view=article&id=33&Itemid=193&lang=en; https://hospitalslk.blogspot.com/2011/12/anuradhapura-district.html,Government Hospitals,"<tr><td>Divisional Hospital Mahawilachchiya<div class=""e-mail""></div></td><td>North Central Province</td><td>Anuradhapura</td><td><a href=""tel:025-2223176"" class=""phone-link"">025-2223176</a><div class=""phone-secondary""></div></td><td>Free<div> <a href=""http://www.mentalhealth.health.gov.lk/index.php?option=com_content&view=article&id=33&Itemid=193&lang=en; https://hospitalslk.blogspot.com/2011/12/anuradhapura-district.html"" class=""web-site""target=""_blank"" style=""text-decoration: none;"">Web Site  🔗</a></div></td></tr>",,,,
404,Divisional Hospital Maho,Mental Health,Government,Free,037-2275261,,,North Western Province,Kurunegala,Maho,Maho,"Divisional Hospital, Mawathagama",Mental Health clinic,Call ahead to confirm current clinic/consultant hours,,,Government Hospitals,"<tr><td>Divisional Hospital Maho<div class=""e-mail""></div></td><td>North Western Province</td><td>Kurunegala</td><td><a href=""tel:037-2275261"" class=""phone-link"">037-2275261</a><div class=""phone-secondary""></div></td><td>Free</td></tr>",,,,
405,Divisional Hospital Maldeniya,Mental Health + Rehabilitation,Government Hospital,Free,051-2233262,,,Central Province,Nuwara Eliya,Maldeniya,Maldeniya,"Maldeniya, Nuwara Eliya District",Mental Health clinic Medium stay rehabilitation,Call ahead to confirm current clinic/consultant hours,,https://www.mentalhealth.health.gov.lk/index.php?option=com_content&view=article&id=51&Itemid=210&lang=en,Government Hospitals,"<tr><td>Divisional Hospital Maldeniya<div class=""e-mail""></div></td><td>Central Province</td><td>Nuwara Eliya</td><td><a href=""tel:051-2233262"" class=""phone-link"">051-2233262</a><div class=""phone-secondary""></div></td><td>Free<div> <a href=""https://www.mentalhealth.health.gov.lk/index.php?option=com_content&view=article&id=51&Itemid=210&lang=en"" class=""web-site""target=""_blank"" style=""text-decoration: none;"">Web Site  🔗</a></div></td></tr>",,,,
406,Divisional Hospital Mampitiya,Mental Health + Rehabilitation,Government District General Hospital,Free,081-2315296,054-2222264,,Central Province,Kandy,Udunuwara,Udunuwara,"District General Hospital, Nawalapitiya",Mental Health clinic Alcohol rehabilitation,Call ahead to confirm current clinic/consultant hours,,,Government Hospitals,"<tr><td>Divisional Hospital Mampitiya<div class=""e-mail""></div></td><td>Central Province</td><td>Kandy</td><td><a href=""tel:081-2315296"" class=""phone-link"">081-2315296</a><div class=""phone-secondary"">054-2222264</div></td><td>Free</td></tr>",,,,
407,Divisional Hospital Marathenna,Mental Health,Government Divisional Hospital,Free,045-3459776,,,Sabaragamuwa Province,Ratnapura,Marathenna,Marathenna,"Marathenna, Ratnapura District",Mental Health clinic,Call ahead to confirm current clinic/consultant hours,,,Government Hospitals,"<tr><td>Divisional Hospital Marathenna<div class=""e-mail""></div></td><td>Sabaragamuwa Province</td><td>Ratnapura</td><td><a href=""tel:045-3459776"" class=""phone-link"">045-3459776</a><div class=""phone-secondary""></div></td><td>Free</td></tr>",,,,
408,Divisional Hospital Maruthamunai,Mental Health,Government,Free,006-7229385,,,Eastern Province,Ampara,Kalmunai,Kalmunai,"District General Hospital, Ampara",Mental Health clinic,Call ahead to confirm current clinic/consultant hours,Consultant Psychiatry Team,,Government Hospitals,"<tr><td>Divisional Hospital Maruthamunai<div class=""e-mail""></div></td><td>Eastern Province</td><td>Ampara</td><td><a href=""tel:006-7229385"" class=""phone-link"">006-7229385</a><div class=""phone-secondary""></div></td><td>Free</td></tr>",,,,
409,Divisional Hospital Maruthankeny,Mental Health,Government Divisional Hospital,Free,021-2260505,,,Northern Province,Jaffna,Maruthankeny,Maruthankeny,"Divisional Hospital, Maruthankerny",Mental Health clinic,Call ahead to confirm current clinic/consultant hours,,,Government Hospitals,"<tr><td>Divisional Hospital Maruthankeny<div class=""e-mail""></div></td><td>Northern Province</td><td>Jaffna</td><td><a href=""tel:021-2260505"" class=""phone-link"">021-2260505</a><div class=""phone-secondary""></div></td><td>Free</td></tr>",,,,
410,Divisional Hospital Maskeliya,Mental Health,Government Hospital,Free,052-2277261,,,Central Province,Nuwara Eliya,Maskeliya,Maskeliya,"Maskeliya, Nuwara Eliya District",Mental Health clinic,Call ahead to confirm current clinic/consultant hours,,https://www.mentalhealth.health.gov.lk/index.php?option=com_content&view=article&id=51&Itemid=210&lang=en,Government Hospitals,"<tr><td>Divisional Hospital Maskeliya<div class=""e-mail""></div></td><td>Central Province</td><td>Nuwara Eliya</td><td><a href=""tel:052-2277261"" class=""phone-link"">052-2277261</a><div class=""phone-secondary""></div></td><td>Free<div> <a href=""https://www.mentalhealth.health.gov.lk/index.php?option=com_content&view=article&id=51&Itemid=210&lang=en"" class=""web-site""target=""_blank"" style=""text-decoration: none;"">Web Site  🔗</a></div></td></tr>",,,,
411,Divisional Hospital Mathurata,Mental Health,Government Hospital,Free,052-2287061,052-3535857,,Central Province,Nuwara Eliya,Mathurata,Mathurata,"Theripaha, Nuwara Eliya District",Mental Health clinic,Call ahead to confirm current clinic/consultant hours,,https://www.mentalhealth.health.gov.lk/index.php?option=com_content&view=article&id=51&Itemid=210&lang=en,Government Hospitals,"<tr><td>Divisional Hospital Mathurata<div class=""e-mail""></div></td><td>Central Province</td><td>Nuwara Eliya</td><td><a href=""tel:052-2287061"" class=""phone-link"">052-2287061</a><div class=""phone-secondary"">052-3535857</div></td><td>Free<div> <a href=""https://www.mentalhealth.health.gov.lk/index.php?option=com_content&view=article&id=51&Itemid=210&lang=en"" class=""web-site""target=""_blank"" style=""text-decoration: none;"">Web Site  🔗</a></div></td></tr>",,,,
412,Divisional Hospital Matigahathenna,Mental Health + Elder Care,Government Divisional Hospital,Free,055-3554601,055-2263861,,Uva Province,Badulla,Lunugala,Lunugala,Matigahatenna,Mental Health clinic,Typical government hours (confirm),MO,,Elders' Homes & Care Services,"<tr><td>Divisional Hospital Matigahathenna<div class=""e-mail""></div></td><td>Uva Province</td><td>Badulla</td><td><a href=""tel:055-3554601"" class=""phone-link"">055-3554601</a><div class=""phone-secondary"">055-2263861</div></td><td>Free</td></tr>",,,,
413,Divisional Hospital Matugama,Mental Health,Government Divisional Hospital,Free,034-2247261,,,Western Province,Kalutara,Matugama,Matugama,"Mathugama, Kalutara District",Mental Health clinic,Call to confirm,,,Government Hospitals,"<tr><td>Divisional Hospital Matugama<div class=""e-mail""></div></td><td>Western Province</td><td>Kalutara</td><td><a href=""tel:034-2247261"" class=""phone-link"">034-2247261</a><div class=""phone-secondary""></div></td><td>Free</td></tr>",,,,
414,Divisional Hospital Mavadivembu,Mental Health,Government,Free,065-2050454,,,Eastern Province,Batticaloa,Mawadivembu,Mawadivembu,"Karadiyanaru, Batticaloa District",Mental Health clinic,Call ahead to confirm current clinic hours,,,Government Hospitals,"<tr><td>Divisional Hospital Mavadivembu<div class=""e-mail""></div></td><td>Eastern Province</td><td>Batticaloa</td><td><a href=""tel:065-2050454"" class=""phone-link"">065-2050454</a><div class=""phone-secondary""></div></td><td>Free</td></tr>",,,,
415,Divisional Hospital Mawarala,Mental Health,Government Divisional Hospital,Free,041-2291261,,,Southern Province,Matara,Mawarala,Mawarala,"Mawarala, Matara District",Mental Health clinic,Call ahead to confirm current clinic/consultant hours,,https://www.mentalhealth.health.gov.lk/index.php?option=com_content&view=article&id=48&Itemid=207&lang=en ; https://lankainformation.lk/directory/health/list-of-hospitals-in-sri-lanka/matara-district,Government Hospitals,"<tr><td>Divisional Hospital Mawarala<div class=""e-mail""></div></td><td>Southern Province</td><td>Matara</td><td><a href=""tel:041-2291261"" class=""phone-link"">041-2291261</a><div class=""phone-secondary""></div></td><td>Free<div> <a href=""https://www.mentalhealth.health.gov.lk/index.php?option=com_content&view=article&id=48&Itemid=207&lang=en ; https://lankainformation.lk/directory/health/list-of-hospitals-in-sri-lanka/matara-district"" class=""web-site""target=""_blank"" style=""text-decoration: none;"">Web Site  🔗</a></div></td></tr>",,,,
416,Divisional Hospital Mawathagama,Mental Health,Government Divisional Hospital,Free,037-2299261,,,North Western Province,Kurunegala,Mawathagama,Mawathagama,"Divisional Hospital, Mawathagama",Mental Health clinic,Call ahead to confirm current clinic/consultant hours,,,Government Hospitals,"<tr><td>Divisional Hospital Mawathagama<div class=""e-mail""></div></td><td>North Western Province</td><td>Kurunegala</td><td><a href=""tel:037-2299261"" class=""phone-link"">037-2299261</a><div class=""phone-secondary""></div></td><td>Free</td></tr>",,,,
417,Divisional Hospital Medagama,Mental Health + Elder Care,Government Hospital,Free,055-2266462,,,Uva Province,Monaragala,Medagama,Medagama,"Medagama, Monaragala District",Mental Health clinic,Call ahead to confirm current clinic/consultant hours,,,Elders' Homes & Care Services,"<tr><td>Divisional Hospital Medagama<div class=""e-mail""></div></td><td>Uva Province</td><td>Monaragala</td><td><a href=""tel:055-2266462"" class=""phone-link"">055-2266462</a><div class=""phone-secondary""></div></td><td>Free</td></tr>",,,,
418,Divisional Hospital Medawachchiya,Mental Health + Child Mental Health,Government Divisional Hospital,Free,025-2245661,,,North Central Province,Anuradhapura,Medawachchiya,Medawachchiya,"Medawachchiya, Anuradhapura District",Mental Health clinic Yowun Piyasa,Call ahead to confirm current clinic/consultant hours,,http://www.mentalhealth.health.gov.lk/index.php?option=com_content&view=article&id=33&Itemid=193&lang=en; https://hospitalslk.blogspot.com/2011/12/anuradhapura-district.html,Government Hospitals,"<tr><td>Divisional Hospital Medawachchiya<div class=""e-mail""></div></td><td>North Central Province</td><td>Anuradhapura</td><td><a href=""tel:025-2245661"" class=""phone-link"">025-2245661</a><div class=""phone-secondary""></div></td><td>Free<div> <a href=""http://www.mentalhealth.health.gov.lk/index.php?option=com_content&view=article&id=33&Itemid=193&lang=en; https://hospitalslk.blogspot.com/2011/12/anuradhapura-district.html"" class=""web-site""target=""_blank"" style=""text-decoration: none;"">Web Site  🔗</a></div></td></tr>",,,,
419,Divisional Hospital Meedumpitiya,Rehabilitation + Elder Care,Government Divisional Hospital,Free,055-2245761,055-2294061,dhettampitiyarr@gmail.com,Uva Province,Badulla,Passara,Passara,Ettampitiya,Medium stay rehabilitation,Typical government hours (confirm),MO,,Elders' Homes & Care Services,"<tr><td>Divisional Hospital Meedumpitiya<div class=""e-mail"">dhettampitiyarr@gmail.com</div></td><td>Uva Province</td><td>Badulla</td><td><a href=""tel:055-2245761"" class=""phone-link"">055-2245761</a><div class=""phone-secondary"">055-2294061</div></td><td>Free</td></tr>",,,,
420,Divisional Hospital Meegahakiula,Mental Health + Elder Care,Government Divisional Hospital,Free,055-2245761,,,Uva Province,Badulla,Meegahakiula,Meegahakiula,Meegahakiula,Mental Health clinic,Typical government hours (confirm),MO,,Elders' Homes & Care Services,"<tr><td>Divisional Hospital Meegahakiula<div class=""e-mail""></div></td><td>Uva Province</td><td>Badulla</td><td><a href=""tel:055-2245761"" class=""phone-link"">055-2245761</a><div class=""phone-secondary""></div></td><td>Free</td></tr>",,,,
421,Divisional Hospital Meegahathenna,Mental Health,Government Divisional Hospital,Free,034-2284061,,,Western Province,Kalutara,Meegahathenna,Meegahathenna,"Meegahatenne, Kalutara District",Mental Health clinic,Call to confirm,,,Government Hospitals,"<tr><td>Divisional Hospital Meegahathenna<div class=""e-mail""></div></td><td>Western Province</td><td>Kalutara</td><td><a href=""tel:034-2284061"" class=""phone-link"">034-2284061</a><div class=""phone-secondary""></div></td><td>Free</td></tr>",,,,
422,Divisional Hospital Menikhinna,Mental Health,Government Divisional Hospital,Free,081-2374331,,,Central Province,Kandy,Manikhinna,Manikhinna,"Menikhinna, Kandy District",Mental Health clinic,Call ahead to confirm current clinic/consultant hours,,,Government Hospitals,"<tr><td>Divisional Hospital Menikhinna<div class=""e-mail""></div></td><td>Central Province</td><td>Kandy</td><td><a href=""tel:081-2374331"" class=""phone-link"">081-2374331</a><div class=""phone-secondary""></div></td><td>Free</td></tr>",,,,
423,Divisional Hospital Mihintale,Mental Health,Government Divisional Hospital,Free,025-2266561,,,North Central Province,Anuradhapura,Mihintale,Mihintale,"Mihintale, Anuradhapura District",Mental Health clinic,Call ahead to confirm current clinic/consultant hours,,http://www.mentalhealth.health.gov.lk/index.php?option=com_content&view=article&id=33&Itemid=193&lang=en; https://hospitalslk.blogspot.com/2011/12/anuradhapura-district.html,Government Hospitals,"<tr><td>Divisional Hospital Mihintale<div class=""e-mail""></div></td><td>North Central Province</td><td>Anuradhapura</td><td><a href=""tel:025-2266561"" class=""phone-link"">025-2266561</a><div class=""phone-secondary""></div></td><td>Free<div> <a href=""http://www.mentalhealth.health.gov.lk/index.php?option=com_content&view=article&id=33&Itemid=193&lang=en; https://hospitalslk.blogspot.com/2011/12/anuradhapura-district.html"" class=""web-site""target=""_blank"" style=""text-decoration: none;"">Web Site  🔗</a></div></td></tr>",,,,
424,Divisional Hospital Minuwangoda,Mental Health + Rehabilitation,Government Divisional Hospital,Free,011-2295261,,,Western Province,Gampaha,Minuwangoda,Minuwangoda,"Minuwangoda, Gampaha District",Mental Health clinic Drug rehabilitation,Call ahead to confirm current clinic/consultant hours,,,Government Hospitals,"<tr><td>Divisional Hospital Minuwangoda<div class=""e-mail""></div></td><td>Western Province</td><td>Gampaha</td><td><a href=""tel:011-2295261"" class=""phone-link"">011-2295261</a><div class=""phone-secondary""></div></td><td>Free</td></tr>",,,,
425,Divisional Hospital Moonkilaru,Mental Health,Government,Free,021-2290900,,,Northern Province,Mullaitivu,Puthukkudiyiruppu,Puthukkudiyiruppu,"Mankulam, Mullaitivu District",Mental Health clinic,Call ahead to confirm current clinic/consultant hours,,,Government Hospitals,"<tr><td>Divisional Hospital Moonkilaru<div class=""e-mail""></div></td><td>Northern Province</td><td>Mullaitivu</td><td><a href=""tel:021-2290900"" class=""phone-link"">021-2290900</a><div class=""phone-secondary""></div></td><td>Free</td></tr>",,,,
426,Divisional Hospital Moratuwa,Mental Health + Elder Care,Government,Free,011-2645231,,,Western Province,Colombo,Moratuwa,Moratuwa,,Mental Health clinic Medium stay residential care,,,,Elders' Homes & Care Services,"<tr><td>Divisional Hospital Moratuwa<div class=""e-mail""></div></td><td>Western Province</td><td>Colombo</td><td><a href=""tel:011-2645231"" class=""phone-link"">011-2645231</a><div class=""phone-secondary""></div></td><td>Free</td></tr>",,,,
427,Divisional Hospital Morawaka,Mental Health + Rehabilitation,Government Divisional Hospital,Free,041-2282261,,,Southern Province,Matara,Morawaka,Morawaka,"Morawaka, Matara District",Mental Health clinic Rehabilitation Day Centre,Call ahead to confirm current clinic/consultant hours,,https://www.mentalhealth.health.gov.lk/index.php?option=com_content&view=article&id=48&Itemid=207&lang=en ; https://lankainformation.lk/directory/health/list-of-hospitals-in-sri-lanka/matara-district,Government Hospitals,"<tr><td>Divisional Hospital Morawaka<div class=""e-mail""></div></td><td>Southern Province</td><td>Matara</td><td><a href=""tel:041-2282261"" class=""phone-link"">041-2282261</a><div class=""phone-secondary""></div></td><td>Free<div> <a href=""https://www.mentalhealth.health.gov.lk/index.php?option=com_content&view=article&id=48&Itemid=207&lang=en ; https://lankainformation.lk/directory/health/list-of-hospitals-in-sri-lanka/matara-district"" class=""web-site""target=""_blank"" style=""text-decoration: none;"">Web Site  🔗</a></div></td></tr>",,,,
428,Divisional Hospital Mundel,Mental Health,Government Divisional Hospital,Free,032-2052350,032-3327261,,North Western Province,Puttalam,Mundel,Mundel,"Mundalama, Puttalam District",Mental Health clinic,Call ahead to confirm current clinic/consultant hours,,https://www.mentalhealth.health.gov.lk/index.php?option=com_content&view=article&id=52&Itemid=211&lang=en; https://rdhsputtalam.yolasite.com/institutions-informations.php,Government Hospitals,"<tr><td>Divisional Hospital Mundel<div class=""e-mail""></div></td><td>North Western Province</td><td>Puttalam</td><td><a href=""tel:032-2052350"" class=""phone-link"">032-2052350</a><div class=""phone-secondary"">032-3327261</div></td><td>Free<div> <a href=""https://www.mentalhealth.health.gov.lk/index.php?option=com_content&view=article&id=52&Itemid=211&lang=en; https://rdhsputtalam.yolasite.com/institutions-informations.php"" class=""web-site""target=""_blank"" style=""text-decoration: none;"">Web Site  🔗</a></div></td></tr>",,,,
429,Divisional Hospital Muruthalawa,Mental Health,Government Divisional Hospital,Free,081-2412190,081-2478261,,Central Province,Kandy,Yatinuwara,Yatinuwara,"Pussallawa, Kandy District",Mental Health clinic,Call ahead to confirm current clinic/consultant hours,,,Government Hospitals,"<tr><td>Divisional Hospital Muruthalawa<div class=""e-mail""></div></td><td>Central Province</td><td>Kandy</td><td><a href=""tel:081-2412190"" class=""phone-link"">081-2412190</a><div class=""phone-secondary"">081-2478261</div></td><td>Free</td></tr>",,,,
430,Divisional Hospital Muwandeniya,Mental Health,Government Hospital,Free,066-2220964,,,Central Province,Matale,Rattota,Rattota,"Muwandeniya, Matale District",Long stay residential facilities Mental Health clinic,Call ahead to confirm current clinic/consultant hours,,https://www.mentalhealth.health.gov.lk/index.php?option=com_content&view=article&id=47&Itemid=206&lang=en,Government Hospitals,"<tr><td>Divisional Hospital Muwandeniya<div class=""e-mail""></div></td><td>Central Province</td><td>Matale</td><td><a href=""tel:066-2220964"" class=""phone-link"">066-2220964</a><div class=""phone-secondary""></div></td><td>Free<div> <a href=""https://www.mentalhealth.health.gov.lk/index.php?option=com_content&view=article&id=47&Itemid=206&lang=en"" class=""web-site""target=""_blank"" style=""text-decoration: none;"">Web Site  🔗</a></div></td></tr>",,,,
431,Divisional Hospital Muwanhela,Mental Health + Elder Care,Government,Free,060-2879360,,,North Western Province,Kurunegala,Pannala,Pannala,"Divisional Hospital, Mawathagama",Mental Health clinic,Call ahead to confirm current clinic/consultant hours,,,Elders' Homes & Care Services,"<tr><td>Divisional Hospital Muwanhela<div class=""e-mail""></div></td><td>North Western Province</td><td>Kurunegala</td><td><a href=""tel:060-2879360"" class=""phone-link"">060-2879360</a><div class=""phone-secondary""></div></td><td>Free</td></tr>",,,,
432,Divisional Hospital Naddankandal,Mental Health,Government,Free,021-3900007,,,Northern Province,Mullaitivu,Manthai East,Manthai East,,Mental Health clinic,,,,Government Hospitals,"<tr><td>Divisional Hospital Naddankandal<div class=""e-mail""></div></td><td>Northern Province</td><td>Mullaitivu</td><td><a href=""tel:021-3900007"" class=""phone-link"">021-3900007</a><div class=""phone-secondary""></div></td><td>Free</td></tr>",,,,
433,Divisional Hospital Nagoda,Mental Health,Government Hospital,Free,091-2296461,035-2278661,,Southern Province,Galle,Nagoda,Nagoda,"Undugoda, Kegalle District",Mental Health clinic,Call ahead to confirm current clinic/consultant hours,,https://www.mentalhealth.health.gov.lk/index.php?option=com_content&view=article&id=43:kegalle-district&catid=18&Itemid=202&lang=en; http://www.kegalle.dist.gov.lk/index.php/en/aboutus/15-government-service-centers/18-hospitals.html,Government Hospitals,"<tr><td>Divisional Hospital Nagoda<div class=""e-mail""></div></td><td>Southern Province</td><td>Galle</td><td><a href=""tel:091-2296461"" class=""phone-link"">091-2296461</a><div class=""phone-secondary"">035-2278661</div></td><td>Free<div> <a href=""https://www.mentalhealth.health.gov.lk/index.php?option=com_content&view=article&id=43:kegalle-district&catid=18&Itemid=202&lang=en; http://www.kegalle.dist.gov.lk/index.php/en/aboutus/15-government-service-centers/18-hospitals.html"" class=""web-site""target=""_blank"" style=""text-decoration: none;"">Web Site  🔗</a></div></td></tr>",,,,
434,Divisional Hospital Nalanda,Mental Health,Government Hospital,Free,066-2240161,066-2246161,,Central Province,Matale,Nalanda,Nalanda,"Nalanda, Matale District",Mental Health clinic,Call ahead to confirm current clinic/consultant hours,,https://www.mentalhealth.health.gov.lk/index.php?option=com_content&view=article&id=47&Itemid=206&lang=en,Government Hospitals,"<tr><td>Divisional Hospital Nalanda<div class=""e-mail""></div></td><td>Central Province</td><td>Matale</td><td><a href=""tel:066-2240161"" class=""phone-link"">066-2240161</a><div class=""phone-secondary"">066-2246161</div></td><td>Free<div> <a href=""https://www.mentalhealth.health.gov.lk/index.php?option=com_content&view=article&id=47&Itemid=206&lang=en"" class=""web-site""target=""_blank"" style=""text-decoration: none;"">Web Site  🔗</a></div></td></tr>",,,,
435,Divisional Hospital Nanattan,Mental Health,Government Hospital,Free,023-2050699,023-3233733,,Northern Province,Mannar,Nanattan,Nanattan,"Nanattan, Mannar District",Mental Health clinic,Call ahead to confirm current clinic/consultant hours,,,Government Hospitals,"<tr><td>Divisional Hospital Nanattan<div class=""e-mail""></div></td><td>Northern Province</td><td>Mannar</td><td><a href=""tel:023-2050699"" class=""phone-link"">023-2050699</a><div class=""phone-secondary"">023-3233733</div></td><td>Free</td></tr>",,,,
436,Divisional Hospital Nawagamuwa,Mental Health + Elder Care,Government,Free,011-2415225,,,Western Province,Colombo,Kaduwela,Kaduwela,"Homagama, Colombo District",Mental Health clinic,Call ahead to confirm current clinic/consultant hours,,https://www.mentalhealth.health.gov.lk/index.php?option=com_content&view=article&id=36&Itemid=196&lang=en,Elders' Homes & Care Services,"<tr><td>Divisional Hospital Nawagamuwa<div class=""e-mail""></div></td><td>Western Province</td><td>Colombo</td><td><a href=""tel:011-2415225"" class=""phone-link"">011-2415225</a><div class=""phone-secondary""></div></td><td>Free<div> <a href=""https://www.mentalhealth.health.gov.lk/index.php?option=com_content&view=article&id=36&Itemid=196&lang=en"" class=""web-site""target=""_blank"" style=""text-decoration: none;"">Web Site  🔗</a></div></td></tr>",,,,
437,Divisional Hospital Nedunkeny,Mental Health,Government Hospital,Free,024-3428312,024-3245644,,Northern Province,Vavuniya,Nedunkeny,Nedunkeny,"Nedunkerny, Vavuniya District",Mental Health clinic,Call ahead to confirm current clinic/consultant hours,,,Government Hospitals,"<tr><td>Divisional Hospital Nedunkeny<div class=""e-mail""></div></td><td>Northern Province</td><td>Vavuniya</td><td><a href=""tel:024-3428312"" class=""phone-link"">024-3428312</a><div class=""phone-secondary"">024-3245644</div></td><td>Free</td></tr>",,,,
438,Divisional Hospital Neluwa,Mental Health,Government Divisional Hospital,Free,091-3783321,,,Southern Province,Galle,Neluwa,Neluwa,"Neluwa, Galle District",Mental Health clinic,Call ahead to confirm current clinic/consultant hours,,,Government Hospitals,"<tr><td>Divisional Hospital Neluwa<div class=""e-mail""></div></td><td>Southern Province</td><td>Galle</td><td><a href=""tel:091-3783321"" class=""phone-link"">091-3783321</a><div class=""phone-secondary""></div></td><td>Free</td></tr>",,,,
439,Divisional Hospital Nilavely,Mental Health,Government Hospital,Free,026-2232261,,,Eastern Province,Trincomalee,Nilavely,Nilavely,"Nilaveli, Trincomalee District",Mental Health clinic,Call ahead to confirm current clinic/consultant hours,,https://www.mentalhealth.health.gov.lk/index.php?option=com_content&view=article&id=54&Itemid=213&lang=en,Government Hospitals,"<tr><td>Divisional Hospital Nilavely<div class=""e-mail""></div></td><td>Eastern Province</td><td>Trincomalee</td><td><a href=""tel:026-2232261"" class=""phone-link"">026-2232261</a><div class=""phone-secondary""></div></td><td>Free<div> <a href=""https://www.mentalhealth.health.gov.lk/index.php?option=com_content&view=article&id=54&Itemid=213&lang=en"" class=""web-site""target=""_blank"" style=""text-decoration: none;"">Web Site  🔗</a></div></td></tr>",,,,
440,Divisional Hospital Nivithigala,Mental Health,Government Divisional Hospital,Free,045-2279261,,,Sabaragamuwa Province,Ratnapura,Nivithigala,Nivithigala,"Nivitigala, Ratnapura District",Mental Health clinic,Call ahead to confirm current clinic/consultant hours,,,Government Hospitals,"<tr><td>Divisional Hospital Nivithigala<div class=""e-mail""></div></td><td>Sabaragamuwa Province</td><td>Ratnapura</td><td><a href=""tel:045-2279261"" class=""phone-link"">045-2279261</a><div class=""phone-secondary""></div></td><td>Free</td></tr>",,,,
441,Divisional Hospital Niyagama,Mental Health,Government Hospital,Free,091-2296446,036-2249261,,Southern Province,Galle,Niyagama,Niyagama,"Deraniyagala, Kegalle District",Mental Health clinic,Call ahead to confirm current clinic/consultant hours,,https://www.mentalhealth.health.gov.lk/index.php?option=com_content&view=article&id=43:kegalle-district&catid=18&Itemid=202&lang=en; http://www.kegalle.dist.gov.lk/index.php/en/aboutus/15-government-service-centers/18-hospitals.html,Government Hospitals,"<tr><td>Divisional Hospital Niyagama<div class=""e-mail""></div></td><td>Southern Province</td><td>Galle</td><td><a href=""tel:091-2296446"" class=""phone-link"">091-2296446</a><div class=""phone-secondary"">036-2249261</div></td><td>Free<div> <a href=""https://www.mentalhealth.health.gov.lk/index.php?option=com_content&view=article&id=43:kegalle-district&catid=18&Itemid=202&lang=en; http://www.kegalle.dist.gov.lk/index.php/en/aboutus/15-government-service-centers/18-hospitals.html"" class=""web-site""target=""_blank"" style=""text-decoration: none;"">Web Site  🔗</a></div></td></tr>",,,,
442,Divisional Hospital Nochchiyagama,Mental Health,Government Divisional Hospital,Free,025-2257861,,,North Central Province,Anuradhapura,Nochchiyagama,Nochchiyagama,"Nochchiyagama, Anuradhapura District",Mental Health clinic,Call ahead to confirm current clinic/consultant hours,,http://www.mentalhealth.health.gov.lk/index.php?option=com_content&view=article&id=33&Itemid=193&lang=en; https://hospitalslk.blogspot.com/2011/12/anuradhapura-district.html,Government Hospitals,"<tr><td>Divisional Hospital Nochchiyagama<div class=""e-mail""></div></td><td>North Central Province</td><td>Anuradhapura</td><td><a href=""tel:025-2257861"" class=""phone-link"">025-2257861</a><div class=""phone-secondary""></div></td><td>Free<div> <a href=""http://www.mentalhealth.health.gov.lk/index.php?option=com_content&view=article&id=33&Itemid=193&lang=en; https://hospitalslk.blogspot.com/2011/12/anuradhapura-district.html"" class=""web-site""target=""_blank"" style=""text-decoration: none;"">Web Site  🔗</a></div></td></tr>",,,,
443,Divisional Hospital Oddusuddan,Mental Health,Government Hospital,Free,021-2061727,024-3248352,,Northern Province,Mullaitivu,Oddusuddan,Oddusuddan,"Oddusuddan, Mullaitivu District",Mental Health clinic,Call ahead to confirm current clinic/consultant hours,,,Government Hospitals,"<tr><td>Divisional Hospital Oddusuddan<div class=""e-mail""></div></td><td>Northern Province</td><td>Mullaitivu</td><td><a href=""tel:021-2061727"" class=""phone-link"">021-2061727</a><div class=""phone-secondary"">024-3248352</div></td><td>Free</td></tr>",,,,
444,Divisional Hospital Okkampitiya,Mental Health + Elder Care,Government Hospital,Free,055-3565960,,,Uva Province,Monaragala,Buttala,Buttala,"Okkampitiya, Monaragala District",Mental Health clinic,Call ahead to confirm current clinic/consultant hours,,,Elders' Homes & Care Services,"<tr><td>Divisional Hospital Okkampitiya<div class=""e-mail""></div></td><td>Uva Province</td><td>Monaragala</td><td><a href=""tel:055-3565960"" class=""phone-link"">055-3565960</a><div class=""phone-secondary""></div></td><td>Free</td></tr>",,,,
445,Divisional Hospital Omanthai,Mental Health,Government,Free,024-2051920,,,Northern Province,Vavuniya,Vavuniya,Vavuniya,,Mental Health clinic,,,,Government Hospitals,"<tr><td>Divisional Hospital Omanthai<div class=""e-mail""></div></td><td>Northern Province</td><td>Vavuniya</td><td><a href=""tel:024-2051920"" class=""phone-link"">024-2051920</a><div class=""phone-secondary""></div></td><td>Free</td></tr>",,,,
446,Divisional Hospital Opatha,Mental Health,Government,Free,091-3782083,,,Southern Province,Galle,Thawalama,Thawalama,"Ahangama, Galle District",Mental Health clinic,Call ahead to confirm current clinic/consultant hours,,,Government Hospitals,"<tr><td>Divisional Hospital Opatha<div class=""e-mail""></div></td><td>Southern Province</td><td>Galle</td><td><a href=""tel:091-3782083"" class=""phone-link"">091-3782083</a><div class=""phone-secondary""></div></td><td>Free</td></tr>",,,,
447,Divisional Hospital Padiyatalawa,Mental Health,Government Hospital,Free,063-2246061,063-3634222,,Eastern Province,Ampara,Padiyathalawa,Padiyathalawa,"Wadinagala, Ampara District",Mental Health clinic,Call ahead to confirm current clinic/consultant hours,,,Government Hospitals,"<tr><td>Divisional Hospital Padiyatalawa<div class=""e-mail""></div></td><td>Eastern Province</td><td>Ampara</td><td><a href=""tel:063-2246061"" class=""phone-link"">063-2246061</a><div class=""phone-secondary"">063-3634222</div></td><td>Free</td></tr>",,,,
448,Divisional Hospital Padukka,Mental Health + Elder Care,Government,Free,011-2859095,,,Western Province,Colombo,Padukka,Padukka,,Mental Health clinic Community Health Centre,,,,Elders' Homes & Care Services,"<tr><td>Divisional Hospital Padukka<div class=""e-mail""></div></td><td>Western Province</td><td>Colombo</td><td><a href=""tel:011-2859095"" class=""phone-link"">011-2859095</a><div class=""phone-secondary""></div></td><td>Free</td></tr>",,,,
449,Divisional Hospital Palai,Mental Health,Government Hospital,Free,021-2050025,021-3208737,palaidh@gmail.com,Northern Province,Kilinochchi,Pachchilaipalli,Pachchilaipalli,"Pallai, Kilinochchi District",Mental Health clinic,Call ahead to confirm current clinic/consultant hours,,https://www.mentalhealth.health.gov.lk/index.php?option=com_content&view=article&id=44&Itemid=203&lang=en,Government Hospitals,"<tr><td>Divisional Hospital Palai<div class=""e-mail"">palaidh@gmail.com</div></td><td>Northern Province</td><td>Kilinochchi</td><td><a href=""tel:021-2050025"" class=""phone-link"">021-2050025</a><div class=""phone-secondary"">021-3208737</div></td><td>Free<div> <a href=""https://www.mentalhealth.health.gov.lk/index.php?option=com_content&view=article&id=44&Itemid=203&lang=en"" class=""web-site""target=""_blank"" style=""text-decoration: none;"">Web Site  🔗</a></div></td></tr>",,,,
450,Divisional Hospital Panama,Mental Health,Government Hospital,Free,063-3632638,,,Eastern Province,Ampara,Lahugala,Lahugala,"Panama, Ampara District",Mental Health clinic,Call ahead to confirm current clinic/consultant hours,,,Government Hospitals,"<tr><td>Divisional Hospital Panama<div class=""e-mail""></div></td><td>Eastern Province</td><td>Ampara</td><td><a href=""tel:063-3632638"" class=""phone-link"">063-3632638</a><div class=""phone-secondary""></div></td><td>Free</td></tr>",,,,
451,Divisional Hospital Panvilatanna,Mental Health,Government Divisional Hospital,Free,081-3801814,060-2801814,,Central Province,Kandy,Doluwa,Doluwa,"Panvilatanna, Kandy District",Mental Health clinic,Call ahead to confirm current clinic/consultant hours,,,Government Hospitals,"<tr><td>Divisional Hospital Panvilatanna<div class=""e-mail""></div></td><td>Central Province</td><td>Kandy</td><td><a href=""tel:081-3801814"" class=""phone-link"">081-3801814</a><div class=""phone-secondary"">060-2801814</div></td><td>Free</td></tr>",,,,
452,Divisional Hospital Passará,Mental Health + Elder Care,Government Divisional Hospital,Free,055-2288261,,,Uva Province,Badulla,Passara,Passara,Passara,Mental Health clinic,Typical government hours (confirm),MO / visiting,,Elders' Homes & Care Services,"<tr><td>Divisional Hospital Passará<div class=""e-mail""></div></td><td>Uva Province</td><td>Badulla</td><td><a href=""tel:055-2288261"" class=""phone-link"">055-2288261</a><div class=""phone-secondary""></div></td><td>Free</td></tr>",,,,
453,Divisional Hospital Periyapandivirichchan,Mental Health,Government Hospital,Free,023-2280019,,,Northern Province,Mannar,Madhu,Madhu,"Periyapandivrichchan, Mannar District",Mental Health clinic,Call ahead to confirm current clinic/consultant hours,,https://www.mentalhealth.health.gov.lk/index.php?option=com_content&view=article&id=46&Itemid=205&lang=en,Government Hospitals,"<tr><td>Divisional Hospital Periyapandivirichchan<div class=""e-mail""></div></td><td>Northern Province</td><td>Mannar</td><td><a href=""tel:023-2280019"" class=""phone-link"">023-2280019</a><div class=""phone-secondary""></div></td><td>Free<div> <a href=""https://www.mentalhealth.health.gov.lk/index.php?option=com_content&view=article&id=46&Itemid=205&lang=en"" class=""web-site""target=""_blank"" style=""text-decoration: none;"">Web Site  🔗</a></div></td></tr>",,,,
454,Divisional Hospital Piliyandala,Mental Health + Elder Care,Government,Free,011-2614264,,,Western Province,Colombo,Kesbewa,Kesbewa,,Mental Health clinic,,,,Elders' Homes & Care Services,"<tr><td>Divisional Hospital Piliyandala<div class=""e-mail""></div></td><td>Western Province</td><td>Colombo</td><td><a href=""tel:011-2614264"" class=""phone-link"">011-2614264</a><div class=""phone-secondary""></div></td><td>Free</td></tr>",,,,
455,Divisional Hospital Pitakumbura,Mental Health + Elder Care,Government Hospital,Free,055-2265786,055-2250261,,Uva Province,Monaragala,Bibile,Bibile,"Badalkumbura, Monaragala District",Mental Health clinic,Call ahead to confirm current clinic/consultant hours,,,Elders' Homes & Care Services,"<tr><td>Divisional Hospital Pitakumbura<div class=""e-mail""></div></td><td>Uva Province</td><td>Monaragala</td><td><a href=""tel:055-2265786"" class=""phone-link"">055-2265786</a><div class=""phone-secondary"">055-2250261</div></td><td>Free</td></tr>",,,,
456,Divisional Hospital Polgahawela,Mental Health + Elder Care,Government,Free,037-2243261,,,North Western Province,Kurunegala,Polgahawela,Polgahawela,,Mental Health clinic,,,,Elders' Homes & Care Services,"<tr><td>Divisional Hospital Polgahawela<div class=""e-mail""></div></td><td>North Western Province</td><td>Kurunegala</td><td><a href=""tel:037-2243261"" class=""phone-link"">037-2243261</a><div class=""phone-secondary""></div></td><td>Free</td></tr>",,,,
457,Divisional Hospital Polpithigama,Mental Health + Elder Care,Government Divisional Hospital,Free,037-2224099,037-2299261,,North Western Province,Kurunegala,Polpithigama,Polpithigama,"Divisional Hospital, Mawathagama",Mental Health clinic,Call ahead to confirm current clinic/consultant hours,,,Elders' Homes & Care Services,"<tr><td>Divisional Hospital Polpithigama<div class=""e-mail""></div></td><td>North Western Province</td><td>Kurunegala</td><td><a href=""tel:037-2224099"" class=""phone-link"">037-2224099</a><div class=""phone-secondary"">037-2299261</div></td><td>Free</td></tr>",,,,
458,Divisional Hospital Poonakary,Mental Health,Government Hospital,Free,021-2060854,,,Northern Province,Kilinochchi,Poonakary,Poonakary,"Poonakary, Kilinochchi District",Mental Health clinic,Call ahead to confirm current clinic/consultant hours,,https://www.mentalhealth.health.gov.lk/index.php?option=com_content&view=article&id=44&Itemid=203&lang=en,Government Hospitals,"<tr><td>Divisional Hospital Poonakary<div class=""e-mail""></div></td><td>Northern Province</td><td>Kilinochchi</td><td><a href=""tel:021-2060854"" class=""phone-link"">021-2060854</a><div class=""phone-secondary""></div></td><td>Free<div> <a href=""https://www.mentalhealth.health.gov.lk/index.php?option=com_content&view=article&id=44&Itemid=203&lang=en"" class=""web-site""target=""_blank"" style=""text-decoration: none;"">Web Site  🔗</a></div></td></tr>",,,,
459,Divisional Hospital Pulasthigama,Mental Health,Government Divisional Hospital,Free,027-2242261,,,North Central Province,Polonnaruwa,Pulasthigama,Pulasthigama,"Pulasthigama, Polonnaruwa District",Mental Health clinic,Call ahead to confirm current clinic hours,,,Government Hospitals,"<tr><td>Divisional Hospital Pulasthigama<div class=""e-mail""></div></td><td>North Central Province</td><td>Polonnaruwa</td><td><a href=""tel:027-2242261"" class=""phone-link"">027-2242261</a><div class=""phone-secondary""></div></td><td>Free</td></tr>",,,,
460,Divisional Hospital Puliyankulam,Mental Health,Government Hospital,Free,024-3248313,,,Northern Province,Vavuniya,Vavuniya North,Vavuniya North,"Puliyankulam, Vavuniya District",Mental Health clinic,Call ahead to confirm current clinic/consultant hours,,,Government Hospitals,"<tr><td>Divisional Hospital Puliyankulam<div class=""e-mail""></div></td><td>Northern Province</td><td>Vavuniya</td><td><a href=""tel:024-3248313"" class=""phone-link"">024-3248313</a><div class=""phone-secondary""></div></td><td>Free</td></tr>",,,,
461,Divisional Hospital Pulmoddai,Mental Health,Government Hospital,Free,026-2256161,,,Eastern Province,Trincomalee,Pulmoddai,Pulmoddai,"Pullmodai, Trincomalee District",Mental Health clinic,Call ahead to confirm current clinic/consultant hours,,https://www.mentalhealth.health.gov.lk/index.php?option=com_content&view=article&id=54&Itemid=213&lang=en,Government Hospitals,"<tr><td>Divisional Hospital Pulmoddai<div class=""e-mail""></div></td><td>Eastern Province</td><td>Trincomalee</td><td><a href=""tel:026-2256161"" class=""phone-link"">026-2256161</a><div class=""phone-secondary""></div></td><td>Free<div> <a href=""https://www.mentalhealth.health.gov.lk/index.php?option=com_content&view=article&id=54&Itemid=213&lang=en"" class=""web-site""target=""_blank"" style=""text-decoration: none;"">Web Site  🔗</a></div></td></tr>",,,,
462,Divisional Hospital Pussellawa,Mental Health,Government Divisional Hospital,Free,081-2478261,,,Central Province,Kandy,Udapalatha,Udapalatha,"Pussallawa, Kandy District",Mental Health clinic,Call ahead to confirm current clinic/consultant hours,,,Government Hospitals,"<tr><td>Divisional Hospital Pussellawa<div class=""e-mail""></div></td><td>Central Province</td><td>Kandy</td><td><a href=""tel:081-2478261"" class=""phone-link"">081-2478261</a><div class=""phone-secondary""></div></td><td>Free</td></tr>",,,,
463,Divisional Hospital Radawana,Mental Health,Government Divisional Hospital,Free,033-2267261,,,Western Province,Gampaha,Dompe,Dompe,"Radawana, Gampaha District",Mental Health clinic,Call ahead to confirm current clinic/consultant hours,,,Government Hospitals,"<tr><td>Divisional Hospital Radawana<div class=""e-mail""></div></td><td>Western Province</td><td>Gampaha</td><td><a href=""tel:033-2267261"" class=""phone-link"">033-2267261</a><div class=""phone-secondary""></div></td><td>Free</td></tr>",,,,
464,Divisional Hospital Rakwana,Mental Health + Rehabilitation,Government Divisional Hospital,Free,045-2246261,045-3454761,,Sabaragamuwa Province,Ratnapura,Godakawela,Godakawela,"Sooriyakanda, Ratnapura District",Mental Health clinic Medium stay rehabilitation,Call ahead to confirm current clinic/consultant hours,,,Government Hospitals,"<tr><td>Divisional Hospital Rakwana<div class=""e-mail""></div></td><td>Sabaragamuwa Province</td><td>Ratnapura</td><td><a href=""tel:045-2246261"" class=""phone-link"">045-2246261</a><div class=""phone-secondary"">045-3454761</div></td><td>Free</td></tr>",,,,
465,Divisional Hospital Rambewa,Mental Health,Government Divisional Hospital,Free,025-2266564,,,North Central Province,Anuradhapura,Rambewa,Rambewa,"Rambewa, Anuradhapura District",Mental Health clinic,Call ahead to confirm current clinic/consultant hours,,http://www.mentalhealth.health.gov.lk/index.php?option=com_content&view=article&id=33&Itemid=193&lang=en; https://hospitalslk.blogspot.com/2011/12/anuradhapura-district.html,Government Hospitals,"<tr><td>Divisional Hospital Rambewa<div class=""e-mail""></div></td><td>North Central Province</td><td>Anuradhapura</td><td><a href=""tel:025-2266564"" class=""phone-link"">025-2266564</a><div class=""phone-secondary""></div></td><td>Free<div> <a href=""http://www.mentalhealth.health.gov.lk/index.php?option=com_content&view=article&id=33&Itemid=193&lang=en; https://hospitalslk.blogspot.com/2011/12/anuradhapura-district.html"" class=""web-site""target=""_blank"" style=""text-decoration: none;"">Web Site  🔗</a></div></td></tr>",,,,
466,Divisional Hospital Rambukkana,Mental Health + Rehabilitation,Government Hospital,Free,035-2265261,,,Sabaragamuwa Province,Kegalle,Rambukkana,Rambukkana,"Rambukkana, Kegalle District",Mental Health clinic Alcohol rehabilitation (Meth Madura),Call ahead to confirm current clinic/consultant hours,,https://www.mentalhealth.health.gov.lk/index.php?option=com_content&view=article&id=43:kegalle-district&catid=18&Itemid=202&lang=en; http://www.kegalle.dist.gov.lk/index.php/en/aboutus/15-government-service-centers/18-hospitals.html,Government Hospitals,"<tr><td>Divisional Hospital Rambukkana<div class=""e-mail""></div></td><td>Sabaragamuwa Province</td><td>Kegalle</td><td><a href=""tel:035-2265261"" class=""phone-link"">035-2265261</a><div class=""phone-secondary""></div></td><td>Free<div> <a href=""https://www.mentalhealth.health.gov.lk/index.php?option=com_content&view=article&id=43:kegalle-district&catid=18&Itemid=202&lang=en; http://www.kegalle.dist.gov.lk/index.php/en/aboutus/15-government-service-centers/18-hospitals.html"" class=""web-site""target=""_blank"" style=""text-decoration: none;"">Web Site  🔗</a></div></td></tr>",,,,
467,Divisional Hospital Rathgama,Mental Health,Government Divisional Hospital,Free,091-2267261,091-2283261,,Southern Province,Galle,Rathgama,Rathgama,"Ahangama, Galle District",Mental Health clinic,Call ahead to confirm current clinic/consultant hours,,,Government Hospitals,"<tr><td>Divisional Hospital Rathgama<div class=""e-mail""></div></td><td>Southern Province</td><td>Galle</td><td><a href=""tel:091-2267261"" class=""phone-link"">091-2267261</a><div class=""phone-secondary"">091-2283261</div></td><td>Free</td></tr>",,,,
468,Divisional Hospital Rattota,Mental Health,Government Hospital,Free,066-2255261,,,Central Province,Matale,Rattota,Rattota,"Rattota, Matale District",Mental Health clinic,Call ahead to confirm current clinic/consultant hours,,https://www.mentalhealth.health.gov.lk/index.php?option=com_content&view=article&id=47&Itemid=206&lang=en,Government Hospitals,"<tr><td>Divisional Hospital Rattota<div class=""e-mail""></div></td><td>Central Province</td><td>Matale</td><td><a href=""tel:066-2255261"" class=""phone-link"">066-2255261</a><div class=""phone-secondary""></div></td><td>Free<div> <a href=""https://www.mentalhealth.health.gov.lk/index.php?option=com_content&view=article&id=47&Itemid=206&lang=en"" class=""web-site""target=""_blank"" style=""text-decoration: none;"">Web Site  🔗</a></div></td></tr>",,,,
469,Divisional Hospital Rideegama,Mental Health + Elder Care,Government,Free,037-2252061,037-2222262; 037-2233906,info@kurunegalahospital.health.gov.lk,North Western Province,Kurunegala,Rideegama,Rideegama,"Colombo Road, Kurunegala 60000",Mental Health clinic,24/7 emergency; psychiatry clinic schedule confirm locally,Consultant Psychiatry Team,,Elders' Homes & Care Services,"<tr><td>Divisional Hospital Rideegama<div class=""e-mail"">info@kurunegalahospital.health.gov.lk</div></td><td>North Western Province</td><td>Kurunegala</td><td><a href=""tel:037-2252061"" class=""phone-link"">037-2252061</a><div class=""phone-secondary"">037-2222262; 037-2233906</div></td><td>Free</td></tr>",,,,
470,Divisional Hospital Sainthamaruthu,Mental Health,Government,Free,067-2229260,,,Eastern Province,Ampara,Sainthamaruthu,Sainthamaruthu,"Panama, Ampara District",Mental Health clinic,Call ahead to confirm current clinic/consultant hours,,,Government Hospitals,"<tr><td>Divisional Hospital Sainthamaruthu<div class=""e-mail""></div></td><td>Eastern Province</td><td>Ampara</td><td><a href=""tel:067-2229260"" class=""phone-link"">067-2229260</a><div class=""phone-secondary""></div></td><td>Free</td></tr>",,,,
471,Divisional Hospital Sandalankawa,Mental Health + Elder Care,Government,Free,031-2299661,,,North Western Province,Kurunegala,Pannala,Pannala,,Mental Health clinic,,,,Elders' Homes & Care Services,"<tr><td>Divisional Hospital Sandalankawa<div class=""e-mail""></div></td><td>North Western Province</td><td>Kurunegala</td><td><a href=""tel:031-2299661"" class=""phone-link"">031-2299661</a><div class=""phone-secondary""></div></td><td>Free</td></tr>",,,,
472,Divisional Hospital Sangarajapura,Mental Health,Government Divisional Hospital,Free,081-2461262,,,Central Province,Kandy,Hatharaliyadda,Hatharaliyadda,"Sangarajapura, Kandy District",Mental Health clinic,Call ahead to confirm current clinic/consultant hours,,,Government Hospitals,"<tr><td>Divisional Hospital Sangarajapura<div class=""e-mail""></div></td><td>Central Province</td><td>Kandy</td><td><a href=""tel:081-2461262"" class=""phone-link"">081-2461262</a><div class=""phone-secondary""></div></td><td>Free</td></tr>",,,,
473,Divisional Hospital Senarathpura,Mental Health + Rehabilitation,Government Hospital,Free,063-2050007,,,Eastern Province,Ampara,Uhana,Uhana,"Senarathpura, Ampara District",Mental Health clinic Mental Health rehabilitation,Call ahead to confirm current clinic/consultant hours,,,Government Hospitals,"<tr><td>Divisional Hospital Senarathpura<div class=""e-mail""></div></td><td>Eastern Province</td><td>Ampara</td><td><a href=""tel:063-2050007"" class=""phone-link"">063-2050007</a><div class=""phone-secondary""></div></td><td>Free</td></tr>",,,,
474,Divisional Hospital Serunuwara,Mental Health,Government Hospital,Free,026-2251461,026-2225461,,Eastern Province,Trincomalee,Serunuwar,Serunuwar,"Serunuwara, Trincomalee District",Mental Health clinic,Call ahead to confirm current clinic/consultant hours,,https://www.mentalhealth.health.gov.lk/index.php?option=com_content&view=article&id=54&Itemid=213&lang=en,Government Hospitals,"<tr><td>Divisional Hospital Serunuwara<div class=""e-mail""></div></td><td>Eastern Province</td><td>Trincomalee</td><td><a href=""tel:026-2251461"" class=""phone-link"">026-2251461</a><div class=""phone-secondary"">026-2225461</div></td><td>Free<div> <a href=""https://www.mentalhealth.health.gov.lk/index.php?option=com_content&view=article&id=54&Itemid=213&lang=en"" class=""web-site""target=""_blank"" style=""text-decoration: none;"">Web Site  🔗</a></div></td></tr>",,,,
475,Divisional Hospital Sevanagala,Mental Health + Elder Care,Government Hospital,Free,047-2280019,,,Uva Province,Monaragala,Sevanagala,Sevanagala,"Sewanagala, Monaragala District",Mental Health clinic,Call ahead to confirm current clinic/consultant hours,,,Elders' Homes & Care Services,"<tr><td>Divisional Hospital Sevanagala<div class=""e-mail""></div></td><td>Uva Province</td><td>Monaragala</td><td><a href=""tel:047-2280019"" class=""phone-link"">047-2280019</a><div class=""phone-secondary""></div></td><td>Free</td></tr>",,,,
476,Divisional Hospital Sigiriya,Mental Health,Government Hospital,Free,066-2240161,066-2286261,,Central Province,Matale,Sigiriya,Sigiriya,"Sigiriya, Matale District",Mental Health clinic,Call ahead to confirm current clinic/consultant hours,,https://www.mentalhealth.health.gov.lk/index.php?option=com_content&view=article&id=47&Itemid=206&lang=en,Government Hospitals,"<tr><td>Divisional Hospital Sigiriya<div class=""e-mail""></div></td><td>Central Province</td><td>Matale</td><td><a href=""tel:066-2240161"" class=""phone-link"">066-2240161</a><div class=""phone-secondary"">066-2286261</div></td><td>Free<div> <a href=""https://www.mentalhealth.health.gov.lk/index.php?option=com_content&view=article&id=47&Itemid=206&lang=en"" class=""web-site""target=""_blank"" style=""text-decoration: none;"">Web Site  🔗</a></div></td></tr>",,,,
477,Divisional Hospital Silavathurai,Mental Health,Government Hospital,Free,023-3231007,,,Northern Province,Mannar,Musali,Musali,"Silavathurai, Mannar District",Mental Health clinic,Call ahead to confirm current clinic/consultant hours,,,Government Hospitals,"<tr><td>Divisional Hospital Silavathurai<div class=""e-mail""></div></td><td>Northern Province</td><td>Mannar</td><td><a href=""tel:023-3231007"" class=""phone-link"">023-3231007</a><div class=""phone-secondary""></div></td><td>Free</td></tr>",,,,
478,Divisional Hospital Sooriyakanda,Mental Health,Government Divisional Hospital,Free,045-3454761,,,Sabaragamuwa Province,Ratnapura,Sooriyakanda,Sooriyakanda,"Sooriyakanda, Ratnapura District",Mental Health clinic,Call ahead to confirm current clinic/consultant hours,,,Government Hospitals,"<tr><td>Divisional Hospital Sooriyakanda<div class=""e-mail""></div></td><td>Sabaragamuwa Province</td><td>Ratnapura</td><td><a href=""tel:045-3454761"" class=""phone-link"">045-3454761</a><div class=""phone-secondary""></div></td><td>Free</td></tr>",,,,
479,Divisional Hospital Sooriyawewa,Mental Health,Government Divisional Hospital,Free,047-2289061,,,Southern Province,Hambantota,Sooriyawewa,Sooriyawewa,"Sooriyawewa, Hambantota District",Mental Health clinic,Call ahead to confirm current clinic/consultant hours,,,Government Hospitals,"<tr><td>Divisional Hospital Sooriyawewa<div class=""e-mail""></div></td><td>Southern Province</td><td>Hambantota</td><td><a href=""tel:047-2289061"" class=""phone-link"">047-2289061</a><div class=""phone-secondary""></div></td><td>Free</td></tr>",,,,
480,Divisional Hospital Talaimannar,Mental Health,Government Hospital,Free,023-2281055,,,Northern Province,Mannar,Mannar,Mannar,"Talaimannar, Mannar District",Mental Health clinic,Call ahead to confirm current clinic/consultant hours,,,Government Hospitals,"<tr><td>Divisional Hospital Talaimannar<div class=""e-mail""></div></td><td>Northern Province</td><td>Mannar</td><td><a href=""tel:023-2281055"" class=""phone-link"">023-2281055</a><div class=""phone-secondary""></div></td><td>Free</td></tr>",,,,
481,Divisional Hospital Thadiday,Mental Health,Government Divisional Hospital,Free,065-3658284,,,Eastern Province,Batticaloa,Thadiday,Thadiday,"Thandiady, Batticaloa District",Mental Health clinic,Call ahead to confirm current clinic hours,,,Government Hospitals,"<tr><td>Divisional Hospital Thadiday<div class=""e-mail""></div></td><td>Eastern Province</td><td>Batticaloa</td><td><a href=""tel:065-3658284"" class=""phone-link"">065-3658284</a><div class=""phone-secondary""></div></td><td>Free</td></tr>",,,,
482,Divisional Hospital Thalangama,Mental Health + Child Mental Health + Elder Care,Government Base Hospital,Free,011-2862313,011-2855200,,Western Province,Colombo,Kaduwela,Kaduwela,"Homagama, Colombo District",Mental Health clinic Mithuru Piyasa Child & Adolescent guidance clinic,Call ahead to confirm current clinic/consultant hours,,https://www.mentalhealth.health.gov.lk/index.php?option=com_content&view=article&id=36&Itemid=196&lang=en,Elders' Homes & Care Services,"<tr><td>Divisional Hospital Thalangama<div class=""e-mail""></div></td><td>Western Province</td><td>Colombo</td><td><a href=""tel:011-2862313"" class=""phone-link"">011-2862313</a><div class=""phone-secondary"">011-2855200</div></td><td>Free<div> <a href=""https://www.mentalhealth.health.gov.lk/index.php?option=com_content&view=article&id=36&Itemid=196&lang=en"" class=""web-site""target=""_blank"" style=""text-decoration: none;"">Web Site  🔗</a></div></td></tr>",,,,
483,Divisional Hospital Thalapitiya,Mental Health,Government Base Hospital,Free,091-2234468,091-3927276,,Southern Province,Galle,Galle,Galle,"Balapitiya, Galle District",Mental Health clinic,Call ahead to confirm current clinic/consultant hours,,,Government Hospitals,"<tr><td>Divisional Hospital Thalapitiya<div class=""e-mail""></div></td><td>Southern Province</td><td>Galle</td><td><a href=""tel:091-2234468"" class=""phone-link"">091-2234468</a><div class=""phone-secondary"">091-3927276</div></td><td>Free</td></tr>",,,,
484,Divisional Hospital Thalathuoya,Mental Health,Government,Free,081-2404261,,,Central Province,Kandy,Pathadumbara,Pathadumbara,"District General Hospital, Nawalapitiya",Mental Health clinic,Call ahead to confirm current clinic/consultant hours,,,Government Hospitals,"<tr><td>Divisional Hospital Thalathuoya<div class=""e-mail""></div></td><td>Central Province</td><td>Kandy</td><td><a href=""tel:081-2404261"" class=""phone-link"">081-2404261</a><div class=""phone-secondary""></div></td><td>Free</td></tr>",,,,
485,Divisional Hospital Thalawa,Mental Health,Government Divisional Hospital,Free,025-2276261,,,North Central Province,Anuradhapura,Thalawa,Thalawa,"Thalawa, Anuradhapura District",Mental Health clinic,Call ahead to confirm current clinic/consultant hours,,http://www.mentalhealth.health.gov.lk/index.php?option=com_content&view=article&id=33&Itemid=193&lang=en; https://hospitalslk.blogspot.com/2011/12/anuradhapura-district.html,Government Hospitals,"<tr><td>Divisional Hospital Thalawa<div class=""e-mail""></div></td><td>North Central Province</td><td>Anuradhapura</td><td><a href=""tel:025-2276261"" class=""phone-link"">025-2276261</a><div class=""phone-secondary""></div></td><td>Free<div> <a href=""http://www.mentalhealth.health.gov.lk/index.php?option=com_content&view=article&id=33&Itemid=193&lang=en; https://hospitalslk.blogspot.com/2011/12/anuradhapura-district.html"" class=""web-site""target=""_blank"" style=""text-decoration: none;"">Web Site  🔗</a></div></td></tr>",,,,
486,Divisional Hospital Thampalagamam,Mental Health,Government Hospital,Free,026-2248061,,,Eastern Province,Trincomalee,Thampalagamam,Thampalagamam,"Thampalagamam, Trincomalee District",Mental Health clinic,Call ahead to confirm current clinic/consultant hours,,https://www.mentalhealth.health.gov.lk/index.php?option=com_content&view=article&id=54&Itemid=213&lang=en,Government Hospitals,"<tr><td>Divisional Hospital Thampalagamam<div class=""e-mail""></div></td><td>Eastern Province</td><td>Trincomalee</td><td><a href=""tel:026-2248061"" class=""phone-link"">026-2248061</a><div class=""phone-secondary""></div></td><td>Free<div> <a href=""https://www.mentalhealth.health.gov.lk/index.php?option=com_content&view=article&id=54&Itemid=213&lang=en"" class=""web-site""target=""_blank"" style=""text-decoration: none;"">Web Site  🔗</a></div></td></tr>",,,,
487,Divisional Hospital Thanamalwila,Mental Health + Elder Care,Government Hospital,Free,047-2234061,,,Uva Province,Monaragala,Thanamalwila,Thanamalwila,"Thanamalwila, Monaragala District",Mental Health clinic,Call ahead to confirm current clinic/consultant hours,,,Elders' Homes & Care Services,"<tr><td>Divisional Hospital Thanamalwila<div class=""e-mail""></div></td><td>Uva Province</td><td>Monaragala</td><td><a href=""tel:047-2234061"" class=""phone-link"">047-2234061</a><div class=""phone-secondary""></div></td><td>Free</td></tr>",,,,
488,Divisional Hospital Tharmapuram,Mental Health,Government Hospital,Free,021-3200248,,,Northern Province,Kilinochchi,Kandawalai,Kandawalai,"Tharmapuram, Kilinochchi District",Mental Health clinic,Call ahead to confirm current clinic/consultant hours,,https://www.mentalhealth.health.gov.lk/index.php?option=com_content&view=article&id=44&Itemid=203&lang=en,Government Hospitals,"<tr><td>Divisional Hospital Tharmapuram<div class=""e-mail""></div></td><td>Northern Province</td><td>Kilinochchi</td><td><a href=""tel:021-3200248"" class=""phone-link"">021-3200248</a><div class=""phone-secondary""></div></td><td>Free<div> <a href=""https://www.mentalhealth.health.gov.lk/index.php?option=com_content&view=article&id=44&Itemid=203&lang=en"" class=""web-site""target=""_blank"" style=""text-decoration: none;"">Web Site  🔗</a></div></td></tr>",,,,
489,Divisional Hospital Theripehe,Mental Health,Government Hospital,Free,052-3519401,052-3535857,,Central Province,Nuwara Eliya,Theripehe,Theripehe,"Theripaha, Nuwara Eliya District",Mental Health clinic,Call ahead to confirm current clinic/consultant hours,,https://www.mentalhealth.health.gov.lk/index.php?option=com_content&view=article&id=51&Itemid=210&lang=en,Government Hospitals,"<tr><td>Divisional Hospital Theripehe<div class=""e-mail""></div></td><td>Central Province</td><td>Nuwara Eliya</td><td><a href=""tel:052-3519401"" class=""phone-link"">052-3519401</a><div class=""phone-secondary"">052-3535857</div></td><td>Free<div> <a href=""https://www.mentalhealth.health.gov.lk/index.php?option=com_content&view=article&id=51&Itemid=210&lang=en"" class=""web-site""target=""_blank"" style=""text-decoration: none;"">Web Site  🔗</a></div></td></tr>",,,,
490,Divisional Hospital Thopur,Mental Health,Government,Free,026-2240833,,,Eastern Province,Trincomalee,Thopur,Thopur,"Muttur, Trincomalee District",Mental Health clinic,Call ahead to confirm current clinic/consultant hours,,https://www.mentalhealth.health.gov.lk/index.php?option=com_content&view=article&id=54&Itemid=213&lang=en,Government Hospitals,"<tr><td>Divisional Hospital Thopur<div class=""e-mail""></div></td><td>Eastern Province</td><td>Trincomalee</td><td><a href=""tel:026-2240833"" class=""phone-link"">026-2240833</a><div class=""phone-secondary""></div></td><td>Free<div> <a href=""https://www.mentalhealth.health.gov.lk/index.php?option=com_content&view=article&id=54&Itemid=213&lang=en"" class=""web-site""target=""_blank"" style=""text-decoration: none;"">Web Site  🔗</a></div></td></tr>",,,,
491,Divisional Hospital Thottama,Mental Health,Government Hospital,Free,063-3634691,,,Eastern Province,Ampara,Damana,Damana,"Thottama, Ampara District",Mental Health clinic,Call ahead to confirm current clinic/consultant hours,,,Government Hospitals,"<tr><td>Divisional Hospital Thottama<div class=""e-mail""></div></td><td>Eastern Province</td><td>Ampara</td><td><a href=""tel:063-3634691"" class=""phone-link"">063-3634691</a><div class=""phone-secondary""></div></td><td>Free</td></tr>",,,,
492,Divisional Hospital Udapussellawa,Mental Health,Government Hospital,Free,052-2269361,052-2269261,,Central Province,Nuwara Eliya,Udapussellawa,Udapussellawa,"Udapussellawa, Nuwara Eliya District",Mental Health clinic,Call ahead to confirm current clinic/consultant hours,,https://www.mentalhealth.health.gov.lk/index.php?option=com_content&view=article&id=51&Itemid=210&lang=en,Government Hospitals,"<tr><td>Divisional Hospital Udapussellawa<div class=""e-mail""></div></td><td>Central Province</td><td>Nuwara Eliya</td><td><a href=""tel:052-2269361"" class=""phone-link"">052-2269361</a><div class=""phone-secondary"">052-2269261</div></td><td>Free<div> <a href=""https://www.mentalhealth.health.gov.lk/index.php?option=com_content&view=article&id=51&Itemid=210&lang=en"" class=""web-site""target=""_blank"" style=""text-decoration: none;"">Web Site  🔗</a></div></td></tr>",,,,
493,Divisional Hospital Ududumbara,Mental Health,Government Divisional Hospital,Free,081-2402461,,,Central Province,Kandy,Ududumbara,Ududumbara,"Udadumbara, Kandy District",Mental Health clinic,Call ahead to confirm current clinic/consultant hours,,,Government Hospitals,"<tr><td>Divisional Hospital Ududumbara<div class=""e-mail""></div></td><td>Central Province</td><td>Kandy</td><td><a href=""tel:081-2402461"" class=""phone-link"">081-2402461</a><div class=""phone-secondary""></div></td><td>Free</td></tr>",,,,
494,Divisional Hospital Uhumeeya,Mental Health + Rehabilitation + Elder Care,Government,Free,037-2238727,,,North Western Province,Kurunegala,Weerambugedara,Weerambugedara,,Mental Health clinic Rehabilitation,,,,Elders' Homes & Care Services,"<tr><td>Divisional Hospital Uhumeeya<div class=""e-mail""></div></td><td>North Western Province</td><td>Kurunegala</td><td><a href=""tel:037-2238727"" class=""phone-link"">037-2238727</a><div class=""phone-secondary""></div></td><td>Free</td></tr>",,,,
495,Divisional Hospital Unawatuna,Mental Health,Government Divisional Hospital,Free,091-2234020,,,Southern Province,Galle,Habaraduwa,Habaraduwa,"Unawatuna, Galle District",Mental Health clinic,Call ahead to confirm current clinic/consultant hours,,,Government Hospitals,"<tr><td>Divisional Hospital Unawatuna<div class=""e-mail""></div></td><td>Southern Province</td><td>Galle</td><td><a href=""tel:091-2234020"" class=""phone-link"">091-2234020</a><div class=""phone-secondary""></div></td><td>Free</td></tr>",,,,
496,Divisional Hospital Undugoda,Mental Health,Government Hospital,Free,035-2278661,,,Sabaragamuwa Province,Kegalle,Bulathkohupitiya,Bulathkohupitiya,"Undugoda, Kegalle District",Mental Health clinic,Call ahead to confirm current clinic/consultant hours,,https://www.mentalhealth.health.gov.lk/index.php?option=com_content&view=article&id=43:kegalle-district&catid=18&Itemid=202&lang=en; http://www.kegalle.dist.gov.lk/index.php/en/aboutus/15-government-service-centers/18-hospitals.html,Government Hospitals,"<tr><td>Divisional Hospital Undugoda<div class=""e-mail""></div></td><td>Sabaragamuwa Province</td><td>Kegalle</td><td><a href=""tel:035-2278661"" class=""phone-link"">035-2278661</a><div class=""phone-secondary""></div></td><td>Free<div> <a href=""https://www.mentalhealth.health.gov.lk/index.php?option=com_content&view=article&id=43:kegalle-district&catid=18&Itemid=202&lang=en; http://www.kegalle.dist.gov.lk/index.php/en/aboutus/15-government-service-centers/18-hospitals.html"" class=""web-site""target=""_blank"" style=""text-decoration: none;"">Web Site  🔗</a></div></td></tr>",,,,
497,Divisional Hospital Unnappulavu,Mental Health,Government,Free,021-2290150,,,Northern Province,Mullaitivu,Mullaitivu,Mullaitivu,"Mullaitivu, Mullaitivu District",Mental Health clinic,Call ahead to confirm current clinic/consultant hours,,,Government Hospitals,"<tr><td>Divisional Hospital Unnappulavu<div class=""e-mail""></div></td><td>Northern Province</td><td>Mullaitivu</td><td><a href=""tel:021-2290150"" class=""phone-link"">021-2290150</a><div class=""phone-secondary""></div></td><td>Free</td></tr>",,,,
498,Divisional Hospital Uragasmanhandiya,Mental Health,Government,Free,091-2264061,,,Southern Province,Galle,Karandeniya,Karandeniya,,Mental Health clinic,,,,Government Hospitals,"<tr><td>Divisional Hospital Uragasmanhandiya<div class=""e-mail""></div></td><td>Southern Province</td><td>Galle</td><td><a href=""tel:091-2264061"" class=""phone-link"">091-2264061</a><div class=""phone-secondary""></div></td><td>Free</td></tr>",,,,
499,Divisional Hospital Urubokka,Mental Health,Government Divisional Hospital,Free,041-2272261,,,Southern Province,Matara,Urubokka,Urubokka,"Urubokka, Matara District",Mental Health clinic,Call ahead to confirm current clinic/consultant hours,,https://www.mentalhealth.health.gov.lk/index.php?option=com_content&view=article&id=48&Itemid=207&lang=en ; https://lankainformation.lk/directory/health/list-of-hospitals-in-sri-lanka/matara-district,Government Hospitals,"<tr><td>Divisional Hospital Urubokka<div class=""e-mail""></div></td><td>Southern Province</td><td>Matara</td><td><a href=""tel:041-2272261"" class=""phone-link"">041-2272261</a><div class=""phone-secondary""></div></td><td>Free<div> <a href=""https://www.mentalhealth.health.gov.lk/index.php?option=com_content&view=article&id=48&Itemid=207&lang=en ; https://lankainformation.lk/directory/health/list-of-hospitals-in-sri-lanka/matara-district"" class=""web-site""target=""_blank"" style=""text-decoration: none;"">Web Site  🔗</a></div></td></tr>",,,,
500,Divisional Hospital Uruthirapuram,Mental Health,Government Hospital,Free,024-3247240,,,Northern Province,Kilinochchi,Karachchi,Karachchi,"Uruthirapuram, Kilinochchi District",Mental Health clinic,Call ahead to confirm current clinic/consultant hours,,https://www.mentalhealth.health.gov.lk/index.php?option=com_content&view=article&id=44&Itemid=203&lang=en,Government Hospitals,"<tr><td>Divisional Hospital Uruthirapuram<div class=""e-mail""></div></td><td>Northern Province</td><td>Kilinochchi</td><td><a href=""tel:024-3247240"" class=""phone-link"">024-3247240</a><div class=""phone-secondary""></div></td><td>Free<div> <a href=""https://www.mentalhealth.health.gov.lk/index.php?option=com_content&view=article&id=44&Itemid=203&lang=en"" class=""web-site""target=""_blank"" style=""text-decoration: none;"">Web Site  🔗</a></div></td></tr>",,,,
501,Divisional Hospital Uva Paranagama,Mental Health + Elder Care,Government Divisional Hospital,Free,057-2245160,,,Uva Province,Badulla,Uva Paranagama,Uva Paranagama,Uva Paranagama,Mental Health clinic,Typical government hours (confirm),MO,,Elders' Homes & Care Services,"<tr><td>Divisional Hospital Uva Paranagama<div class=""e-mail""></div></td><td>Uva Province</td><td>Badulla</td><td><a href=""tel:057-2245160"" class=""phone-link"">057-2245160</a><div class=""phone-secondary""></div></td><td>Free</td></tr>",,,,
502,Divisional Hospital Vaddakkachchi,Mental Health,Government Hospital,Free,021-2060332,,,Northern Province,Kilinochchi,Karachchi,Karachchi,"Vaddakkachchi, Kilinochchi District",Mental Health clinic,Call ahead to confirm current clinic/consultant hours,,https://www.mentalhealth.health.gov.lk/index.php?option=com_content&view=article&id=44&Itemid=203&lang=en,Government Hospitals,"<tr><td>Divisional Hospital Vaddakkachchi<div class=""e-mail""></div></td><td>Northern Province</td><td>Kilinochchi</td><td><a href=""tel:021-2060332"" class=""phone-link"">021-2060332</a><div class=""phone-secondary""></div></td><td>Free<div> <a href=""https://www.mentalhealth.health.gov.lk/index.php?option=com_content&view=article&id=44&Itemid=203&lang=en"" class=""web-site""target=""_blank"" style=""text-decoration: none;"">Web Site  🔗</a></div></td></tr>",,,,
503,Divisional Hospital Vakarai,Mental Health,Government Divisional Hospital,Free,065-3656357,,,Eastern Province,Batticaloa,Vakarai,Vakarai,"Vakarai, Batticaloa District",Mental Health clinic,Call ahead to confirm current clinic hours,,,Government Hospitals,"<tr><td>Divisional Hospital Vakarai<div class=""e-mail""></div></td><td>Eastern Province</td><td>Batticaloa</td><td><a href=""tel:065-3656357"" class=""phone-link"">065-3656357</a><div class=""phone-secondary""></div></td><td>Free</td></tr>",,,,
504,Divisional Hospital Velanai,Mental Health,Government Divisional Hospital,Free,021-2211556,,,Northern Province,Jaffna,Velanai,Velanai,"Divisional Hospital, Velanai",Mental Health clinic,Call ahead to confirm current clinic/consultant hours,,,Government Hospitals,"<tr><td>Divisional Hospital Velanai<div class=""e-mail""></div></td><td>Northern Province</td><td>Jaffna</td><td><a href=""tel:021-2211556"" class=""phone-link"">021-2211556</a><div class=""phone-secondary""></div></td><td>Free</td></tr>",,,,
505,Divisional Hospital Veravali,Mental Health,Government Hospital,Free,024-3247238,,,Northern Province,Kilinochchi,Poonakary,Poonakary,"Veravil, Kilinochchi District",Mental Health clinic,Call ahead to confirm current clinic/consultant hours,,https://www.mentalhealth.health.gov.lk/index.php?option=com_content&view=article&id=44&Itemid=203&lang=en,Government Hospitals,"<tr><td>Divisional Hospital Veravali<div class=""e-mail""></div></td><td>Northern Province</td><td>Kilinochchi</td><td><a href=""tel:024-3247238"" class=""phone-link"">024-3247238</a><div class=""phone-secondary""></div></td><td>Free<div> <a href=""https://www.mentalhealth.health.gov.lk/index.php?option=com_content&view=article&id=44&Itemid=203&lang=en"" class=""web-site""target=""_blank"" style=""text-decoration: none;"">Web Site  🔗</a></div></td></tr>",,,,
506,Divisional Hospital Vidathalthivu,Mental Health,Government,Free,023-3238237,,,Northern Province,Mannar,Manthai West,Manthai West,"Silavathurai, Mannar District",Mental Health clinic,Call ahead to confirm current clinic/consultant hours,,,Government Hospitals,"<tr><td>Divisional Hospital Vidathalthivu<div class=""e-mail""></div></td><td>Northern Province</td><td>Mannar</td><td><a href=""tel:023-3238237"" class=""phone-link"">023-3238237</a><div class=""phone-secondary""></div></td><td>Free</td></tr>",,,,
507,Divisional Hospital Wadinagala,Mental Health,Government Hospital,Free,063-3634222,,,Eastern Province,Ampara,Damana,Damana,"Wadinagala, Ampara District",Mental Health clinic,Call ahead to confirm current clinic/consultant hours,,,Government Hospitals,"<tr><td>Divisional Hospital Wadinagala<div class=""e-mail""></div></td><td>Eastern Province</td><td>Ampara</td><td><a href=""tel:063-3634222"" class=""phone-link"">063-3634222</a><div class=""phone-secondary""></div></td><td>Free</td></tr>",,,,
508,Divisional Hospital Walapane,Mental Health,Government Hospital,Free,052-2279162,052-2279261,,Central Province,Nuwara Eliya,Walapane,Walapane,"Walapane, Nuwara Eliya District",Mental Health clinic Long stay residential facilities,Call ahead to confirm current clinic/consultant hours,,https://www.mentalhealth.health.gov.lk/index.php?option=com_content&view=article&id=51&Itemid=210&lang=en,Government Hospitals,"<tr><td>Divisional Hospital Walapane<div class=""e-mail""></div></td><td>Central Province</td><td>Nuwara Eliya</td><td><a href=""tel:052-2279162"" class=""phone-link"">052-2279162</a><div class=""phone-secondary"">052-2279261</div></td><td>Free<div> <a href=""https://www.mentalhealth.health.gov.lk/index.php?option=com_content&view=article&id=51&Itemid=210&lang=en"" class=""web-site""target=""_blank"" style=""text-decoration: none;"">Web Site  🔗</a></div></td></tr>",,,,
509,Divisional Hospital Wariyapola,Mental Health + Elder Care,Government,Free,037-2267261,,,North Western Province,Kurunegala,Wariyapola,Wariyapola,,Mental Health clinic,,,,Elders' Homes & Care Services,"<tr><td>Divisional Hospital Wariyapola<div class=""e-mail""></div></td><td>North Western Province</td><td>Kurunegala</td><td><a href=""tel:037-2267261"" class=""phone-link"">037-2267261</a><div class=""phone-secondary""></div></td><td>Free</td></tr>",,,,
510,Divisional Hospital Watawala,Mental Health,Government Hospital,Free,051-2237261,051-2233261,,Central Province,Nuwara Eliya,Watawala,Watawala,"Watawala, Nuwara Eliya District",Mental Health clinic,Call ahead to confirm current clinic/consultant hours,,https://www.mentalhealth.health.gov.lk/index.php?option=com_content&view=article&id=51&Itemid=210&lang=en,Government Hospitals,"<tr><td>Divisional Hospital Watawala<div class=""e-mail""></div></td><td>Central Province</td><td>Nuwara Eliya</td><td><a href=""tel:051-2237261"" class=""phone-link"">051-2237261</a><div class=""phone-secondary"">051-2233261</div></td><td>Free<div> <a href=""https://www.mentalhealth.health.gov.lk/index.php?option=com_content&view=article&id=51&Itemid=210&lang=en"" class=""web-site""target=""_blank"" style=""text-decoration: none;"">Web Site  🔗</a></div></td></tr>",,,,
511,Divisional Hospital Wattegama,Mental Health,Government Divisional Hospital,Free,081-2476261,,,Central Province,Kandy,Pathadumbara,Pathadumbara,"Wattegama, Kandy District",Mental Health clinic,Call ahead to confirm current clinic/consultant hours,,,Government Hospitals,"<tr><td>Divisional Hospital Wattegama<div class=""e-mail""></div></td><td>Central Province</td><td>Kandy</td><td><a href=""tel:081-2476261"" class=""phone-link"">081-2476261</a><div class=""phone-secondary""></div></td><td>Free</td></tr>",,,,
512,Divisional Hospital Weeraketiya,Mental Health,Government Divisional Hospital,Free,047-2246260,047-2246263,,Southern Province,Hambantota,Weeraketiya,Weeraketiya,"Weeraketiya, Hambantota District",Mental Health clinic,Call ahead to confirm current clinic/consultant hours,,,Government Hospitals,"<tr><td>Divisional Hospital Weeraketiya<div class=""e-mail""></div></td><td>Southern Province</td><td>Hambantota</td><td><a href=""tel:047-2246260"" class=""phone-link"">047-2246260</a><div class=""phone-secondary"">047-2246263</div></td><td>Free</td></tr>",,,,
513,Divisional Hospital Weligama,Mental Health,Government Divisional Hospital,Free,041-2250261,,,Southern Province,Matara,Weligama,Weligama,"Weligama, Matara District",Mental Health clinic,Call ahead to confirm current clinic/consultant hours,,https://www.mentalhealth.health.gov.lk/index.php?option=com_content&view=article&id=48&Itemid=207&lang=en ; https://lankainformation.lk/directory/health/list-of-hospitals-in-sri-lanka/matara-district,Government Hospitals,"<tr><td>Divisional Hospital Weligama<div class=""e-mail""></div></td><td>Southern Province</td><td>Matara</td><td><a href=""tel:041-2250261"" class=""phone-link"">041-2250261</a><div class=""phone-secondary""></div></td><td>Free<div> <a href=""https://www.mentalhealth.health.gov.lk/index.php?option=com_content&view=article&id=48&Itemid=207&lang=en ; https://lankainformation.lk/directory/health/list-of-hospitals-in-sri-lanka/matara-district"" class=""web-site""target=""_blank"" style=""text-decoration: none;"">Web Site  🔗</a></div></td></tr>",,,,
514,Divisional Hospital Weligepola,Mental Health,Government Divisional Hospital,Free,045-2227061,,,Sabaragamuwa Province,Ratnapura,Weligepola,Weligepola,"Weligepola, Ratnapura District",Mental Health clinic,Call ahead to confirm current clinic/consultant hours,,,Government Hospitals,"<tr><td>Divisional Hospital Weligepola<div class=""e-mail""></div></td><td>Sabaragamuwa Province</td><td>Ratnapura</td><td><a href=""tel:045-2227061"" class=""phone-link"">045-2227061</a><div class=""phone-secondary""></div></td><td>Free</td></tr>",,,,
515,Divisional Hospital Welioya (Sampath Nagar,Mental Health,Government,Free,025-2255165,,,Northern Province,Mullaitivu,Welioya,Welioya,"Welioya, Mullaitivu District",Mental Health clinic,Call ahead to confirm current clinic/consultant hours,,,Government Hospitals,"<tr><td>Divisional Hospital Welioya (Sampath Nagar<div class=""e-mail""></div></td><td>Northern Province</td><td>Mullaitivu</td><td><a href=""tel:025-2255165"" class=""phone-link"">025-2255165</a><div class=""phone-secondary""></div></td><td>Free</td></tr>",,,,
516,Divisional Hospital Wetara,Mental Health + Elder Care,Government,Free,011-2704277,,,Western Province,Colombo,Homagama,Homagama,,Mental Health clinic,,,,Elders' Homes & Care Services,"<tr><td>Divisional Hospital Wetara<div class=""e-mail""></div></td><td>Western Province</td><td>Colombo</td><td><a href=""tel:011-2704277"" class=""phone-link"">011-2704277</a><div class=""phone-secondary""></div></td><td>Free</td></tr>",,,,
517,Divisional Hospital Wewegama,Mental Health + Elder Care,Government,Free,055-3561314,,,Uva Province,Badulla,Uva Paranagama,Uva Paranagama,Meegahakiula,Mental Health clinic,Typical government hours (confirm),MO,,Elders' Homes & Care Services,"<tr><td>Divisional Hospital Wewegama<div class=""e-mail""></div></td><td>Uva Province</td><td>Badulla</td><td><a href=""tel:055-3561314"" class=""phone-link"">055-3561314</a><div class=""phone-secondary""></div></td><td>Free</td></tr>",,,,
518,Divisional Hospital Wilgamuwa,Mental Health,Government Hospital,Free,066-2250060,,,Central Province,Matale,Wilgamuwa,Wilgamuwa,"Wilgamuwa, Matale District",Mental Health clinic,Call ahead to confirm current clinic/consultant hours,,https://www.mentalhealth.health.gov.lk/index.php?option=com_content&view=article&id=47&Itemid=206&lang=en,Government Hospitals,"<tr><td>Divisional Hospital Wilgamuwa<div class=""e-mail""></div></td><td>Central Province</td><td>Matale</td><td><a href=""tel:066-2250060"" class=""phone-link"">066-2250060</a><div class=""phone-secondary""></div></td><td>Free<div> <a href=""https://www.mentalhealth.health.gov.lk/index.php?option=com_content&view=article&id=47&Itemid=206&lang=en"" class=""web-site""target=""_blank"" style=""text-decoration: none;"">Web Site  🔗</a></div></td></tr>",,,,
519,Divisional Hospital Yakagahapitiya,Mental Health,Government District General Hospital,Free,081-2420371,054-2222264,,Central Province,Kandy,Manikhinna,Manikhinna,"District General Hospital, Nawalapitiya",Mental Health clinic,Call ahead to confirm current clinic/consultant hours,,,Government Hospitals,"<tr><td>Divisional Hospital Yakagahapitiya<div class=""e-mail""></div></td><td>Central Province</td><td>Kandy</td><td><a href=""tel:081-2420371"" class=""phone-link"">081-2420371</a><div class=""phone-secondary"">054-2222264</div></td><td>Free</td></tr>",,,,
520,Divisional Hospital Yatawatta,Mental Health,Government Hospital,Free,066-2221083,,,Central Province,Matale,Yatawatta,Yatawatta,"Yatawatta, Matale District",Mental Health clinic,Call ahead to confirm current clinic/consultant hours,,https://www.mentalhealth.health.gov.lk/index.php?option=com_content&view=article&id=47&Itemid=206&lang=en,Government Hospitals,"<tr><td>Divisional Hospital Yatawatta<div class=""e-mail""></div></td><td>Central Province</td><td>Matale</td><td><a href=""tel:066-2221083"" class=""phone-link"">066-2221083</a><div class=""phone-secondary""></div></td><td>Free<div> <a href=""https://www.mentalhealth.health.gov.lk/index.php?option=com_content&view=article&id=47&Itemid=206&lang=en"" class=""web-site""target=""_blank"" style=""text-decoration: none;"">Web Site  🔗</a></div></td></tr>",,,,
521,Divisional Probation Office,Counseling,Government,Free,021-2283824,,,Northern Province,Kilinochchi,Kilinochchi,Kilinochchi,,Counselling Coordination,,,,Other Government Institutions,"<tr><td>Divisional Probation Office<div class=""e-mail""></div></td><td>Northern Province</td><td>Kilinochchi</td><td><a href=""tel:021-2283824"" class=""phone-link"">021-2283824</a><div class=""phone-secondary""></div></td><td>Free</td></tr>",,,,
522,Divisional Probation Office,Counseling,Government,Free,024-2222194,,,Northern Province,Vavuniya,Vavuniya,Vavuniya,,Counselling,,,,Other Government Institutions,"<tr><td>Divisional Probation Office<div class=""e-mail""></div></td><td>Northern Province</td><td>Vavuniya</td><td><a href=""tel:024-2222194"" class=""phone-link"">024-2222194</a><div class=""phone-secondary""></div></td><td>Free</td></tr>",,,,
523,Divisional Probation Office,Child Protection / Counseling,Government,Free,032-2265345,,,North Western Province,Puttalam,Puttalam,Puttalam,,Probation and childcare services,,,,Other Government Institutions,"<tr><td>Divisional Probation Office<div class=""e-mail""></div></td><td>North Western Province</td><td>Puttalam</td><td><a href=""tel:032-2265345"" class=""phone-link"">032-2265345</a><div class=""phone-secondary""></div></td><td>Free</td></tr>",,,,
524,Divisional Probation Office - Akkaraipattu,Child Protection / Counseling,Government,Free,067-4929202,,,Eastern Province,Ampara,Akkaraipattu,Akkaraipattu,,Child probation care Legal facilitation,,,,Other Government Institutions,"<tr><td>Divisional Probation Office - Akkaraipattu<div class=""e-mail""></div></td><td>Eastern Province</td><td>Ampara</td><td><a href=""tel:067-4929202"" class=""phone-link"">067-4929202</a><div class=""phone-secondary""></div></td><td>Free</td></tr>",,,,
525,Divisional Probation Office - Ampara,Counseling,Government,Free,063-4929046,063-4929047,planning@hsampara.ep.gov.lk,Eastern Province,Ampara,Ampara,Ampara,"RDHS Office, Dharmapala Mawatha, Ampara",Counselling,Weekday office hours (confirm),Medical Officer / Mental Health Focal Point,,Other Government Institutions,"<tr><td>Divisional Probation Office - Ampara<div class=""e-mail"">planning@hsampara.ep.gov.lk</div></td><td>Eastern Province</td><td>Ampara</td><td><a href=""tel:063-4929046"" class=""phone-link"">063-4929046</a><div class=""phone-secondary"">063-4929047</div></td><td>Free</td></tr>",,,,
526,Divisional Probation Office - Dehiattakandiya,Counseling,Government,Free,027-4929227,,,Eastern Province,Ampara,Dehiattakandiya,Dehiattakandiya,"Dehiattakandiya, Ampara District",Counselling,Call ahead to confirm current clinic/consultant hours,,,Other Government Institutions,"<tr><td>Divisional Probation Office - Dehiattakandiya<div class=""e-mail""></div></td><td>Eastern Province</td><td>Ampara</td><td><a href=""tel:027-4929227"" class=""phone-link"">027-4929227</a><div class=""phone-secondary""></div></td><td>Free</td></tr>",,,,
527,Divisional Probation Office - Kalmunai,Child Protection / Counseling,Government,Free,067-4929203,,stdclinic.kalmunai@gmail.com,Eastern Province,Ampara,Kalmuna North,Kalmuna North,"STD Clinic, Base Hospital, Kalmunai",Child probation care Legal facilitation,Call clinic to confirm current hours,STD Clinic Team,,Other Government Institutions,"<tr><td>Divisional Probation Office - Kalmunai<div class=""e-mail"">stdclinic.kalmunai@gmail.com</div></td><td>Eastern Province</td><td>Ampara</td><td><a href=""tel:067-4929203"" class=""phone-link"">067-4929203</a><div class=""phone-secondary""></div></td><td>Free</td></tr>",,,,
528,Divisional Probation Office - Kantale,Counseling,Government,Free,026-4931295,,,Eastern Province,Trincomalee,Kantale,Kantale,,Counselling,,,,Other Government Institutions,"<tr><td>Divisional Probation Office - Kantale<div class=""e-mail""></div></td><td>Eastern Province</td><td>Trincomalee</td><td><a href=""tel:026-4931295"" class=""phone-link"">026-4931295</a><div class=""phone-secondary""></div></td><td>Free</td></tr>",,,,
529,Divisional Probation Office - Muthur,Counseling,Government,Free,026-4931294,,,Eastern Province,Trincomalee,Muthur,Muthur,,Counselling,,,,Other Government Institutions,"<tr><td>Divisional Probation Office - Muthur<div class=""e-mail""></div></td><td>Eastern Province</td><td>Trincomalee</td><td><a href=""tel:026-4931294"" class=""phone-link"">026-4931294</a><div class=""phone-secondary""></div></td><td>Free</td></tr>",,,,
530,Divisional Probation Office - Trincomalee,Counseling,Government,Free,026-4931293,,rdhstrinco@health.gov.lk,Eastern Province,Trincomalee,Trincomalee,Trincomalee Town & Gravets,"Trincomalee, Trincomalee District",Counselling,Call ahead to confirm current clinic/consultant hours,,https://www.mentalhealth.health.gov.lk/index.php?option=com_content&view=article&id=54&Itemid=213&lang=en,Other Government Institutions,"<tr><td>Divisional Probation Office - Trincomalee<div class=""e-mail"">rdhstrinco@health.gov.lk</div></td><td>Eastern Province</td><td>Trincomalee</td><td><a href=""tel:026-4931293"" class=""phone-link"">026-4931293</a><div class=""phone-secondary""></div></td><td>Free<div> <a href=""https://www.mentalhealth.health.gov.lk/index.php?option=com_content&view=article&id=54&Itemid=213&lang=en"" class=""web-site""target=""_blank"" style=""text-decoration: none;"">Web Site  🔗</a></div></td></tr>",,,,
531,Divisional Probation Office Anuradhapura,Counseling + Rehabilitation,Government,Free,025-4928611,,reanuradhapura@gmail.com,North Central Province,Anuradhapura,Anuradhapura,Nuwaragam Palatha East Anuradhapura,"RDHS Office, Kandy Road, Anuradhapura",Counselling Out-patient rehabilitation,Weekday office hours (confirm),Medical Officer / Mental Health Focal Point,http://www.mentalhealth.health.gov.lk/index.php?option=com_content&view=article&id=33&Itemid=193&lang=en,Other Government Institutions,"<tr><td>Divisional Probation Office Anuradhapura<div class=""e-mail"">reanuradhapura@gmail.com</div></td><td>North Central Province</td><td>Anuradhapura</td><td><a href=""tel:025-4928611"" class=""phone-link"">025-4928611</a><div class=""phone-secondary""></div></td><td>Free<div> <a href=""http://www.mentalhealth.health.gov.lk/index.php?option=com_content&view=article&id=33&Itemid=193&lang=en"" class=""web-site""target=""_blank"" style=""text-decoration: none;"">Web Site  🔗</a></div></td></tr>",,,,
532,Divisional Probation Office Colombo,Child Protection / Counseling,Government,Free,011-2348151,011-2667029,infonsacpsim@gmail.com,Western Province,Colombo,Colombo,Colombo,"No. 29, De Saram Place, Colombo 10",Probation and Child Protection Services,Mon-Fri 8am-4pm; Sat 8am-12pm; 2nd Sunday PrEP clinic 8am-2pm,NSACP Team,,Non-Governmental Organizations,"<tr><td>Divisional Probation Office Colombo<div class=""e-mail"">infonsacpsim@gmail.com</div></td><td>Western Province</td><td>Colombo</td><td><a href=""tel:011-2348151"" class=""phone-link"">011-2348151</a><div class=""phone-secondary"">011-2667029</div></td><td>Free</td></tr>",,,,
533,Divisional Probation Office Galgamuwa,Counseling,Government,Free,037-2253896,,,North Western Province,Kurunegala,Galgamuwa,Galgamuwa,,Counselling,,,,Other Government Institutions,"<tr><td>Divisional Probation Office Galgamuwa<div class=""e-mail""></div></td><td>North Western Province</td><td>Kurunegala</td><td><a href=""tel:037-2253896"" class=""phone-link"">037-2253896</a><div class=""phone-secondary""></div></td><td>Free</td></tr>",,,,
534,Divisional Probation Office Hingurakgoda,Counseling,Government,Free,027-4929226,,,North Central Province,Polonnaruwa,Hingurakgoda,Hingurakgoda,"Hingurakgoda Hospital, Polonnaruwa District",Counselling,Call ahead to confirm current clinic hours,,,Other Government Institutions,"<tr><td>Divisional Probation Office Hingurakgoda<div class=""e-mail""></div></td><td>North Central Province</td><td>Polonnaruwa</td><td><a href=""tel:027-4929226"" class=""phone-link"">027-4929226</a><div class=""phone-secondary""></div></td><td>Free</td></tr>",,,,
535,Divisional Probation Office Kandy,Counseling,Government,Free,081-2388783,,rdhskandy@gmail.com,Central Province,Kandy,Kandy,Gangawatakoralaya,"Office of Regional Director of Health Services, P.O. Box 56, Yatinuwara Veediya, Kandy",Counselling,Weekday office hours (confirm),Medical Officer / Mental Health Focal Point,,Other Government Institutions,"<tr><td>Divisional Probation Office Kandy<div class=""e-mail"">rdhskandy@gmail.com</div></td><td>Central Province</td><td>Kandy</td><td><a href=""tel:081-2388783"" class=""phone-link"">081-2388783</a><div class=""phone-secondary""></div></td><td>Free</td></tr>",,,,
536,Divisional Probation Office Kebithigollewa,Counseling + Rehabilitation,Government,Free,025-4928617,025-3898798,,North Central Province,Anuradhapura,Kebithigollewa,Kebithigollewa,"Kebithigollewa, Anuradhapura District",Counselling Out-patient rehabilitation,Call ahead to confirm current clinic/consultant hours,,http://www.mentalhealth.health.gov.lk/index.php?option=com_content&view=article&id=33&Itemid=193&lang=en; https://hospitalslk.blogspot.com/2011/12/anuradhapura-district.html,Other Government Institutions,"<tr><td>Divisional Probation Office Kebithigollewa<div class=""e-mail""></div></td><td>North Central Province</td><td>Anuradhapura</td><td><a href=""tel:025-4928617"" class=""phone-link"">025-4928617</a><div class=""phone-secondary"">025-3898798</div></td><td>Free<div> <a href=""http://www.mentalhealth.health.gov.lk/index.php?option=com_content&view=article&id=33&Itemid=193&lang=en; https://hospitalslk.blogspot.com/2011/12/anuradhapura-district.html"" class=""web-site""target=""_blank"" style=""text-decoration: none;"">Web Site  🔗</a></div></td></tr>",,,,
537,Divisional Probation Office Kegalle,Mental Health + Child Mental Health,Government,Free,035-2222452,,rdhskg549@gmail.com,Sabaragamuwa Province,Kegalle,Kegalle,Kegalle,"RDHS Office, Bulathkohupitiya Road, Kegalle",Child adoption Referring mentally unstable children to Mental Health services,Weekday office hours (confirm),Medical Officer In Charge - Mental Health Unit,,Other Government Institutions,"<tr><td>Divisional Probation Office Kegalle<div class=""e-mail"">rdhskg549@gmail.com</div></td><td>Sabaragamuwa Province</td><td>Kegalle</td><td><a href=""tel:035-2222452"" class=""phone-link"">035-2222452</a><div class=""phone-secondary""></div></td><td>Free</td></tr>",,,,
538,Divisional Probation Office Kekirawa,Counseling + Rehabilitation,Government,Free,025-4928616,,,North Central Province,Anuradhapura,Kekirawa,Kekirawa,,Counselling Out-patient rehabilitation,,,,Other Government Institutions,"<tr><td>Divisional Probation Office Kekirawa<div class=""e-mail""></div></td><td>North Central Province</td><td>Anuradhapura</td><td><a href=""tel:025-4928616"" class=""phone-link"">025-4928616</a><div class=""phone-secondary""></div></td><td>Free</td></tr>",,,,
539,Divisional Probation Office Kuliyapitiya,Counseling,Government,Free,037-2281231,,stdclinickuliyapitiya@gmail.com,North Western Province,Kurunegala,Kuliyapitiya,Kuliyapitiya,"STD Clinic, Teaching Hospital, Kuliyapitiya",Counselling,Call clinic to confirm current hours,Venereology / STD Clinic Team,,Other Government Institutions,"<tr><td>Divisional Probation Office Kuliyapitiya<div class=""e-mail"">stdclinickuliyapitiya@gmail.com</div></td><td>North Western Province</td><td>Kurunegala</td><td><a href=""tel:037-2281231"" class=""phone-link"">037-2281231</a><div class=""phone-secondary""></div></td><td>Free</td></tr>",,,,
540,Divisional Probation Office Kurunegala,Mental Health + Counseling + Rehabilitation,Government,Free,037-2222391,037-2220044,dpdhskur@yahoo.com,North Western Province,Kurunegala,Kurunegala,Kurunegala,"RDHS Office, Negombo Road / Mills Road, Kurunegala",Counselling Rehabilitation Referral for mental health services,Weekday office hours (confirm),Medical Officer / Mental Health Focal Point,,Other Government Institutions,"<tr><td>Divisional Probation Office Kurunegala<div class=""e-mail"">dpdhskur@yahoo.com</div></td><td>North Western Province</td><td>Kurunegala</td><td><a href=""tel:037-2222391"" class=""phone-link"">037-2222391</a><div class=""phone-secondary"">037-2220044</div></td><td>Free</td></tr>",,,,
541,Divisional Probation Office Mannar,Mental Health,Government,Free,023-2222081,,rdhsmnr@gmail.com,Northern Province,Mannar,Mannar,Mannar,"Mannar, Mannar District",Residential care,Call ahead to confirm current clinic/consultant hours,,,Other Government Institutions,"<tr><td>Divisional Probation Office Mannar<div class=""e-mail"">rdhsmnr@gmail.com</div></td><td>Northern Province</td><td>Mannar</td><td><a href=""tel:023-2222081"" class=""phone-link"">023-2222081</a><div class=""phone-secondary""></div></td><td>Free</td></tr>",,,,
542,Divisional Probation Office Polonnaruwa,Counseling,Government,Free,027-4924557,,rdhsplnp.health@gmail.com,North Central Province,Polonnaruwa,Polonnaruwa,Polonnaruwa,"Office of Regional Director of Health Services, Polonnaruwa",Counselling,Weekday office hours (confirm),Medical Officer / Mental Health Focal Point,,Other Government Institutions,"<tr><td>Divisional Probation Office Polonnaruwa<div class=""e-mail"">rdhsplnp.health@gmail.com</div></td><td>North Central Province</td><td>Polonnaruwa</td><td><a href=""tel:027-4924557"" class=""phone-link"">027-4924557</a><div class=""phone-secondary""></div></td><td>Free</td></tr>",,,,
543,Divisional Probation Office Tangalle,Child Protection / Counseling,Government,Free,047-2240288,,,Southern Province,Hambantota,Galle,Tangalle,,Ensuring the rights of all children,,,,Other Government Institutions,"<tr><td>Divisional Probation Office Tangalle<div class=""e-mail""></div></td><td>Southern Province</td><td>Hambantota</td><td><a href=""tel:047-2240288"" class=""phone-link"">047-2240288</a><div class=""phone-secondary""></div></td><td>Free</td></tr>",,,,
544,Divisional Probation Office Thambuththegama,Counseling + Rehabilitation,Government,Free,025-4928618,,,North Central Province,Anuradhapura,Thambuththegama,Thambuththegama,"Thambuththegama, Anuradhapura District",Counselling Out-patient rehabilitation,Call ahead to confirm current clinic/consultant hours,,http://www.mentalhealth.health.gov.lk/index.php?option=com_content&view=article&id=33&Itemid=193&lang=en; https://hospitalslk.blogspot.com/2011/12/anuradhapura-district.html,Other Government Institutions,"<tr><td>Divisional Probation Office Thambuththegama<div class=""e-mail""></div></td><td>North Central Province</td><td>Anuradhapura</td><td><a href=""tel:025-4928618"" class=""phone-link"">025-4928618</a><div class=""phone-secondary""></div></td><td>Free<div> <a href=""http://www.mentalhealth.health.gov.lk/index.php?option=com_content&view=article&id=33&Itemid=193&lang=en; https://hospitalslk.blogspot.com/2011/12/anuradhapura-district.html"" class=""web-site""target=""_blank"" style=""text-decoration: none;"">Web Site  🔗</a></div></td></tr>",,,,
545,Divisional Probation Office Thissamaharama,Child Protection / Counseling,Government,Free,047-2238034,,,Southern Province,Hambantota,Tissamaharama,Tissamaharama,,Ensuring the rights of all children,,,,Other Government Institutions,"<tr><td>Divisional Probation Office Thissamaharama<div class=""e-mail""></div></td><td>Southern Province</td><td>Hambantota</td><td><a href=""tel:047-2238034"" class=""phone-link"">047-2238034</a><div class=""phone-secondary""></div></td><td>Free</td></tr>",,,,
546,Divisional Probation Office Walasmulla,Child Protection / Counseling,Government,Free,047-2245044,,,Southern Province,Hambantota,Walasmulla,Walasmulla,"Walasmulla, Hambantota District",Ensuring the rights of all children,Call ahead to confirm current clinic/consultant hours,,,Other Government Institutions,"<tr><td>Divisional Probation Office Walasmulla<div class=""e-mail""></div></td><td>Southern Province</td><td>Hambantota</td><td><a href=""tel:047-2245044"" class=""phone-link"">047-2245044</a><div class=""phone-secondary""></div></td><td>Free</td></tr>",,,,
547,Divisional Probation Office Wariyapola,Counseling,Government,Free,037-2268319,,,North Western Province,Kurunegala,Wariyapola,Wariyapola,,Counselling,,,,Other Government Institutions,"<tr><td>Divisional Probation Office Wariyapola<div class=""e-mail""></div></td><td>North Western Province</td><td>Kurunegala</td><td><a href=""tel:037-2268319"" class=""phone-link"">037-2268319</a><div class=""phone-secondary""></div></td><td>Free</td></tr>",,,,
548,Divisional Secretariat Addalaichenai,Counseling,Government,Free,067-2277336,,,Eastern Province,Ampara,Addalaichenai,Addalaichenai,,Counselling Psychosocial support,,,,Other Government Institutions,"<tr><td>Divisional Secretariat Addalaichenai<div class=""e-mail""></div></td><td>Eastern Province</td><td>Ampara</td><td><a href=""tel:067-2277336"" class=""phone-link"">067-2277336</a><div class=""phone-secondary""></div></td><td>Free</td></tr>",,,,
549,Divisional Secretariat Agalawatta,Counseling,Government,Free,034-2243659,,,Western Province,Kalutara,Agalawatta,Agalawatta,,Counselling Psychosocial support,,,,Other Government Institutions,"<tr><td>Divisional Secretariat Agalawatta<div class=""e-mail""></div></td><td>Western Province</td><td>Kalutara</td><td><a href=""tel:034-2243659"" class=""phone-link"">034-2243659</a><div class=""phone-secondary""></div></td><td>Free</td></tr>",,,,
550,Divisional Secretariat Akkaraipattu,Counseling,Government,Free,067-2277236,,,Eastern Province,Ampara,Akkaraipattu,Akkaraipattu,,Counselling Psychosocial support,,,,Other Government Institutions,"<tr><td>Divisional Secretariat Akkaraipattu<div class=""e-mail""></div></td><td>Eastern Province</td><td>Ampara</td><td><a href=""tel:067-2277236"" class=""phone-link"">067-2277236</a><div class=""phone-secondary""></div></td><td>Free</td></tr>",,,,
551,Divisional Secretariat Akmeemana,Counseling,Government,Free,091-2224043,,,Southern Province,Galle,Akmeemana,Akmeemana,,Counselling Psychosocial support,,,,Other Government Institutions,"<tr><td>Divisional Secretariat Akmeemana<div class=""e-mail""></div></td><td>Southern Province</td><td>Galle</td><td><a href=""tel:091-2224043"" class=""phone-link"">091-2224043</a><div class=""phone-secondary""></div></td><td>Free</td></tr>",,,,
552,Divisional Secretariat Akurana,Counseling,Government,Free,081-2300504,,,Central Province,Kandy,Akurana,Akurana,"Akurana, Kandy District",Counselling Psychosocial support,Call ahead to confirm current clinic/consultant hours,,,Other Government Institutions,"<tr><td>Divisional Secretariat Akurana<div class=""e-mail""></div></td><td>Central Province</td><td>Kandy</td><td><a href=""tel:081-2300504"" class=""phone-link"">081-2300504</a><div class=""phone-secondary""></div></td><td>Free</td></tr>",,,,
553,Divisional Secretariat Akuressa,Counseling,Government,Free,041-2283236,,,Southern Province,Matara,Akuressa,Akuressa,"Akuressa, Matara District",Counselling Psychosocial support Coordination services,Call ahead to confirm current clinic/consultant hours,,https://www.mentalhealth.health.gov.lk/index.php?option=com_content&view=article&id=48&Itemid=207&lang=en ; https://lankainformation.lk/directory/health/list-of-hospitals-in-sri-lanka/matara-district,Other Government Institutions,"<tr><td>Divisional Secretariat Akuressa<div class=""e-mail""></div></td><td>Southern Province</td><td>Matara</td><td><a href=""tel:041-2283236"" class=""phone-link"">041-2283236</a><div class=""phone-secondary""></div></td><td>Free<div> <a href=""https://www.mentalhealth.health.gov.lk/index.php?option=com_content&view=article&id=48&Itemid=207&lang=en ; https://lankainformation.lk/directory/health/list-of-hospitals-in-sri-lanka/matara-district"" class=""web-site""target=""_blank"" style=""text-decoration: none;"">Web Site  🔗</a></div></td></tr>",,,,
554,Divisional Secretariat Alawwa,Counseling,Government,Free,037-2278179,,,North Western Province,Kurunegala,Alawwa,Alawwa,,Counselling Psychosocial support,,,,Other Government Institutions,"<tr><td>Divisional Secretariat Alawwa<div class=""e-mail""></div></td><td>North Western Province</td><td>Kurunegala</td><td><a href=""tel:037-2278179"" class=""phone-link"">037-2278179</a><div class=""phone-secondary""></div></td><td>Free</td></tr>",,,,
555,Divisional Secretariat Alayadivembu,Counseling,Government,Free,067-2277436,,,Eastern Province,Ampara,Alayadivembu,Alayadivembu,,Counselling Psychosocial support,,,,Other Government Institutions,"<tr><td>Divisional Secretariat Alayadivembu<div class=""e-mail""></div></td><td>Eastern Province</td><td>Ampara</td><td><a href=""tel:067-2277436"" class=""phone-link"">067-2277436</a><div class=""phone-secondary""></div></td><td>Free</td></tr>",,,,
556,Divisional Secretariat Ambagamuwa,Counseling,Government,Free,051-2242213,,,Central Province,Nuwara Eliya,Ambagamuwa,Ambagamuwa,,Counselling Psychosocial support,,,,Other Government Institutions,"<tr><td>Divisional Secretariat Ambagamuwa<div class=""e-mail""></div></td><td>Central Province</td><td>Nuwara Eliya</td><td><a href=""tel:051-2242213"" class=""phone-link"">051-2242213</a><div class=""phone-secondary""></div></td><td>Free</td></tr>",,,,
557,Divisional Secretariat Ambalangoda,Counseling,Government,Free,091-2258023,,,Southern Province,Galle,Ambalangoda,Ambalangoda,"Ambalangoda, Galle District",Counselling Psychosocial support,Call ahead to confirm current clinic/consultant hours,,,Other Government Institutions,"<tr><td>Divisional Secretariat Ambalangoda<div class=""e-mail""></div></td><td>Southern Province</td><td>Galle</td><td><a href=""tel:091-2258023"" class=""phone-link"">091-2258023</a><div class=""phone-secondary""></div></td><td>Free</td></tr>",,,,
558,Divisional Secretariat Ambalantota,Counseling,Government,Free,047-2223238,,,Southern Province,Hambantota,Ambalantota,Ambalantota,,Counselling Psychosocial support,,,,Other Government Institutions,"<tr><td>Divisional Secretariat Ambalantota<div class=""e-mail""></div></td><td>Southern Province</td><td>Hambantota</td><td><a href=""tel:047-2223238"" class=""phone-link"">047-2223238</a><div class=""phone-secondary""></div></td><td>Free</td></tr>",,,,
559,Divisional Secretariat Ambanganga Korale,Counseling,Government,Free,066-2255365,,,Central Province,Matale,Ambanganga Korale,Ambanganga Korale,,Counselling,,,,Other Government Institutions,"<tr><td>Divisional Secretariat Ambanganga Korale<div class=""e-mail""></div></td><td>Central Province</td><td>Matale</td><td><a href=""tel:066-2255365"" class=""phone-link"">066-2255365</a><div class=""phone-secondary""></div></td><td>Free</td></tr>",,,,
560,Divisional Secretariat Ambanpola,Counseling,Government,Free,037-2253381,,,North Western Province,Kurunegala,Ambanpola,Ambanpola,,Counselling Psychosocial support,,,,Other Government Institutions,"<tr><td>Divisional Secretariat Ambanpola<div class=""e-mail""></div></td><td>North Western Province</td><td>Kurunegala</td><td><a href=""tel:037-2253381"" class=""phone-link"">037-2253381</a><div class=""phone-secondary""></div></td><td>Free</td></tr>",,,,
561,Divisional Secretariat Ampara,Counseling,Government,Free,063-2223435,063-2222990,planning@hsampara.ep.gov.lk,Eastern Province,Ampara,Ampara,Ampara,"RDHS Office, Dharmapala Mawatha, Ampara",Counselling Psychosocial support,Weekday office hours (confirm),Medical Officer / Mental Health Focal Point,,Other Government Institutions,"<tr><td>Divisional Secretariat Ampara<div class=""e-mail"">planning@hsampara.ep.gov.lk</div></td><td>Eastern Province</td><td>Ampara</td><td><a href=""tel:063-2223435"" class=""phone-link"">063-2223435</a><div class=""phone-secondary"">063-2222990</div></td><td>Free</td></tr>",,,,
562,Divisional Secretariat Angunukolapelessa,Counseling,Government,Free,047-2229238,,,Southern Province,Hambantota,Angunukolapelessa,Angunukolapelessa,,Counselling Psychosocial support,,,,Other Government Institutions,"<tr><td>Divisional Secretariat Angunukolapelessa<div class=""e-mail""></div></td><td>Southern Province</td><td>Hambantota</td><td><a href=""tel:047-2229238"" class=""phone-link"">047-2229238</a><div class=""phone-secondary""></div></td><td>Free</td></tr>",,,,
563,Divisional Secretariat Anuradhapura,Counseling,Government,Free,025-2222235,,,North Central Province,Anuradhapura,Anuradhapura,Nuwaragam Palatha East Anuradhapura,"4, Kada 50, Anuradhapura",Counselling Psychosocial support,Call to confirm current psychiatrist schedule,Visiting Psychiatrists,https://www.worldwidephonebooks.com/LK/durdans-medical-centre-anuradhapura-0252-222-648,Other Government Institutions,"<tr><td>Divisional Secretariat Anuradhapura<div class=""e-mail""></div></td><td>North Central Province</td><td>Anuradhapura</td><td><a href=""tel:025-2222235"" class=""phone-link"">025-2222235</a><div class=""phone-secondary""></div></td><td>Free<div> <a href=""https://www.worldwidephonebooks.com/LK/durdans-medical-centre-anuradhapura-0252-222-648"" class=""web-site""target=""_blank"" style=""text-decoration: none;"">Web Site  🔗</a></div></td></tr>",,,,
564,Divisional Secretariat Aranayaka,Counseling,Government,Free,035-2258107,,,Sabaragamuwa Province,Kegalle,Aranayake,Aranayake,"Aranayaka, Kegalle District",Counselling Psychosocial support,Call ahead to confirm current clinic/consultant hours,,https://www.mentalhealth.health.gov.lk/index.php?option=com_content&view=article&id=43:kegalle-district&catid=18&Itemid=202&lang=en; http://www.kegalle.dist.gov.lk/index.php/en/aboutus/15-government-service-centers/18-hospitals.html,Other Government Institutions,"<tr><td>Divisional Secretariat Aranayaka<div class=""e-mail""></div></td><td>Sabaragamuwa Province</td><td>Kegalle</td><td><a href=""tel:035-2258107"" class=""phone-link"">035-2258107</a><div class=""phone-secondary""></div></td><td>Free<div> <a href=""https://www.mentalhealth.health.gov.lk/index.php?option=com_content&view=article&id=43:kegalle-district&catid=18&Itemid=202&lang=en; http://www.kegalle.dist.gov.lk/index.php/en/aboutus/15-government-service-centers/18-hospitals.html"" class=""web-site""target=""_blank"" style=""text-decoration: none;"">Web Site  🔗</a></div></td></tr>",,,,
565,Divisional Secretariat Athuraliya,Counseling,Government,Free,041-2283793,,,Southern Province,Matara,Athuraliya,Athuraliya,,Counselling Psychosocial support Coordination services,,,,Other Government Institutions,"<tr><td>Divisional Secretariat Athuraliya<div class=""e-mail""></div></td><td>Southern Province</td><td>Matara</td><td><a href=""tel:041-2283793"" class=""phone-link"">041-2283793</a><div class=""phone-secondary""></div></td><td>Free</td></tr>",,,,
566,Divisional Secretariat Attanagalla,Counseling,Government,Free,033-2287500,,,Western Province,Gampaha,Attanagalla,Attanagalla,,Counselling Psychosocial support,,,,Other Government Institutions,"<tr><td>Divisional Secretariat Attanagalla<div class=""e-mail""></div></td><td>Western Province</td><td>Gampaha</td><td><a href=""tel:033-2287500"" class=""phone-link"">033-2287500</a><div class=""phone-secondary""></div></td><td>Free</td></tr>",,,,
567,Divisional Secretariat Ayagama,Counseling,Government,Free,045-2250038,,,Sabaragamuwa Province,Ratnapura,Ayagama,Ayagama,"Ayagama, Ratnapura District",Counselling Psychosocial support,Call ahead to confirm current clinic/consultant hours,,,Other Government Institutions,"<tr><td>Divisional Secretariat Ayagama<div class=""e-mail""></div></td><td>Sabaragamuwa Province</td><td>Ratnapura</td><td><a href=""tel:045-2250038"" class=""phone-link"">045-2250038</a><div class=""phone-secondary""></div></td><td>Free</td></tr>",,,,
568,Divisional Secretariat Badalkumbura,Counseling,Government,Free,055-2250236,,,Uva Province,Monaragala,Badalkumbura,Badalkumbura,"Badalkumbura, Monaragala District",Counselling Psychosocial support,Call ahead to confirm current clinic/consultant hours,,,Other Government Institutions,"<tr><td>Divisional Secretariat Badalkumbura<div class=""e-mail""></div></td><td>Uva Province</td><td>Monaragala</td><td><a href=""tel:055-2250236"" class=""phone-link"">055-2250236</a><div class=""phone-secondary""></div></td><td>Free</td></tr>",,,,
569,Divisional Secretariat Baddegama,Counseling,Government,Free,091-2292238,,,Southern Province,Galle,Baddegama,Baddegama,"Baddegama, Galle District",Counselling Psychosocial support,Call ahead to confirm current clinic/consultant hours,,,Other Government Institutions,"<tr><td>Divisional Secretariat Baddegama<div class=""e-mail""></div></td><td>Southern Province</td><td>Galle</td><td><a href=""tel:091-2292238"" class=""phone-link"">091-2292238</a><div class=""phone-secondary""></div></td><td>Free</td></tr>",,,,
570,Divisional Secretariat Badulla,Counseling,Other Government,Free,055-2223437,,,Uva Province,Badulla,Badulla,Badulla,Divisional Secretariat Badulla,Counselling,Office hours,Counselors,,Other Government Institutions,"<tr><td>Divisional Secretariat Badulla<div class=""e-mail""></div></td><td>Uva Province</td><td>Badulla</td><td><a href=""tel:055-2223437"" class=""phone-link"">055-2223437</a><div class=""phone-secondary""></div></td><td>Free</td></tr>",,,,
571,Divisional Secretariat Balangoda,Counseling,Government,Free,045-2287237,,,Sabaragamuwa Province,Ratnapura,Balangoda,Balangoda,"Balangoda, Ratnapura District",Counselling Psychosocial support,Call ahead to confirm current clinic/consultant hours,,,Other Government Institutions,"<tr><td>Divisional Secretariat Balangoda<div class=""e-mail""></div></td><td>Sabaragamuwa Province</td><td>Ratnapura</td><td><a href=""tel:045-2287237"" class=""phone-link"">045-2287237</a><div class=""phone-secondary""></div></td><td>Free</td></tr>",,,,
572,Divisional Secretariat Balapitiya,Counseling,Government,Free,091-2275834,,stdclinic.balapitiya@gmail.com,Southern Province,Galle,Balapitiya,Balapitiya,"STD Clinic, Base Hospital, Balapitiya",Counselling Psychosocial support,Call ahead to confirm current clinic/consultant hours,Venereology / STD clinic team,,Other Government Institutions,"<tr><td>Divisional Secretariat Balapitiya<div class=""e-mail"">stdclinic.balapitiya@gmail.com</div></td><td>Southern Province</td><td>Galle</td><td><a href=""tel:091-2275834"" class=""phone-link"">091-2275834</a><div class=""phone-secondary""></div></td><td>Free</td></tr>",,,,
573,Divisional Secretariat Bamunakotuwa,Counseling,Government,Free,037-2057767,,,North Western Province,Kurunegala,Bamunakotuwa,Bamunakotuwa,,Counselling Psychosocial support,,,,Other Government Institutions,"<tr><td>Divisional Secretariat Bamunakotuwa<div class=""e-mail""></div></td><td>North Western Province</td><td>Kurunegala</td><td><a href=""tel:037-2057767"" class=""phone-link"">037-2057767</a><div class=""phone-secondary""></div></td><td>Free</td></tr>",,,,
574,Divisional Secretariat Bandaragama,Counseling,Government,Free,038-2290756,,,Western Province,Kalutara,Bandaragama,Bandaragama,"Bandaragama, Kalutara District",Counselling Psychosocial support,Call to confirm,,,Other Government Institutions,"<tr><td>Divisional Secretariat Bandaragama<div class=""e-mail""></div></td><td>Western Province</td><td>Kalutara</td><td><a href=""tel:038-2290756"" class=""phone-link"">038-2290756</a><div class=""phone-secondary""></div></td><td>Free</td></tr>",,,,
575,Divisional Secretariat Bandarawela,Counseling,Other Government,Free,055-2268298,,,Uva Province,Badulla,Bandarawela,Bandarawela,Divisional Secretariat Bandarawela,Counselling,Office hours,Counselors,,Other Government Institutions,"<tr><td>Divisional Secretariat Bandarawela<div class=""e-mail""></div></td><td>Uva Province</td><td>Badulla</td><td><a href=""tel:055-2268298"" class=""phone-link"">055-2268298</a><div class=""phone-secondary""></div></td><td>Free</td></tr>",,,,
576,Divisional Secretariat Beliatta,Counseling,Government,Free,047-2243439,,,Southern Province,Hambantota,Beliatta,Beliatta,"Beliatta, Hambantota District",Counselling Psychosocial support,Call ahead to confirm current clinic/consultant hours,,,Other Government Institutions,"<tr><td>Divisional Secretariat Beliatta<div class=""e-mail""></div></td><td>Southern Province</td><td>Hambantota</td><td><a href=""tel:047-2243439"" class=""phone-link"">047-2243439</a><div class=""phone-secondary""></div></td><td>Free</td></tr>",,,,
577,Divisional Secretariat Beruwala,Counseling,Government,Free,034-2279878,,,Western Province,Kalutara,Beruwala,Beruwala,"Beruwala, Kalutara District",Counselling Psychosocial support,Call to confirm,,,Other Government Institutions,"<tr><td>Divisional Secretariat Beruwala<div class=""e-mail""></div></td><td>Western Province</td><td>Kalutara</td><td><a href=""tel:034-2279878"" class=""phone-link"">034-2279878</a><div class=""phone-secondary""></div></td><td>Free</td></tr>",,,,
578,Divisional Secretariat Bibile,Counseling,Government,Free,055-2265339,,,Uva Province,Monaragala,Bibile,Bibile,,Counselling Psychosocial support,,,,Other Government Institutions,"<tr><td>Divisional Secretariat Bibile<div class=""e-mail""></div></td><td>Uva Province</td><td>Monaragala</td><td><a href=""tel:055-2265339"" class=""phone-link"">055-2265339</a><div class=""phone-secondary""></div></td><td>Free</td></tr>",,,,
579,Divisional Secretariat Bingiriya,Counseling,Government,Free,032-2246264,,,North Western Province,Kurunegala,Bingiriya,Bingiriya,,Counselling Psychosocial support,,,,Other Government Institutions,"<tr><td>Divisional Secretariat Bingiriya<div class=""e-mail""></div></td><td>North Western Province</td><td>Kurunegala</td><td><a href=""tel:032-2246264"" class=""phone-link"">032-2246264</a><div class=""phone-secondary""></div></td><td>Free</td></tr>",,,,
580,Divisional Secretariat Biyagama,Counseling,Government,Free,011-2400314,,,Western Province,Gampaha,Biyagama,Biyagama,"Biyagama, Gampaha District",Counselling Psychosocial support,Call ahead to confirm current clinic/consultant hours,,,Other Government Institutions,"<tr><td>Divisional Secretariat Biyagama<div class=""e-mail""></div></td><td>Western Province</td><td>Gampaha</td><td><a href=""tel:011-2400314"" class=""phone-link"">011-2400314</a><div class=""phone-secondary""></div></td><td>Free</td></tr>",,,,
581,Divisional Secretariat Bope-Poddala,Counseling,Government,Free,091-2234670,,,Southern Province,Galle,Bope-Poddala,Bope-Poddala,,Counselling Psychosocial support,,,,Other Government Institutions,"<tr><td>Divisional Secretariat Bope-Poddala<div class=""e-mail""></div></td><td>Southern Province</td><td>Galle</td><td><a href=""tel:091-2234670"" class=""phone-link"">091-2234670</a><div class=""phone-secondary""></div></td><td>Free</td></tr>",,,,
582,Divisional Secretariat Bulathkohupitiya,Counseling,Government,Free,036-2247410,,,Sabaragamuwa Province,Kegalle,Bulathkohupitiya,Bulathkohupitiya,,Counselling Psychosocial support,,,,Other Government Institutions,"<tr><td>Divisional Secretariat Bulathkohupitiya<div class=""e-mail""></div></td><td>Sabaragamuwa Province</td><td>Kegalle</td><td><a href=""tel:036-2247410"" class=""phone-link"">036-2247410</a><div class=""phone-secondary""></div></td><td>Free</td></tr>",,,,
583,Divisional Secretariat Bulathsinhala,Counseling,Government,Free,034-2283185,,,Western Province,Kalutara,Bulathsinhala,Bulathsinhala,"Bulathsinhala, Kalutara District",Counselling Psychosocial support,Call to confirm,,,Other Government Institutions,"<tr><td>Divisional Secretariat Bulathsinhala<div class=""e-mail""></div></td><td>Western Province</td><td>Kalutara</td><td><a href=""tel:034-2283185"" class=""phone-link"">034-2283185</a><div class=""phone-secondary""></div></td><td>Free</td></tr>",,,,
584,Divisional Secretariat Buttala,Counseling,Government,Free,055-2273933,,,Uva Province,Monaragala,Buttala,Buttala,"Buttala, Monaragala District",Counselling Psychosocial support,Call ahead to confirm current clinic/consultant hours,,,Other Government Institutions,"<tr><td>Divisional Secretariat Buttala<div class=""e-mail""></div></td><td>Uva Province</td><td>Monaragala</td><td><a href=""tel:055-2273933"" class=""phone-link"">055-2273933</a><div class=""phone-secondary""></div></td><td>Free</td></tr>",,,,
585,Divisional Secretariat Chankanai,Counseling,Government,Free,021-2250044,,,Northern Province,Jaffna,Chankanai,Chankanai,,Counselling Psychosocial support,,,,Other Government Institutions,"<tr><td>Divisional Secretariat Chankanai<div class=""e-mail""></div></td><td>Northern Province</td><td>Jaffna</td><td><a href=""tel:021-2250044"" class=""phone-link"">021-2250044</a><div class=""phone-secondary""></div></td><td>Free</td></tr>",,,,
586,Divisional Secretariat Chavakachcheri,Counseling,Government,Free,021-2270011,,bhchava24@gmail.com,Northern Province,Jaffna,Chavakachcheri,Chavakachcheri,"Base Hospital, Chavakachcheri",Counselling Psychosocial support,Call to confirm current clinic/rehabilitation schedule,Mental Health / Rehabilitation Team,,Other Government Institutions,"<tr><td>Divisional Secretariat Chavakachcheri<div class=""e-mail"">bhchava24@gmail.com</div></td><td>Northern Province</td><td>Jaffna</td><td><a href=""tel:021-2270011"" class=""phone-link"">021-2270011</a><div class=""phone-secondary""></div></td><td>Free</td></tr>",,,,
587,Divisional Secretariat Chilaw,Counseling,Government,Free,032-2222137,,stdclinic.chilaw@gmail.com,North Western Province,Puttalam,Chilaw,Chilaw,"STD Clinic, District General Hospital, Chilaw",Counselling Psychosocial support,Mon-Fri 8:00am-4:00pm; Sat morning; confirm locally,Venereology / STD Clinic Team,,Other Government Institutions,"<tr><td>Divisional Secretariat Chilaw<div class=""e-mail"">stdclinic.chilaw@gmail.com</div></td><td>North Western Province</td><td>Puttalam</td><td><a href=""tel:032-2222137"" class=""phone-link"">032-2222137</a><div class=""phone-secondary""></div></td><td>Free</td></tr>",,,,
588,Divisional Secretariat Colombo,Counseling,Government,Free,011-2437247,011-2693510,,Western Province,Colombo,Colombo,Colombo,"National Hospital of Sri Lanka, Colombo 10",Counselling Psychosocial support,24/7 hospital emergency; psychiatry clinic schedule confirm locally,Consultant Psychiatry Team,https://www.mentalhealth.health.gov.lk/index.php?option=com_content&view=article&id=36&Itemid=196&lang=en; https://nhsl.health.gov.lk/web/index.php?option=com_foxcontact&view=foxcontact&Itemid=213&lang=en,Other Government Institutions,"<tr><td>Divisional Secretariat Colombo<div class=""e-mail""></div></td><td>Western Province</td><td>Colombo</td><td><a href=""tel:011-2437247"" class=""phone-link"">011-2437247</a><div class=""phone-secondary"">011-2693510</div></td><td>Free<div> <a href=""https://www.mentalhealth.health.gov.lk/index.php?option=com_content&view=article&id=36&Itemid=196&lang=en; https://nhsl.health.gov.lk/web/index.php?option=com_foxcontact&view=foxcontact&Itemid=213&lang=en"" class=""web-site""target=""_blank"" style=""text-decoration: none;"">Web Site  🔗</a></div></td></tr>",,,,
589,Divisional Secretariat Damana,Counseling,Government,Free,063-2240034,,,Eastern Province,Ampara,Damana,Damana,,Counselling Psychosocial support,,,,Other Government Institutions,"<tr><td>Divisional Secretariat Damana<div class=""e-mail""></div></td><td>Eastern Province</td><td>Ampara</td><td><a href=""tel:063-2240034"" class=""phone-link"">063-2240034</a><div class=""phone-secondary""></div></td><td>Free</td></tr>",,,,
590,Divisional Secretariat Dambulla,Counseling,Government,Free,066-2284738,,,Central Province,Matale,Dambulla,Dambulla,,Counselling,,,,Other Government Institutions,"<tr><td>Divisional Secretariat Dambulla<div class=""e-mail""></div></td><td>Central Province</td><td>Matale</td><td><a href=""tel:066-2284738"" class=""phone-link"">066-2284738</a><div class=""phone-secondary""></div></td><td>Free</td></tr>",,,,
591,Divisional Secretariat Dankotuwa,Counseling,Government,Free,031-2259101,,,North Western Province,Puttalam,Dankotuwa,Dankotuwa,"Dankotuwa, Puttalam District",Counselling Psychosocial support,Call ahead to confirm current clinic/consultant hours,,https://www.mentalhealth.health.gov.lk/index.php?option=com_content&view=article&id=52&Itemid=211&lang=en; https://rdhsputtalam.yolasite.com/institutions-informations.php,Other Government Institutions,"<tr><td>Divisional Secretariat Dankotuwa<div class=""e-mail""></div></td><td>North Western Province</td><td>Puttalam</td><td><a href=""tel:031-2259101"" class=""phone-link"">031-2259101</a><div class=""phone-secondary""></div></td><td>Free<div> <a href=""https://www.mentalhealth.health.gov.lk/index.php?option=com_content&view=article&id=52&Itemid=211&lang=en; https://rdhsputtalam.yolasite.com/institutions-informations.php"" class=""web-site""target=""_blank"" style=""text-decoration: none;"">Web Site  🔗</a></div></td></tr>",,,,
592,Divisional Secretariat Dehiattakandiya,Counseling,Government,Free,027-2250167,,,Eastern Province,Ampara,Dehiattakandiya,Dehiattakandiya,"Dehiattakandiya, Ampara District",Counselling Psychosocial support,Call ahead to confirm current clinic/consultant hours,,,Other Government Institutions,"<tr><td>Divisional Secretariat Dehiattakandiya<div class=""e-mail""></div></td><td>Eastern Province</td><td>Ampara</td><td><a href=""tel:027-2250167"" class=""phone-link"">027-2250167</a><div class=""phone-secondary""></div></td><td>Free</td></tr>",,,,
593,Divisional Secretariat Dehiovita,Counseling,Government,Free,036-2267411,,,Sabaragamuwa Province,Kegalle,Dehiovita,Dehiovita,,Counselling Psychosocial support,,,,Other Government Institutions,"<tr><td>Divisional Secretariat Dehiovita<div class=""e-mail""></div></td><td>Sabaragamuwa Province</td><td>Kegalle</td><td><a href=""tel:036-2267411"" class=""phone-link"">036-2267411</a><div class=""phone-secondary""></div></td><td>Free</td></tr>",,,,
594,Divisional Secretariat Dehiwala,Counseling,Government,Free,011-2738152,,,Western Province,Colombo,Dehiwala,Dehiwala,,Counselling Psychosocial support,,,,Other Government Institutions,"<tr><td>Divisional Secretariat Dehiwala<div class=""e-mail""></div></td><td>Western Province</td><td>Colombo</td><td><a href=""tel:011-2738152"" class=""phone-link"">011-2738152</a><div class=""phone-secondary""></div></td><td>Free</td></tr>",,,,
595,Divisional Secretariat Deltota,Counseling,Government,Free,081-2467020,,,Central Province,Kandy,Deltota,Deltota,,Counselling Psychosocial support,,,,Other Government Institutions,"<tr><td>Divisional Secretariat Deltota<div class=""e-mail""></div></td><td>Central Province</td><td>Kandy</td><td><a href=""tel:081-2467020"" class=""phone-link"">081-2467020</a><div class=""phone-secondary""></div></td><td>Free</td></tr>",,,,
596,Divisional Secretariat Deraniyagala,Counseling,Government,Free,036-2249239,,,Sabaragamuwa Province,Kegalle,Deraniyagala,Deraniyagala,"Deraniyagala, Kegalle District",Counselling Psychosocial support,Call ahead to confirm current clinic/consultant hours,,https://www.mentalhealth.health.gov.lk/index.php?option=com_content&view=article&id=43:kegalle-district&catid=18&Itemid=202&lang=en; http://www.kegalle.dist.gov.lk/index.php/en/aboutus/15-government-service-centers/18-hospitals.html,Other Government Institutions,"<tr><td>Divisional Secretariat Deraniyagala<div class=""e-mail""></div></td><td>Sabaragamuwa Province</td><td>Kegalle</td><td><a href=""tel:036-2249239"" class=""phone-link"">036-2249239</a><div class=""phone-secondary""></div></td><td>Free<div> <a href=""https://www.mentalhealth.health.gov.lk/index.php?option=com_content&view=article&id=43:kegalle-district&catid=18&Itemid=202&lang=en; http://www.kegalle.dist.gov.lk/index.php/en/aboutus/15-government-service-centers/18-hospitals.html"" class=""web-site""target=""_blank"" style=""text-decoration: none;"">Web Site  🔗</a></div></td></tr>",,,,
597,Divisional Secretariat Devinuwara,Counseling,Government,Free,041-2222584,,,Southern Province,Matara,Devinuwara,Devinuwara,"Devinuvara, Matara District",Counselling Psychosocial support Coordination services,Call ahead to confirm current clinic/consultant hours,,https://www.mentalhealth.health.gov.lk/index.php?option=com_content&view=article&id=48&Itemid=207&lang=en ; https://lankainformation.lk/directory/health/list-of-hospitals-in-sri-lanka/matara-district,Other Government Institutions,"<tr><td>Divisional Secretariat Devinuwara<div class=""e-mail""></div></td><td>Southern Province</td><td>Matara</td><td><a href=""tel:041-2222584"" class=""phone-link"">041-2222584</a><div class=""phone-secondary""></div></td><td>Free<div> <a href=""https://www.mentalhealth.health.gov.lk/index.php?option=com_content&view=article&id=48&Itemid=207&lang=en ; https://lankainformation.lk/directory/health/list-of-hospitals-in-sri-lanka/matara-district"" class=""web-site""target=""_blank"" style=""text-decoration: none;"">Web Site  🔗</a></div></td></tr>",,,,
598,Divisional Secretariat Dikwella,Counseling,Government,Free,041-2255236,,,Southern Province,Matara,Dikwella,Dikwella,,Counselling Psychosocial support Coordination services,,,,Other Government Institutions,"<tr><td>Divisional Secretariat Dikwella<div class=""e-mail""></div></td><td>Southern Province</td><td>Matara</td><td><a href=""tel:041-2255236"" class=""phone-link"">041-2255236</a><div class=""phone-secondary""></div></td><td>Free</td></tr>",,,,
599,Divisional Secretariat Dimbulagala,Counseling,Government,Free,027-2051108,,,North Central Province,Polonnaruwa,Dimbulagala,Dimbulagala,,Counselling Psychosocial support,,,,Other Government Institutions,"<tr><td>Divisional Secretariat Dimbulagala<div class=""e-mail""></div></td><td>North Central Province</td><td>Polonnaruwa</td><td><a href=""tel:027-2051108"" class=""phone-link"">027-2051108</a><div class=""phone-secondary""></div></td><td>Free</td></tr>",,,,
600,Divisional Secretariat Divulapitiya,Counseling + Elder Care,Government,Free,031-2246325,,,Western Province,Gampaha,Divulapitiya,Divulapitiya,"Divulapitiya, Gampaha District",Counselling Psychosocial support,Call ahead to confirm current clinic/consultant hours,,,Elders' Homes & Care Services,"<tr><td>Divisional Secretariat Divulapitiya<div class=""e-mail""></div></td><td>Western Province</td><td>Gampaha</td><td><a href=""tel:031-2246325"" class=""phone-link"">031-2246325</a><div class=""phone-secondary""></div></td><td>Free</td></tr>",,,,
601,Divisional Secretariat Diyathalawa,Counseling,Other Government,Free,057-2229137,055-2268298,,Uva Province,Badulla,Diyathalawa,Diyathalawa,Divisional Secretariat Bandarawela,Counselling,Office hours,Counselors,,Other Government Institutions,"<tr><td>Divisional Secretariat Diyathalawa<div class=""e-mail""></div></td><td>Uva Province</td><td>Badulla</td><td><a href=""tel:057-2229137"" class=""phone-link"">057-2229137</a><div class=""phone-secondary"">055-2268298</div></td><td>Free</td></tr>",,,,
602,Divisional Secretariat Dodangoda,Counseling + Elder Care,Government,Free,034-2281612,,,Western Province,Kalutara,Dodangoda,Dodangoda,"Dodangoda, Kalutara District",Counselling Psychosocial support,Call to confirm,,,Elders' Homes & Care Services,"<tr><td>Divisional Secretariat Dodangoda<div class=""e-mail""></div></td><td>Western Province</td><td>Kalutara</td><td><a href=""tel:034-2281612"" class=""phone-link"">034-2281612</a><div class=""phone-secondary""></div></td><td>Free</td></tr>",,,,
603,Divisional Secretariat Doluwa,Counseling,Government,Free,081-2415166,,,Central Province,Kandy,Doluwa,Doluwa,,Counselling Psychosocial support,,,,Other Government Institutions,"<tr><td>Divisional Secretariat Doluwa<div class=""e-mail""></div></td><td>Central Province</td><td>Kandy</td><td><a href=""tel:081-2415166"" class=""phone-link"">081-2415166</a><div class=""phone-secondary""></div></td><td>Free</td></tr>",,,,
604,Divisional Secretariat- Dompe,Counseling + Elder Care,Government,Free,033-2247446,,,Western Province,Gampaha,Dompe,Dompe,,Counselling Psychosocial support,,,,Elders' Homes & Care Services,"<tr><td>Divisional Secretariat- Dompe<div class=""e-mail""></div></td><td>Western Province</td><td>Gampaha</td><td><a href=""tel:033-2247446"" class=""phone-link"">033-2247446</a><div class=""phone-secondary""></div></td><td>Free</td></tr>",,,,
605,Divisional Secretariat Ehatuwewa,Counseling,Government,Free,037-2253397,,,North Western Province,Kurunegala,Ehatuwewa,Ehatuwewa,,Counselling Psychosocial support,,,,Other Government Institutions,"<tr><td>Divisional Secretariat Ehatuwewa<div class=""e-mail""></div></td><td>North Western Province</td><td>Kurunegala</td><td><a href=""tel:037-2253397"" class=""phone-link"">037-2253397</a><div class=""phone-secondary""></div></td><td>Free</td></tr>",,,,
606,Divisional Secretariat Eheliyagoda,Counseling,Government,Free,036-2258002,,,Sabaragamuwa Province,Ratnapura,Eheliyagoda,Eheliyagoda,"Eheliyagoda, Ratnapura District",Counselling Psychosocial support,Call ahead to confirm current clinic/consultant hours,,,Other Government Institutions,"<tr><td>Divisional Secretariat Eheliyagoda<div class=""e-mail""></div></td><td>Sabaragamuwa Province</td><td>Ratnapura</td><td><a href=""tel:036-2258002"" class=""phone-link"">036-2258002</a><div class=""phone-secondary""></div></td><td>Free</td></tr>",,,,
607,Divisional Secretariat Elahera,Counseling,Government,Free,066-2256638,,,North Central Province,Polonnaruwa,Elahera,Elahera,,Counselling Psychosocial support,,,,Other Government Institutions,"<tr><td>Divisional Secretariat Elahera<div class=""e-mail""></div></td><td>North Central Province</td><td>Polonnaruwa</td><td><a href=""tel:066-2256638"" class=""phone-link"">066-2256638</a><div class=""phone-secondary""></div></td><td>Free</td></tr>",,,,
608,Divisional Secretariat Elapatha,Counseling,Government,Free,045-2225138,,,Sabaragamuwa Province,Ratnapura,Elapatha,Elapatha,,Counselling Psychosocial support,,,,Other Government Institutions,"<tr><td>Divisional Secretariat Elapatha<div class=""e-mail""></div></td><td>Sabaragamuwa Province</td><td>Ratnapura</td><td><a href=""tel:045-2225138"" class=""phone-link"">045-2225138</a><div class=""phone-secondary""></div></td><td>Free</td></tr>",,,,
609,Divisional Secretariat Elpitiya,Counseling,Government,Free,091-2291238,,,Southern Province,Galle,Elpitiya,Elpitiya,,Counselling,,,,Other Government Institutions,"<tr><td>Divisional Secretariat Elpitiya<div class=""e-mail""></div></td><td>Southern Province</td><td>Galle</td><td><a href=""tel:091-2291238"" class=""phone-link"">091-2291238</a><div class=""phone-secondary""></div></td><td>Free</td></tr>",,,,
610,Divisional Secretariat Embilipitiya,Counseling,Government,Free,047-2230238,047-2230994,,Sabaragamuwa Province,Ratnapura,Embilipitiya,Embilipitiya,"Embilipitiya, Ratnapura District",Counselling Psychosocial support,Call ahead to confirm current clinic/consultant hours,,,Other Government Institutions,"<tr><td>Divisional Secretariat Embilipitiya<div class=""e-mail""></div></td><td>Sabaragamuwa Province</td><td>Ratnapura</td><td><a href=""tel:047-2230238"" class=""phone-link"">047-2230238</a><div class=""phone-secondary"">047-2230994</div></td><td>Free</td></tr>",,,,
611,Divisional Secretariat Eravur Pattru,Counseling,Government,Free,065-2240513,,,Eastern Province,Batticaloa,Eravur Pattru,Eravur Pattru,,Counselling Psychosocial support,,,,Other Government Institutions,"<tr><td>Divisional Secretariat Eravur Pattru<div class=""e-mail""></div></td><td>Eastern Province</td><td>Batticaloa</td><td><a href=""tel:065-2240513"" class=""phone-link"">065-2240513</a><div class=""phone-secondary""></div></td><td>Free</td></tr>",,,,
612,Divisional Secretariat Eravur Town,Counseling,Government,Free,065-2240516,,,Eastern Province,Batticaloa,Eravur Town,Eravur Town,,Counselling Psychosocial support,,,,Other Government Institutions,"<tr><td>Divisional Secretariat Eravur Town<div class=""e-mail""></div></td><td>Eastern Province</td><td>Batticaloa</td><td><a href=""tel:065-2240516"" class=""phone-link"">065-2240516</a><div class=""phone-secondary""></div></td><td>Free</td></tr>",,,,
613,Divisional Secretariat Galagedara,Counseling,Government,Free,081-2461234,,,Central Province,Kandy,Galagedara,Galagedara,"Galagedara, Kandy District",Counselling Psychosocial support,Call ahead to confirm current clinic/consultant hours,,,Other Government Institutions,"<tr><td>Divisional Secretariat Galagedara<div class=""e-mail""></div></td><td>Central Province</td><td>Kandy</td><td><a href=""tel:081-2461234"" class=""phone-link"">081-2461234</a><div class=""phone-secondary""></div></td><td>Free</td></tr>",,,,
614,Divisional Secretariat Galenbindunuwewa,Counseling,Government Divisional Hospital,Free,025-2258233,025-2258261,,North Central Province,Anuradhapura,Galenbindunuwewa,Galenbindunuwewa,"Galenbindunuwewa, Anuradhapura District",Counselling Psychosocial support,Call ahead to confirm current clinic/consultant hours,,http://www.mentalhealth.health.gov.lk/index.php?option=com_content&view=article&id=33&Itemid=193&lang=en; https://hospitalslk.blogspot.com/2011/12/anuradhapura-district.html,Other Government Institutions,"<tr><td>Divisional Secretariat Galenbindunuwewa<div class=""e-mail""></div></td><td>North Central Province</td><td>Anuradhapura</td><td><a href=""tel:025-2258233"" class=""phone-link"">025-2258233</a><div class=""phone-secondary"">025-2258261</div></td><td>Free<div> <a href=""http://www.mentalhealth.health.gov.lk/index.php?option=com_content&view=article&id=33&Itemid=193&lang=en; https://hospitalslk.blogspot.com/2011/12/anuradhapura-district.html"" class=""web-site""target=""_blank"" style=""text-decoration: none;"">Web Site  🔗</a></div></td></tr>",,,,
615,Divisional Secretariat Galewela,Counseling,Government,Free,066-2289308,,,Central Province,Matale,Galewela,Galewela,"Galewela, Matale District",Counselling,Call ahead to confirm current clinic/consultant hours,,https://www.mentalhealth.health.gov.lk/index.php?option=com_content&view=article&id=47&Itemid=206&lang=en,Other Government Institutions,"<tr><td>Divisional Secretariat Galewela<div class=""e-mail""></div></td><td>Central Province</td><td>Matale</td><td><a href=""tel:066-2289308"" class=""phone-link"">066-2289308</a><div class=""phone-secondary""></div></td><td>Free<div> <a href=""https://www.mentalhealth.health.gov.lk/index.php?option=com_content&view=article&id=47&Itemid=206&lang=en"" class=""web-site""target=""_blank"" style=""text-decoration: none;"">Web Site  🔗</a></div></td></tr>",,,,
616,Divisional Secretariat Galgamuwa,Counseling,Government,Free,037-2253038,,,North Western Province,Kurunegala,Galgamuwa,Galgamuwa,,Counselling Psychosocial support,,,,Other Government Institutions,"<tr><td>Divisional Secretariat Galgamuwa<div class=""e-mail""></div></td><td>North Western Province</td><td>Kurunegala</td><td><a href=""tel:037-2253038"" class=""phone-link"">037-2253038</a><div class=""phone-secondary""></div></td><td>Free</td></tr>",,,,
617,Divisional Secretariat Galigmuwa,Counseling,Government,Free,035-2283338,,,Sabaragamuwa Province,Kegalle,Galigamuwa,Galigamuwa,,Counselling Psychosocial support,,,,Other Government Institutions,"<tr><td>Divisional Secretariat Galigmuwa<div class=""e-mail""></div></td><td>Sabaragamuwa Province</td><td>Kegalle</td><td><a href=""tel:035-2283338"" class=""phone-link"">035-2283338</a><div class=""phone-secondary""></div></td><td>Free</td></tr>",,,,
618,Divisional Secretariat Galle Four Gravets,Counseling,Government,Free,091-2222989,,,Southern Province,Galle,Galle,Galle Four Gravets,,Counselling Psychosocial support,,,,Other Government Institutions,"<tr><td>Divisional Secretariat Galle Four Gravets<div class=""e-mail""></div></td><td>Southern Province</td><td>Galle</td><td><a href=""tel:091-2222989"" class=""phone-link"">091-2222989</a><div class=""phone-secondary""></div></td><td>Free</td></tr>",,,,
619,Divisional Secretariat Galnewa,Counseling,Government,Free,025-2269539,,,North Central Province,Anuradhapura,Galnewa,Galnewa,,Counselling Psychosocial support,,,,Other Government Institutions,"<tr><td>Divisional Secretariat Galnewa<div class=""e-mail""></div></td><td>North Central Province</td><td>Anuradhapura</td><td><a href=""tel:025-2269539"" class=""phone-link"">025-2269539</a><div class=""phone-secondary""></div></td><td>Free</td></tr>",,,,
620,Divisional Secretariat Gampaha,Counseling + Elder Care,Government,Free,033-2222695,,,Western Province,Gampaha,Gampaha,Gampaha,"STD Clinic, District General Hospital / Base Hospital, Gampaha",Counselling Psychosocial support,Mon-Fri 8:00am-4:00pm; Sat 8:00am-12:00pm; confirm locally,Venereology / STD Clinic Team,,Elders' Homes & Care Services,"<tr><td>Divisional Secretariat Gampaha<div class=""e-mail""></div></td><td>Western Province</td><td>Gampaha</td><td><a href=""tel:033-2222695"" class=""phone-link"">033-2222695</a><div class=""phone-secondary""></div></td><td>Free</td></tr>",,,,
621,Divisional Secretariat Ganewaththa,Counseling,Government,Free,037-2264038,,,North Western Province,Kurunegala,Ganewaththa,Ganewaththa,,Counselling Psychosocial support,,,,Other Government Institutions,"<tr><td>Divisional Secretariat Ganewaththa<div class=""e-mail""></div></td><td>North Western Province</td><td>Kurunegala</td><td><a href=""tel:037-2264038"" class=""phone-link"">037-2264038</a><div class=""phone-secondary""></div></td><td>Free</td></tr>",,,,
622,Divisional Secretariat Ganga Ihala Korale,Counseling,Government,Free,081-2352604,,,Central Province,Kandy,Ganga Ihala Korale,Ganga Ihala Korale,,Counselling Psychosocial support,,,,Other Government Institutions,"<tr><td>Divisional Secretariat Ganga Ihala Korale<div class=""e-mail""></div></td><td>Central Province</td><td>Kandy</td><td><a href=""tel:081-2352604"" class=""phone-link"">081-2352604</a><div class=""phone-secondary""></div></td><td>Free</td></tr>",,,,
623,Divisional Secretariat Giribawa,Counseling,Government,Free,037-2053604,,,North Western Province,Kurunegala,Giribawa,Giribawa,,Counselling Psychosocial support,,,,Other Government Institutions,"<tr><td>Divisional Secretariat Giribawa<div class=""e-mail""></div></td><td>North Western Province</td><td>Kurunegala</td><td><a href=""tel:037-2053604"" class=""phone-link"">037-2053604</a><div class=""phone-secondary""></div></td><td>Free</td></tr>",,,,
624,Divisional Secretariat Godakawela,Counseling,Government,Free,045-2240338,,,Sabaragamuwa Province,Ratnapura,Godakawela,Godakawela,"Godakawela, Ratnapura District",Counselling Psychosocial support,Call ahead to confirm current clinic/consultant hours,,,Other Government Institutions,"<tr><td>Divisional Secretariat Godakawela<div class=""e-mail""></div></td><td>Sabaragamuwa Province</td><td>Ratnapura</td><td><a href=""tel:045-2240338"" class=""phone-link"">045-2240338</a><div class=""phone-secondary""></div></td><td>Free</td></tr>",,,,
625,Divisional Secretariat Gonapinuwala,Counseling,Government,Free,091-2275834,,,Southern Province,Galle,Gonapinuwala,Gonapinuwala,,Counselling Psychosocial support,,,,Other Government Institutions,"<tr><td>Divisional Secretariat Gonapinuwala<div class=""e-mail""></div></td><td>Southern Province</td><td>Galle</td><td><a href=""tel:091-2275834"" class=""phone-link"">091-2275834</a><div class=""phone-secondary""></div></td><td>Free</td></tr>",,,,
626,Divisional Secretariat Habaraduwa,Counseling,Government,Free,091-2283238,,,Southern Province,Galle,Habaraduwa,Habaraduwa,,Counselling Psychosocial support,,,,Other Government Institutions,"<tr><td>Divisional Secretariat Habaraduwa<div class=""e-mail""></div></td><td>Southern Province</td><td>Galle</td><td><a href=""tel:091-2283238"" class=""phone-link"">091-2283238</a><div class=""phone-secondary""></div></td><td>Free</td></tr>",,,,
627,Divisional Secretariat Hakmana,Counseling,Government,Free,041-2286238,,,Southern Province,Matara,Hakmana,Hakmana,"Hakmana, Matara District",Counselling Psychosocial support Coordination services,Call ahead to confirm current clinic/consultant hours,,https://www.mentalhealth.health.gov.lk/index.php?option=com_content&view=article&id=48&Itemid=207&lang=en ; https://lankainformation.lk/directory/health/list-of-hospitals-in-sri-lanka/matara-district,Other Government Institutions,"<tr><td>Divisional Secretariat Hakmana<div class=""e-mail""></div></td><td>Southern Province</td><td>Matara</td><td><a href=""tel:041-2286238"" class=""phone-link"">041-2286238</a><div class=""phone-secondary""></div></td><td>Free<div> <a href=""https://www.mentalhealth.health.gov.lk/index.php?option=com_content&view=article&id=48&Itemid=207&lang=en ; https://lankainformation.lk/directory/health/list-of-hospitals-in-sri-lanka/matara-district"" class=""web-site""target=""_blank"" style=""text-decoration: none;"">Web Site  🔗</a></div></td></tr>",,,,
628,Divisional Secretariat Hambantota,Counseling,Government,Free,047-2256044,,stdclinic.hambantota@gmail.com,Southern Province,Hambantota,Hambantota,Hambantota,"Hambantota, Hambantota District",Counselling Psychosocial support,Call ahead to confirm current clinic/consultant hours,,,Other Government Institutions,"<tr><td>Divisional Secretariat Hambantota<div class=""e-mail"">stdclinic.hambantota@gmail.com</div></td><td>Southern Province</td><td>Hambantota</td><td><a href=""tel:047-2256044"" class=""phone-link"">047-2256044</a><div class=""phone-secondary""></div></td><td>Free</td></tr>",,,,
629,Divisional Secretariat Hanguranketha,Counseling,Government,Free,081-2369389,,,Central Province,Nuwara Eliya,Hankuranketaa,Hankuranketaa,,Counselling Psychosocial support,,,,Other Government Institutions,"<tr><td>Divisional Secretariat Hanguranketha<div class=""e-mail""></div></td><td>Central Province</td><td>Nuwara Eliya</td><td><a href=""tel:081-2369389"" class=""phone-link"">081-2369389</a><div class=""phone-secondary""></div></td><td>Free</td></tr>",,,,
630,Divisional Secretariat Harispaththuwa,Counseling,Government,Free,081-2491971,,,Central Province,Kandy,Harispaththuwa,Harispaththuwa,,Counselling Psychosocial support,,,,Other Government Institutions,"<tr><td>Divisional Secretariat Harispaththuwa<div class=""e-mail""></div></td><td>Central Province</td><td>Kandy</td><td><a href=""tel:081-2491971"" class=""phone-link"">081-2491971</a><div class=""phone-secondary""></div></td><td>Free</td></tr>",,,,
631,Divisional Secretariat Hasalaka,Counseling,Government,Free,055-2256430,,,Central Province,Kandy,Hasalaka,Hasalaka,,Counselling Psychosocial support,,,,Other Government Institutions,"<tr><td>Divisional Secretariat Hasalaka<div class=""e-mail""></div></td><td>Central Province</td><td>Kandy</td><td><a href=""tel:055-2256430"" class=""phone-link"">055-2256430</a><div class=""phone-secondary""></div></td><td>Free</td></tr>",,,,
632,Divisional Secretariat Hathraliyadda,Counseling,Government,Free,081-2464199,,,Central Province,Kandy,Hatharaliyadda,Hatharaliyadda,,Counselling Psychosocial support,,,,Other Government Institutions,"<tr><td>Divisional Secretariat Hathraliyadda<div class=""e-mail""></div></td><td>Central Province</td><td>Kandy</td><td><a href=""tel:081-2464199"" class=""phone-link"">081-2464199</a><div class=""phone-secondary""></div></td><td>Free</td></tr>",,,,
633,Divisional Secretariat Hikkaduwa,Counseling,Government,Free,091-2277231,,,Southern Province,Galle,Hikkaduwa,Hikkaduwa,,Counselling Psychosocial support,,,,Other Government Institutions,"<tr><td>Divisional Secretariat Hikkaduwa<div class=""e-mail""></div></td><td>Southern Province</td><td>Galle</td><td><a href=""tel:091-2277231"" class=""phone-link"">091-2277231</a><div class=""phone-secondary""></div></td><td>Free</td></tr>",,,,
634,Divisional Secretariat Hingurakgoda,Counseling,Government,Free,027-2246236,,,North Central Province,Polonnaruwa,Hingurakgoda,Hingurakgoda,"Hingurakgoda Hospital, Polonnaruwa District",Counselling Psychosocial support,Call ahead to confirm current clinic hours,,,Other Government Institutions,"<tr><td>Divisional Secretariat Hingurakgoda<div class=""e-mail""></div></td><td>North Central Province</td><td>Polonnaruwa</td><td><a href=""tel:027-2246236"" class=""phone-link"">027-2246236</a><div class=""phone-secondary""></div></td><td>Free</td></tr>",,,,
635,Divisional Secretariat Homagama,Counseling,Government,Free,011-2285216,,,Western Province,Colombo,Homagama,Homagama,,Counselling Psychosocial support,,,,Other Government Institutions,"<tr><td>Divisional Secretariat Homagama<div class=""e-mail""></div></td><td>Western Province</td><td>Colombo</td><td><a href=""tel:011-2285216"" class=""phone-link"">011-2285216</a><div class=""phone-secondary""></div></td><td>Free</td></tr>",,,,
636,Divisional Secretariat Horana,Counseling + Elder Care,Government,Free,034-2261238,,,Western Province,Kalutara,Horana,Horana,,Counselling Psychosocial support,,,,Elders' Homes & Care Services,"<tr><td>Divisional Secretariat Horana<div class=""e-mail""></div></td><td>Western Province</td><td>Kalutara</td><td><a href=""tel:034-2261238"" class=""phone-link"">034-2261238</a><div class=""phone-secondary""></div></td><td>Free</td></tr>",,,,
637,Divisional Secretariat Horowpothana,Counseling,Government,Free,025-2278438,,,North Central Province,Anuradhapura,Horowpothana,Horowpothana,,Counselling Psychosocial support,,,,Other Government Institutions,"<tr><td>Divisional Secretariat Horowpothana<div class=""e-mail""></div></td><td>North Central Province</td><td>Anuradhapura</td><td><a href=""tel:025-2278438"" class=""phone-link"">025-2278438</a><div class=""phone-secondary""></div></td><td>Free</td></tr>",,,,
638,Divisional Secretariat Ibbagamuwa,Counseling,Government,Free,037-2259937,,,North Western Province,Kurunegala,Ibbagamuwa,Ibbagamuwa,,Counselling Psychosocial support,,,,Other Government Institutions,"<tr><td>Divisional Secretariat Ibbagamuwa<div class=""e-mail""></div></td><td>North Western Province</td><td>Kurunegala</td><td><a href=""tel:037-2259937"" class=""phone-link"">037-2259937</a><div class=""phone-secondary""></div></td><td>Free</td></tr>",,,,
639,Divisional Secretariat Imaduwa,Counseling,Government,Free,091-2286259,,,Southern Province,Galle,Imaduwa,Imaduwa,"Imaduwa, Galle District",Counselling Psychosocial support,Call ahead to confirm current clinic/consultant hours,,,Other Government Institutions,"<tr><td>Divisional Secretariat Imaduwa<div class=""e-mail""></div></td><td>Southern Province</td><td>Galle</td><td><a href=""tel:091-2286259"" class=""phone-link"">091-2286259</a><div class=""phone-secondary""></div></td><td>Free</td></tr>",,,,
640,Divisional Secretariat Imbulpe,Counseling,Government,Free,045-2287236,,,Sabaragamuwa Province,Ratnapura,Imbulpe,Imbulpe,,Counselling Psychosocial support,,,,Other Government Institutions,"<tr><td>Divisional Secretariat Imbulpe<div class=""e-mail""></div></td><td>Sabaragamuwa Province</td><td>Ratnapura</td><td><a href=""tel:045-2287236"" class=""phone-link"">045-2287236</a><div class=""phone-secondary""></div></td><td>Free</td></tr>",,,,
641,Divisional Secretariat Ingiriya,Counseling + Elder Care,Government,Free,034-2243659,,,Western Province,Kalutara,Ingiriya,Ingiriya,"Ingiriya, Kalutara District",Counselling Psychosocial support,Call to confirm,,,Elders' Homes & Care Services,"<tr><td>Divisional Secretariat Ingiriya<div class=""e-mail""></div></td><td>Western Province</td><td>Kalutara</td><td><a href=""tel:034-2243659"" class=""phone-link"">034-2243659</a><div class=""phone-secondary""></div></td><td>Free</td></tr>",,,,
642,Divisional Secretariat Ipalogama,Counseling,Government,Free,025-2264282,,,North Central Province,Anuradhapura,Ipalogama,Ipalogama,,Counselling Psychosocial support,,,,Other Government Institutions,"<tr><td>Divisional Secretariat Ipalogama<div class=""e-mail""></div></td><td>North Central Province</td><td>Anuradhapura</td><td><a href=""tel:025-2264282"" class=""phone-link"">025-2264282</a><div class=""phone-secondary""></div></td><td>Free</td></tr>",,,,
643,Divisional Secretariat Irakkamam,Counseling,Government,Free,063-2223189,,,Eastern Province,Ampara,Irrakkamam,Irrakkamam,,Counselling Psychosocial support,,,,Other Government Institutions,"<tr><td>Divisional Secretariat Irakkamam<div class=""e-mail""></div></td><td>Eastern Province</td><td>Ampara</td><td><a href=""tel:063-2223189"" class=""phone-link"">063-2223189</a><div class=""phone-secondary""></div></td><td>Free</td></tr>",,,,
644,Divisional Secretariat Ja-ela,Counseling + Elder Care,Government,Free,011-2236126,,,Western Province,Gampaha,Ja-Ela,Ja-Ela,,Counselling Psychosocial support,,,,Elders' Homes & Care Services,"<tr><td>Divisional Secretariat Ja-ela<div class=""e-mail""></div></td><td>Western Province</td><td>Gampaha</td><td><a href=""tel:011-2236126"" class=""phone-link"">011-2236126</a><div class=""phone-secondary""></div></td><td>Free</td></tr>",,,,
645,Divisional Secretariat Jaffna,Counseling,Government,Free,021-2222774,021-2219977,info@nchjaffna.com,Northern Province,Jaffna,Jaffna,Jaffna,"342, Palali Road, Jaffna",Counselling Psychosocial support,24-hour walk-in/emergency; psychiatrist schedule confirm by phone,Visiting specialists,,Other Government Institutions,"<tr><td>Divisional Secretariat Jaffna<div class=""e-mail"">info@nchjaffna.com</div></td><td>Northern Province</td><td>Jaffna</td><td><a href=""tel:021-2222774"" class=""phone-link"">021-2222774</a><div class=""phone-secondary"">021-2219977</div></td><td>Free</td></tr>",,,,
646,Divisional Secretariat Kaduwela,Counseling,Government,Free,011-2561021,,,Western Province,Colombo,Kaduwela,Kaduwela,,Counselling Psychosocial support,,,,Other Government Institutions,"<tr><td>Divisional Secretariat Kaduwela<div class=""e-mail""></div></td><td>Western Province</td><td>Colombo</td><td><a href=""tel:011-2561021"" class=""phone-link"">011-2561021</a><div class=""phone-secondary""></div></td><td>Free</td></tr>",,,,
647,Divisional Secretariat Kahatagasdigiliya,Counseling,Government Divisional Hospital,Free,025-2247438,025-2247461,,North Central Province,Anuradhapura,Kahatagasdigiliya,Kahatagasdigiliya,"Kahatagasdigiliya, Anuradhapura District",Counselling Psychosocial support,Call ahead to confirm current clinic/consultant hours,,http://www.mentalhealth.health.gov.lk/index.php?option=com_content&view=article&id=33&Itemid=193&lang=en; https://hospitalslk.blogspot.com/2011/12/anuradhapura-district.html,Other Government Institutions,"<tr><td>Divisional Secretariat Kahatagasdigiliya<div class=""e-mail""></div></td><td>North Central Province</td><td>Anuradhapura</td><td><a href=""tel:025-2247438"" class=""phone-link"">025-2247438</a><div class=""phone-secondary"">025-2247461</div></td><td>Free<div> <a href=""http://www.mentalhealth.health.gov.lk/index.php?option=com_content&view=article&id=33&Itemid=193&lang=en; https://hospitalslk.blogspot.com/2011/12/anuradhapura-district.html"" class=""web-site""target=""_blank"" style=""text-decoration: none;"">Web Site  🔗</a></div></td></tr>",,,,
648,Divisional Secretariat Kahawatta,Counseling,Government,Free,045-2273338,,,Sabaragamuwa Province,Ratnapura,Kahawatta,Kahawatta,"Kahawatta, Ratnapura District",Counselling Psychosocial support,Call ahead to confirm current clinic/consultant hours,,,Other Government Institutions,"<tr><td>Divisional Secretariat Kahawatta<div class=""e-mail""></div></td><td>Sabaragamuwa Province</td><td>Ratnapura</td><td><a href=""tel:045-2273338"" class=""phone-link"">045-2273338</a><div class=""phone-secondary""></div></td><td>Free</td></tr>",,,,
649,Divisional Secretariat Kalawana,Counseling,Government,Free,045-2255138,,,Sabaragamuwa Province,Ratnapura,Kalawana,Kalawana,,Counselling Psychosocial support,,,,Other Government Institutions,"<tr><td>Divisional Secretariat Kalawana<div class=""e-mail""></div></td><td>Sabaragamuwa Province</td><td>Ratnapura</td><td><a href=""tel:045-2255138"" class=""phone-link"">045-2255138</a><div class=""phone-secondary""></div></td><td>Free</td></tr>",,,,
650,Divisional Secretariat Kalmunai North,Counseling,Government,Free,067-2229236,,stdclinic.kalmunai@gmail.com,Eastern Province,Ampara,Kalmunai North,Kalmunai North,"STD Clinic, Base Hospital, Kalmunai",Counselling Psychosocial support,Call clinic to confirm current hours,STD Clinic Team,,Other Government Institutions,"<tr><td>Divisional Secretariat Kalmunai North<div class=""e-mail"">stdclinic.kalmunai@gmail.com</div></td><td>Eastern Province</td><td>Ampara</td><td><a href=""tel:067-2229236"" class=""phone-link"">067-2229236</a><div class=""phone-secondary""></div></td><td>Free</td></tr>",,,,
651,Divisional Secretariat Kalmunai South,Counseling,Government,Free,067-2224230,,stdclinic.kalmunai@gmail.com,Eastern Province,Ampara,Kalmunai South,Kalmunai South,"STD Clinic, Base Hospital, Kalmunai",Counselling Psychosocial support,Call clinic to confirm current hours,STD Clinic Team,,Other Government Institutions,"<tr><td>Divisional Secretariat Kalmunai South<div class=""e-mail"">stdclinic.kalmunai@gmail.com</div></td><td>Eastern Province</td><td>Ampara</td><td><a href=""tel:067-2224230"" class=""phone-link"">067-2224230</a><div class=""phone-secondary""></div></td><td>Free</td></tr>",,,,
652,Divisional Secretariat Kalthota,Counseling,Government,Free,045-2288982,,,Sabaragamuwa Province,Ratnapura,Kalthota,Kalthota,,Counselling Psychosocial support,,,,Other Government Institutions,"<tr><td>Divisional Secretariat Kalthota<div class=""e-mail""></div></td><td>Sabaragamuwa Province</td><td>Ratnapura</td><td><a href=""tel:045-2288982"" class=""phone-link"">045-2288982</a><div class=""phone-secondary""></div></td><td>Free</td></tr>",,,,
653,Divisional Secretariat Kalutara,Counseling + Elder Care,Government,Free,034-2222569,,cscnihs@gmail.com,Western Province,Kalutara,Kalutara,Kalutara,"National Institute of Health Sciences, Kalutara",Counselling Psychosocial support,Call to confirm,,,Elders' Homes & Care Services,"<tr><td>Divisional Secretariat Kalutara<div class=""e-mail"">cscnihs@gmail.com</div></td><td>Western Province</td><td>Kalutara</td><td><a href=""tel:034-2222569"" class=""phone-link"">034-2222569</a><div class=""phone-secondary""></div></td><td>Free</td></tr>",,,,
654,Divisional Secretariat Kamburupitiya,Counseling,Government,Free,041-2292538,,,Southern Province,Matara,Kamburupitiya,Kamburupitiya,"Kamburupitiya, Matara District",Counselling Psychosocial support Coordination services,Call ahead to confirm current clinic/consultant hours,,https://www.mentalhealth.health.gov.lk/index.php?option=com_content&view=article&id=48&Itemid=207&lang=en ; https://lankainformation.lk/directory/health/list-of-hospitals-in-sri-lanka/matara-district,Other Government Institutions,"<tr><td>Divisional Secretariat Kamburupitiya<div class=""e-mail""></div></td><td>Southern Province</td><td>Matara</td><td><a href=""tel:041-2292538"" class=""phone-link"">041-2292538</a><div class=""phone-secondary""></div></td><td>Free<div> <a href=""https://www.mentalhealth.health.gov.lk/index.php?option=com_content&view=article&id=48&Itemid=207&lang=en ; https://lankainformation.lk/directory/health/list-of-hospitals-in-sri-lanka/matara-district"" class=""web-site""target=""_blank"" style=""text-decoration: none;"">Web Site  🔗</a></div></td></tr>",,,,
655,Divisional Secretariat Kandawalai,Counseling,Government,Free,021-2060300,,,Northern Province,Kilinochchi,Kandawalai,Kandawalai,,Counselling Psychosocial support,,,,Other Government Institutions,"<tr><td>Divisional Secretariat Kandawalai<div class=""e-mail""></div></td><td>Northern Province</td><td>Kilinochchi</td><td><a href=""tel:021-2060300"" class=""phone-link"">021-2060300</a><div class=""phone-secondary""></div></td><td>Free</td></tr>",,,,
656,Divisional Secretariat Karachchi,Counseling,Government,Free,021-2285739,,,Northern Province,Kilinochchi,Karachchi,Karachchi,,Counselling Psychosocial support,,,,Other Government Institutions,"<tr><td>Divisional Secretariat Karachchi<div class=""e-mail""></div></td><td>Northern Province</td><td>Kilinochchi</td><td><a href=""tel:021-2285739"" class=""phone-link"">021-2285739</a><div class=""phone-secondary""></div></td><td>Free</td></tr>",,,,
657,Divisional Secretariat Karainagar,Counseling,Government,Free,021-2211725,,,Northern Province,Jaffna,Karainagar,Karainagar,,Counselling Psychosocial support,,,,Other Government Institutions,"<tr><td>Divisional Secretariat Karainagar<div class=""e-mail""></div></td><td>Northern Province</td><td>Jaffna</td><td><a href=""tel:021-2211725"" class=""phone-link"">021-2211725</a><div class=""phone-secondary""></div></td><td>Free</td></tr>",,,,
658,Divisional Secretariat Karaitivu,Counseling,Government,Free,067-2222036,,,Eastern Province,Ampara,Karaitivu,Karaitivu,,Counselling Psychosocial support,,,,Other Government Institutions,"<tr><td>Divisional Secretariat Karaitivu<div class=""e-mail""></div></td><td>Eastern Province</td><td>Ampara</td><td><a href=""tel:067-2222036"" class=""phone-link"">067-2222036</a><div class=""phone-secondary""></div></td><td>Free</td></tr>",,,,
659,Divisional Secretariat Karandeniya,Counseling,Government,Free,091-4944846,091-2291536,,Southern Province,Galle,Karandeniya,Karandeniya,,Counselling Psychosocial support,,,,Other Government Institutions,"<tr><td>Divisional Secretariat Karandeniya<div class=""e-mail""></div></td><td>Southern Province</td><td>Galle</td><td><a href=""tel:091-4944846"" class=""phone-link"">091-4944846</a><div class=""phone-secondary"">091-2291536</div></td><td>Free</td></tr>",,,,
660,Divisional Secretariat Karaveddy,Counseling,Government,Free,021-2263258,,,Northern Province,Jaffna,Karaveddy,Karaveddy,,Counselling Psychosocial support,,,,Other Government Institutions,"<tr><td>Divisional Secretariat Karaveddy<div class=""e-mail""></div></td><td>Northern Province</td><td>Jaffna</td><td><a href=""tel:021-2263258"" class=""phone-link"">021-2263258</a><div class=""phone-secondary""></div></td><td>Free</td></tr>",,,,
661,Divisional Secretariat Katana,Counseling + Elder Care,Government,Free,031-2238498,,,Western Province,Gampaha,Katana,Katana,,Counselling Psychosocial support,,,,Elders' Homes & Care Services,"<tr><td>Divisional Secretariat Katana<div class=""e-mail""></div></td><td>Western Province</td><td>Gampaha</td><td><a href=""tel:031-2238498"" class=""phone-link"">031-2238498</a><div class=""phone-secondary""></div></td><td>Free</td></tr>",,,,
662,Divisional Secretariat Kataragama,Counseling,Government,Free,047-2235338,,,Uva Province,Monaragala,Kataragama,Kataragama,"Kataragama, Monaragala District",Counselling Psychosocial support,Call ahead to confirm current clinic/consultant hours,,,Other Government Institutions,"<tr><td>Divisional Secretariat Kataragama<div class=""e-mail""></div></td><td>Uva Province</td><td>Monaragala</td><td><a href=""tel:047-2235338"" class=""phone-link"">047-2235338</a><div class=""phone-secondary""></div></td><td>Free</td></tr>",,,,
663,Divisional Secretariat Kattankudi,Counseling,Government,Free,065-2245048,,,Eastern Province,Batticaloa,Kattankudi,Kattankudi,,Counselling Psychosocial support,,,,Other Government Institutions,"<tr><td>Divisional Secretariat Kattankudi<div class=""e-mail""></div></td><td>Eastern Province</td><td>Batticaloa</td><td><a href=""tel:065-2245048"" class=""phone-link"">065-2245048</a><div class=""phone-secondary""></div></td><td>Free</td></tr>",,,,
664,Divisional Secretariat Katupotha,Counseling,Government,Free,037-2247374,,,North Western Province,Kurunegala,Katupotha,Katupotha,,Counselling Psychosocial support,,,,Other Government Institutions,"<tr><td>Divisional Secretariat Katupotha<div class=""e-mail""></div></td><td>North Western Province</td><td>Kurunegala</td><td><a href=""tel:037-2247374"" class=""phone-link"">037-2247374</a><div class=""phone-secondary""></div></td><td>Free</td></tr>",,,,
665,Divisional Secretariat Katuwana,Counseling,Government,Free,047-2247238,,,Southern Province,Hambantota,Katuwana,Katuwana,,Counselling Psychosocial support,,,,Other Government Institutions,"<tr><td>Divisional Secretariat Katuwana<div class=""e-mail""></div></td><td>Southern Province</td><td>Hambantota</td><td><a href=""tel:047-2247238"" class=""phone-link"">047-2247238</a><div class=""phone-secondary""></div></td><td>Free</td></tr>",,,,
666,Divisional Secretariat Kayts,Counseling,Government,Free,021-2211601,,,Northern Province,Jaffna,Kayts,Kayts,,Counselling Psychosocial support,,,,Other Government Institutions,"<tr><td>Divisional Secretariat Kayts<div class=""e-mail""></div></td><td>Northern Province</td><td>Jaffna</td><td><a href=""tel:021-2211601"" class=""phone-link"">021-2211601</a><div class=""phone-secondary""></div></td><td>Free</td></tr>",,,,
667,Divisional Secretariat Kebithigollewa,Counseling,Government,Free,025-2298638,025-3898798,,North Central Province,Anuradhapura,Kebithigollewa,Kebithigollewa,"Kebithigollewa, Anuradhapura District",Counselling Psychosocial support,Call ahead to confirm current clinic/consultant hours,,http://www.mentalhealth.health.gov.lk/index.php?option=com_content&view=article&id=33&Itemid=193&lang=en; https://hospitalslk.blogspot.com/2011/12/anuradhapura-district.html,Other Government Institutions,"<tr><td>Divisional Secretariat Kebithigollewa<div class=""e-mail""></div></td><td>North Central Province</td><td>Anuradhapura</td><td><a href=""tel:025-2298638"" class=""phone-link"">025-2298638</a><div class=""phone-secondary"">025-3898798</div></td><td>Free<div> <a href=""http://www.mentalhealth.health.gov.lk/index.php?option=com_content&view=article&id=33&Itemid=193&lang=en; https://hospitalslk.blogspot.com/2011/12/anuradhapura-district.html"" class=""web-site""target=""_blank"" style=""text-decoration: none;"">Web Site  🔗</a></div></td></tr>",,,,
668,Divisional Secretariat Kegalle,Counseling,Government,Free,035-2230452,,stdclinic.kegalle@gmail.com,Sabaragamuwa Province,Kegalle,Kegalle,Kegalle,"STD Clinic, District General/Teaching Hospital, Kegalle",Counselling Psychosocial support,Call clinic to confirm current hours,Venereology / STD Clinic Team,,Other Government Institutions,"<tr><td>Divisional Secretariat Kegalle<div class=""e-mail"">stdclinic.kegalle@gmail.com</div></td><td>Sabaragamuwa Province</td><td>Kegalle</td><td><a href=""tel:035-2230452"" class=""phone-link"">035-2230452</a><div class=""phone-secondary""></div></td><td>Free</td></tr>",,,,
669,Divisional Secretariat Kekirawa,Counseling,Government,Free,025-2264587,,,North Central Province,Anuradhapura,Kekirawa,Kekirawa,"Kekirawa, Anuradhapura District",Counselling Psychosocial support,Call ahead to confirm current clinic/consultant hours,,http://www.mentalhealth.health.gov.lk/index.php?option=com_content&view=article&id=33&Itemid=193&lang=en; https://hospitalslk.blogspot.com/2011/12/anuradhapura-district.html,Other Government Institutions,"<tr><td>Divisional Secretariat Kekirawa<div class=""e-mail""></div></td><td>North Central Province</td><td>Anuradhapura</td><td><a href=""tel:025-2264587"" class=""phone-link"">025-2264587</a><div class=""phone-secondary""></div></td><td>Free<div> <a href=""http://www.mentalhealth.health.gov.lk/index.php?option=com_content&view=article&id=33&Itemid=193&lang=en; https://hospitalslk.blogspot.com/2011/12/anuradhapura-district.html"" class=""web-site""target=""_blank"" style=""text-decoration: none;"">Web Site  🔗</a></div></td></tr>",,,,
670,Divisional Secretariat Kelaniya,Counseling + Elder Care,Government,Free,011-2926666,,,Western Province,Gampaha,Kelaniya,Kelaniya,,Counselling Psychosocial support,,,,Elders' Homes & Care Services,"<tr><td>Divisional Secretariat Kelaniya<div class=""e-mail""></div></td><td>Western Province</td><td>Gampaha</td><td><a href=""tel:011-2926666"" class=""phone-link"">011-2926666</a><div class=""phone-secondary""></div></td><td>Free</td></tr>",,,,
671,Divisional Secretariat Kesbewa,Counseling,Government,Free,011-2614225,,,Western Province,Colombo,Kesbewa,Kesbewa,,Counselling Psychosocial support,,,,Other Government Institutions,"<tr><td>Divisional Secretariat Kesbewa<div class=""e-mail""></div></td><td>Western Province</td><td>Colombo</td><td><a href=""tel:011-2614225"" class=""phone-link"">011-2614225</a><div class=""phone-secondary""></div></td><td>Free</td></tr>",,,,
672,Divisional Secretariat Kinniya,Counseling,Government,Free,026-2236235,,dskinniya@sltnet.lk,Eastern Province,Trincomalee,Kinniya,Kinniya,,Counselling Psychosocial support,,,,Other Government Institutions,"<tr><td>Divisional Secretariat Kinniya<div class=""e-mail"">dskinniya@sltnet.lk</div></td><td>Eastern Province</td><td>Trincomalee</td><td><a href=""tel:026-2236235"" class=""phone-link"">026-2236235</a><div class=""phone-secondary""></div></td><td>Free</td></tr>",,,,
673,Divisional Secretariat Kiriella,Counseling,Government,Free,045-2265745,,,Sabaragamuwa Province,Ratnapura,Kiriella,Kiriella,"Kiriella, Ratnapura District",Counselling Psychosocial support,Call ahead to confirm current clinic/consultant hours,,,Other Government Institutions,"<tr><td>Divisional Secretariat Kiriella<div class=""e-mail""></div></td><td>Sabaragamuwa Province</td><td>Ratnapura</td><td><a href=""tel:045-2265745"" class=""phone-link"">045-2265745</a><div class=""phone-secondary""></div></td><td>Free</td></tr>",,,,
674,Divisional Secretariat Kirinda Puhulwella,Counseling,Government,Free,041-2286797,,,Southern Province,Matara,Kirinda,Kirinda,,Counselling Psychosocial support Coordination services,,,,Other Government Institutions,"<tr><td>Divisional Secretariat Kirinda Puhulwella<div class=""e-mail""></div></td><td>Southern Province</td><td>Matara</td><td><a href=""tel:041-2286797"" class=""phone-link"">041-2286797</a><div class=""phone-secondary""></div></td><td>Free</td></tr>",,,,
675,Divisional Secretariat Kobeigane,Counseling,Government,Free,037-2293037,,,North Western Province,Kurunegala,Kobeigane,Kobeigane,,Counselling Psychosocial support,,,,Other Government Institutions,"<tr><td>Divisional Secretariat Kobeigane<div class=""e-mail""></div></td><td>North Western Province</td><td>Kurunegala</td><td><a href=""tel:037-2293037"" class=""phone-link"">037-2293037</a><div class=""phone-secondary""></div></td><td>Free</td></tr>",,,,
676,Divisional Secretariat Kolonna,Counseling,Government,Free,045-2260238,,,Sabaragamuwa Province,Ratnapura,Kolonna,Kolonna,"Kolonna, Ratnapura District",Counselling Psychosocial support,Call ahead to confirm current clinic/consultant hours,,,Other Government Institutions,"<tr><td>Divisional Secretariat Kolonna<div class=""e-mail""></div></td><td>Sabaragamuwa Province</td><td>Ratnapura</td><td><a href=""tel:045-2260238"" class=""phone-link"">045-2260238</a><div class=""phone-secondary""></div></td><td>Free</td></tr>",,,,
677,Divisional Secretariat Kolonnawa,Counseling,Government,Free,011-2572281,,,Western Province,Colombo,Kolonnawa,Kolonnawa,,Counselling Psychosocial support,,,,Other Government Institutions,"<tr><td>Divisional Secretariat Kolonnawa<div class=""e-mail""></div></td><td>Western Province</td><td>Colombo</td><td><a href=""tel:011-2572281"" class=""phone-link"">011-2572281</a><div class=""phone-secondary""></div></td><td>Free</td></tr>",,,,
678,Divisional Secretariat Kopay,Counseling,Government,Free,021-2230011,,,Northern Province,Jaffna,Kopay,Kopay,,Counselling Psychosocial support,,,,Other Government Institutions,"<tr><td>Divisional Secretariat Kopay<div class=""e-mail""></div></td><td>Northern Province</td><td>Jaffna</td><td><a href=""tel:021-2230011"" class=""phone-link"">021-2230011</a><div class=""phone-secondary""></div></td><td>Free</td></tr>",,,,
679,Divisional Secretariat Koralaipattru Central,Counseling,Government,Free,065-2051919,,,Eastern Province,Batticaloa,Koralaipattru Central,Koralaipattru Central,,Counselling Psychosocial support,,,,Other Government Institutions,"<tr><td>Divisional Secretariat Koralaipattru Central<div class=""e-mail""></div></td><td>Eastern Province</td><td>Batticaloa</td><td><a href=""tel:065-2051919"" class=""phone-link"">065-2051919</a><div class=""phone-secondary""></div></td><td>Free</td></tr>",,,,
680,Divisional Secretariat Koralaipattru North,Counseling,Government,Free,065-2058802,,,Eastern Province,Batticaloa,Koralaipattru North,Koralaipattru North,,Counselling Psychosocial support,,,,Other Government Institutions,"<tr><td>Divisional Secretariat Koralaipattru North<div class=""e-mail""></div></td><td>Eastern Province</td><td>Batticaloa</td><td><a href=""tel:065-2058802"" class=""phone-link"">065-2058802</a><div class=""phone-secondary""></div></td><td>Free</td></tr>",,,,
681,Divisional Secretariat Koralaipattru South,Counseling,Government,Free,065-2059172,,,Eastern Province,Batticaloa,Koralaipattru South,Koralaipattru South,,Counselling Psychosocial support,,,,Other Government Institutions,"<tr><td>Divisional Secretariat Koralaipattru South<div class=""e-mail""></div></td><td>Eastern Province</td><td>Batticaloa</td><td><a href=""tel:065-2059172"" class=""phone-link"">065-2059172</a><div class=""phone-secondary""></div></td><td>Free</td></tr>",,,,
682,Divisional Secretariat Koralaipattru West,Counseling,Government,Free,065-2257716,,,Eastern Province,Batticaloa,Koralaipattru West,Koralaipattru West,,Counselling Psychosocial support,,,,Other Government Institutions,"<tr><td>Divisional Secretariat Koralaipattru West<div class=""e-mail""></div></td><td>Eastern Province</td><td>Batticaloa</td><td><a href=""tel:065-2257716"" class=""phone-link"">065-2257716</a><div class=""phone-secondary""></div></td><td>Free</td></tr>",,,,
683,Divisional Secretariat Kotapola,Counseling,Government,Free,041-2271239,,,Southern Province,Matara,Kotapola,Kotapola,,Counselling Psychosocial support Coordination services,,,,Other Government Institutions,"<tr><td>Divisional Secretariat Kotapola<div class=""e-mail""></div></td><td>Southern Province</td><td>Matara</td><td><a href=""tel:041-2271239"" class=""phone-link"">041-2271239</a><div class=""phone-secondary""></div></td><td>Free</td></tr>",,,,
684,Divisional Secretariat Kotawehera,Counseling,Government,Free,037-2260284,,,North Western Province,Kurunegala,Kotawehera,Kotawehera,,Counselling Psychosocial support,,,,Other Government Institutions,"<tr><td>Divisional Secretariat Kotawehera<div class=""e-mail""></div></td><td>North Western Province</td><td>Kurunegala</td><td><a href=""tel:037-2260284"" class=""phone-link"">037-2260284</a><div class=""phone-secondary""></div></td><td>Free</td></tr>",,,,
685,Divisional Secretariat Kothmale,Counseling,Government,Free,052-2259827,,,Central Province,Nuwara Eliya,Kothmale,Kothmale,"Kothmale, Nuwara Eliya District",Counselling Psychosocial support,Call ahead to confirm current clinic/consultant hours,,https://www.mentalhealth.health.gov.lk/index.php?option=com_content&view=article&id=51&Itemid=210&lang=en,Other Government Institutions,"<tr><td>Divisional Secretariat Kothmale<div class=""e-mail""></div></td><td>Central Province</td><td>Nuwara Eliya</td><td><a href=""tel:052-2259827"" class=""phone-link"">052-2259827</a><div class=""phone-secondary""></div></td><td>Free<div> <a href=""https://www.mentalhealth.health.gov.lk/index.php?option=com_content&view=article&id=51&Itemid=210&lang=en"" class=""web-site""target=""_blank"" style=""text-decoration: none;"">Web Site  🔗</a></div></td></tr>",,,,
686,Divisional Secretariat Kuliyapitiya East,Counseling,Government,Free,037-2248467,,stdclinickuliyapitiya@gmail.com,North Western Province,Kurunegala,Kuliyapitiya East,Kuliyapitiya East,"STD Clinic, Teaching Hospital, Kuliyapitiya",Counselling Psychosocial support,Call clinic to confirm current hours,Venereology / STD Clinic Team,,Other Government Institutions,"<tr><td>Divisional Secretariat Kuliyapitiya East<div class=""e-mail"">stdclinickuliyapitiya@gmail.com</div></td><td>North Western Province</td><td>Kurunegala</td><td><a href=""tel:037-2248467"" class=""phone-link"">037-2248467</a><div class=""phone-secondary""></div></td><td>Free</td></tr>",,,,
687,Divisional Secretariat Kuliyapitiya West,Counseling,Government,Free,037-2281881,,stdclinickuliyapitiya@gmail.com,North Western Province,Kurunegala,Kuliyapitiya West,Kuliyapitiya West,"STD Clinic, Teaching Hospital, Kuliyapitiya",Counselling Psychosocial support,Call clinic to confirm current hours,Venereology / STD Clinic Team,,Other Government Institutions,"<tr><td>Divisional Secretariat Kuliyapitiya West<div class=""e-mail"">stdclinickuliyapitiya@gmail.com</div></td><td>North Western Province</td><td>Kurunegala</td><td><a href=""tel:037-2281881"" class=""phone-link"">037-2281881</a><div class=""phone-secondary""></div></td><td>Free</td></tr>",,,,
688,Divisional Secretariat Kurunegala,Counseling,Government,Free,037-2224538,037-2222102,,North Western Province,Kurunegala,Kurunegala,Kurunegala,Kurunegala,Counselling Psychosocial support,Call ahead to confirm current clinic/consultant hours,,,Other Government Institutions,"<tr><td>Divisional Secretariat Kurunegala<div class=""e-mail""></div></td><td>North Western Province</td><td>Kurunegala</td><td><a href=""tel:037-2224538"" class=""phone-link"">037-2224538</a><div class=""phone-secondary"">037-2222102</div></td><td>Free</td></tr>",,,,
689,Divisional Secretariat Kuruwita,Counseling,Government,Free,045-2262238,,,Sabaragamuwa Province,Ratnapura,Kuruwita,Kuruwita,,Counselling Psychosocial support,,,,Other Government Institutions,"<tr><td>Divisional Secretariat Kuruwita<div class=""e-mail""></div></td><td>Sabaragamuwa Province</td><td>Ratnapura</td><td><a href=""tel:045-2262238"" class=""phone-link"">045-2262238</a><div class=""phone-secondary""></div></td><td>Free</td></tr>",,,,
690,Divisional Secretariat Laggala,Counseling,Government,Free,066-2275039,,,Central Province,Matale,Laggala,Laggala,,Counselling,,,,Other Government Institutions,"<tr><td>Divisional Secretariat Laggala<div class=""e-mail""></div></td><td>Central Province</td><td>Matale</td><td><a href=""tel:066-2275039"" class=""phone-link"">066-2275039</a><div class=""phone-secondary""></div></td><td>Free</td></tr>",,,,
691,Divisional Secretariat Lahugala,Counseling,Government,Free,063-2050865,,,Eastern Province,Ampara,Lahugala,Lahugala,"Lahugala, Ampara District",Counselling Psychosocial support,Call ahead to confirm current clinic/consultant hours,,,Other Government Institutions,"<tr><td>Divisional Secretariat Lahugala<div class=""e-mail""></div></td><td>Eastern Province</td><td>Ampara</td><td><a href=""tel:063-2050865"" class=""phone-link"">063-2050865</a><div class=""phone-secondary""></div></td><td>Free</td></tr>",,,,
692,Divisional Secretariat Lankapura,Counseling,Government,Free,027-2242338,,,North Central Province,Polonnaruwa,Lankapura,Lankapura,,Counselling Psychosocial support,,,,Other Government Institutions,"<tr><td>Divisional Secretariat Lankapura<div class=""e-mail""></div></td><td>North Central Province</td><td>Polonnaruwa</td><td><a href=""tel:027-2242338"" class=""phone-link"">027-2242338</a><div class=""phone-secondary""></div></td><td>Free</td></tr>",,,,
693,Divisional Secretariat Lunugamwehera,Counseling,Government,Free,047-2237038,,,Southern Province,Hambantota,Lunugamwehera,Lunugamwehera,,Counselling Psychosocial support,,,,Other Government Institutions,"<tr><td>Divisional Secretariat Lunugamwehera<div class=""e-mail""></div></td><td>Southern Province</td><td>Hambantota</td><td><a href=""tel:047-2237038"" class=""phone-link"">047-2237038</a><div class=""phone-secondary""></div></td><td>Free</td></tr>",,,,
694,Divisional Secretariat Madampe,Counseling,Government,Free,032-2247828,,,North Western Province,Puttalam,Madampe,Madampe,,Counselling Psychosocial support,,,,Other Government Institutions,"<tr><td>Divisional Secretariat Madampe<div class=""e-mail""></div></td><td>North Western Province</td><td>Puttalam</td><td><a href=""tel:032-2247828"" class=""phone-link"">032-2247828</a><div class=""phone-secondary""></div></td><td>Free</td></tr>",,,,
695,Divisional Secretariat Madhu,Counseling,Government,Free,023-2222820,,,Northern Province,Mannar,Madhu,Madhu,,Counselling Psychosocial support,,,,Other Government Institutions,"<tr><td>Divisional Secretariat Madhu<div class=""e-mail""></div></td><td>Northern Province</td><td>Mannar</td><td><a href=""tel:023-2222820"" class=""phone-link"">023-2222820</a><div class=""phone-secondary""></div></td><td>Free</td></tr>",,,,
696,Divisional Secretariat Madulla,Counseling,Government,Free,055-2275201,,,Uva Province,Monaragala,Madulla,Madulla,esbmadulla02@ gmail.com,Counselling Psychosocial support,,,,Other Government Institutions,"<tr><td>Divisional Secretariat Madulla<div class=""e-mail""></div></td><td>Uva Province</td><td>Monaragala</td><td><a href=""tel:055-2275201"" class=""phone-link"">055-2275201</a><div class=""phone-secondary""></div></td><td>Free</td></tr>",,,,
697,Divisional Secretariat Madurawala,Counseling + Elder Care,Government,Free,034-2251068,,,Western Province,Kalutara,Madurawala,Madurawala,,Counselling Psychosocial support,,,,Elders' Homes & Care Services,"<tr><td>Divisional Secretariat Madurawala<div class=""e-mail""></div></td><td>Western Province</td><td>Kalutara</td><td><a href=""tel:034-2251068"" class=""phone-link"">034-2251068</a><div class=""phone-secondary""></div></td><td>Free</td></tr>",,,,
698,Divisional Secretariat Mahaoya,Counseling,Government,Free,063-2244006,,,Eastern Province,Ampara,Mahaoya,Mahaoya,,Counselling Psychosocial support,,,,Other Government Institutions,"<tr><td>Divisional Secretariat Mahaoya<div class=""e-mail""></div></td><td>Eastern Province</td><td>Ampara</td><td><a href=""tel:063-2244006"" class=""phone-link"">063-2244006</a><div class=""phone-secondary""></div></td><td>Free</td></tr>",,,,
699,Divisional Secretariat Mahara,Counseling + Elder Care,Government,Free,011-2970713,,,Western Province,Gampaha,Mahara,Mahara,,Counselling Psychosocial support,,,,Elders' Homes & Care Services,"<tr><td>Divisional Secretariat Mahara<div class=""e-mail""></div></td><td>Western Province</td><td>Gampaha</td><td><a href=""tel:011-2970713"" class=""phone-link"">011-2970713</a><div class=""phone-secondary""></div></td><td>Free</td></tr>",,,,
700,Divisional secretariat Maharagama,Counseling,Government,Free,011-2844498,,,Western Province,Colombo,Maharagama,Maharagama,"Maharagama, Colombo District",Counselling Psychosocial support,Call ahead to confirm current clinic/consultant hours,,https://www.mentalhealth.health.gov.lk/index.php?option=com_content&view=article&id=36&Itemid=196&lang=en,Other Government Institutions,"<tr><td>Divisional secretariat Maharagama<div class=""e-mail""></div></td><td>Western Province</td><td>Colombo</td><td><a href=""tel:011-2844498"" class=""phone-link"">011-2844498</a><div class=""phone-secondary""></div></td><td>Free<div> <a href=""https://www.mentalhealth.health.gov.lk/index.php?option=com_content&view=article&id=36&Itemid=196&lang=en"" class=""web-site""target=""_blank"" style=""text-decoration: none;"">Web Site  🔗</a></div></td></tr>",,,,
701,Divisional Secretariat Mahawewa,Counseling,Government,Free,032-2254231,032-4934312,,North Western Province,Puttalam,Mahawewa,Mahawewa,,Counselling Psychosocial support,,,,Other Government Institutions,"<tr><td>Divisional Secretariat Mahawewa<div class=""e-mail""></div></td><td>North Western Province</td><td>Puttalam</td><td><a href=""tel:032-2254231"" class=""phone-link"">032-2254231</a><div class=""phone-secondary"">032-4934312</div></td><td>Free</td></tr>",,,,
702,Divisional Secretariat Mahawilachchiya,Counseling,Government,Free,025-2222080,,,North Central Province,Anuradhapura,Mahawilachchiya,Mahawilachchiya,"Mahawilachchiya, Anuradhapura District",Counselling Psychosocial support,Call ahead to confirm current clinic/consultant hours,,http://www.mentalhealth.health.gov.lk/index.php?option=com_content&view=article&id=33&Itemid=193&lang=en; https://hospitalslk.blogspot.com/2011/12/anuradhapura-district.html,Other Government Institutions,"<tr><td>Divisional Secretariat Mahawilachchiya<div class=""e-mail""></div></td><td>North Central Province</td><td>Anuradhapura</td><td><a href=""tel:025-2222080"" class=""phone-link"">025-2222080</a><div class=""phone-secondary""></div></td><td>Free<div> <a href=""http://www.mentalhealth.health.gov.lk/index.php?option=com_content&view=article&id=33&Itemid=193&lang=en; https://hospitalslk.blogspot.com/2011/12/anuradhapura-district.html"" class=""web-site""target=""_blank"" style=""text-decoration: none;"">Web Site  🔗</a></div></td></tr>",,,,
703,Divisional Secretariat Mahiyanganaya,Counseling,Other Government,Free,055-2257763,055-2223437,,Uva Province,Badulla,Mahiyanganaya,Mahiyanganaya,Divisional Secretariat Badulla,Counselling,Office hours,Counselors,,Other Government Institutions,"<tr><td>Divisional Secretariat Mahiyanganaya<div class=""e-mail""></div></td><td>Uva Province</td><td>Badulla</td><td><a href=""tel:055-2257763"" class=""phone-link"">055-2257763</a><div class=""phone-secondary"">055-2223437</div></td><td>Free</td></tr>",,,,
704,Divisional Secretariat Maho,Counseling,Government,Free,037-2275238,,,North Western Province,Kurunegala,Maho,Maho,,Counselling Psychosocial support,,,,Other Government Institutions,"<tr><td>Divisional Secretariat Maho<div class=""e-mail""></div></td><td>North Western Province</td><td>Kurunegala</td><td><a href=""tel:037-2275238"" class=""phone-link"">037-2275238</a><div class=""phone-secondary""></div></td><td>Free</td></tr>",,,,
705,Divisional Secretariat Malimbada,Counseling,Government,Free,041-2240219,,,Southern Province,Matara,Malimbada,Malimbada,,Counselling Psychosocial support Coordination services,,,,Other Government Institutions,"<tr><td>Divisional Secretariat Malimbada<div class=""e-mail""></div></td><td>Southern Province</td><td>Matara</td><td><a href=""tel:041-2240219"" class=""phone-link"">041-2240219</a><div class=""phone-secondary""></div></td><td>Free</td></tr>",,,,
706,Divisional Secretariat Mallawapitiya,Counseling,Government,Free,037-2228422,,,North Western Province,Kurunegala,Mallawapitiya,Mallawapitiya,,Counselling Psychosocial support,,,,Other Government Institutions,"<tr><td>Divisional Secretariat Mallawapitiya<div class=""e-mail""></div></td><td>North Western Province</td><td>Kurunegala</td><td><a href=""tel:037-2228422"" class=""phone-link"">037-2228422</a><div class=""phone-secondary""></div></td><td>Free</td></tr>",,,,
707,Divisional Secretariat Manmunai North,Counseling,Government,Free,065-2224360,065-2224372,,Eastern Province,Batticaloa,Manmunai North,Manmunai North,,Counselling Psychosocial support,,,,Other Government Institutions,"<tr><td>Divisional Secretariat Manmunai North<div class=""e-mail""></div></td><td>Eastern Province</td><td>Batticaloa</td><td><a href=""tel:065-2224360"" class=""phone-link"">065-2224360</a><div class=""phone-secondary"">065-2224372</div></td><td>Free</td></tr>",,,,
708,Divisional Secretariat Manmunai Pattru,Counseling,Government,Free,065-2245212,,,Eastern Province,Batticaloa,Manmunai Pattru,Manmunai Pattru,,Counselling Psychosocial support,,,,Other Government Institutions,"<tr><td>Divisional Secretariat Manmunai Pattru<div class=""e-mail""></div></td><td>Eastern Province</td><td>Batticaloa</td><td><a href=""tel:065-2245212"" class=""phone-link"">065-2245212</a><div class=""phone-secondary""></div></td><td>Free</td></tr>",,,,
709,Divisional Secretariat Manmunai South and Eruvil Pattru,Counseling,Government,Free,065-2251562,,,Eastern Province,Batticaloa,Manmunai South and Eruvil Pattru,Manmunai South and Eruvil Pattru,,Counselling Psychosocial support,,,,Other Government Institutions,"<tr><td>Divisional Secretariat Manmunai South and Eruvil Pattru<div class=""e-mail""></div></td><td>Eastern Province</td><td>Batticaloa</td><td><a href=""tel:065-2251562"" class=""phone-link"">065-2251562</a><div class=""phone-secondary""></div></td><td>Free</td></tr>",,,,
710,Divisional Secretariat Manmunai South West,Counseling,Government,Free,065-2056918,,,Eastern Province,Batticaloa,Manmunai South West,Manmunai South West,,Counselling Psychosocial support,,,,Other Government Institutions,"<tr><td>Divisional Secretariat Manmunai South West<div class=""e-mail""></div></td><td>Eastern Province</td><td>Batticaloa</td><td><a href=""tel:065-2056918"" class=""phone-link"">065-2056918</a><div class=""phone-secondary""></div></td><td>Free</td></tr>",,,,
711,Divisional Secretariat Manmunai West,Counseling,Government,Free,065-2059366,,,Eastern Province,Batticaloa,Manmunai West,Manmunai West,,Counselling Psychosocial support,,,,Other Government Institutions,"<tr><td>Divisional Secretariat Manmunai West<div class=""e-mail""></div></td><td>Eastern Province</td><td>Batticaloa</td><td><a href=""tel:065-2059366"" class=""phone-link"">065-2059366</a><div class=""phone-secondary""></div></td><td>Free</td></tr>",,,,
712,Divisional Secretariat Manthai West,Counseling,Government,Free,023-2050863,,,Northern Province,Mannar,Manthai West,Manthai West,,Counselling Psychosocial support,,,,Other Government Institutions,"<tr><td>Divisional Secretariat Manthai West<div class=""e-mail""></div></td><td>Northern Province</td><td>Mannar</td><td><a href=""tel:023-2050863"" class=""phone-link"">023-2050863</a><div class=""phone-secondary""></div></td><td>Free</td></tr>",,,,
713,Divisional Secretariat Maruthankeni,Counseling,Government,Free,021-2260533,021-2260501,,Northern Province,Jaffna,Maruthankeni,Maruthankeni,,Counselling Psychosocial support,,,,Other Government Institutions,"<tr><td>Divisional Secretariat Maruthankeni<div class=""e-mail""></div></td><td>Northern Province</td><td>Jaffna</td><td><a href=""tel:021-2260533"" class=""phone-link"">021-2260533</a><div class=""phone-secondary"">021-2260501</div></td><td>Free</td></tr>",,,,
714,Divisional Secretariat Maspotha,Counseling,Government,Free,037-2236581,037-2236747,,North Western Province,Kurunegala,Maspotha,Maspotha,,Counselling Psychosocial support,,,,Other Government Institutions,"<tr><td>Divisional Secretariat Maspotha<div class=""e-mail""></div></td><td>North Western Province</td><td>Kurunegala</td><td><a href=""tel:037-2236581"" class=""phone-link"">037-2236581</a><div class=""phone-secondary"">037-2236747</div></td><td>Free</td></tr>",,,,
715,Divisional Secretariat Matale,Counseling,Government,Free,066-2222733,,stdclinic.matale@gmail.com,Central Province,Matale,Matale,Matale,"Matale, Matale District",Counselling,Call ahead to confirm current clinic/consultant hours,,,Other Government Institutions,"<tr><td>Divisional Secretariat Matale<div class=""e-mail"">stdclinic.matale@gmail.com</div></td><td>Central Province</td><td>Matale</td><td><a href=""tel:066-2222733"" class=""phone-link"">066-2222733</a><div class=""phone-secondary""></div></td><td>Free</td></tr>",,,,
716,Divisional Secretariat Matara,Counseling,Government,Free,041-2222235,041-4390840,infoasirimatara@asiri.lk,Southern Province,Matara,Matara,Matara,"Matara, Matara District",Counselling Psychosocial support Coordination services,Call ahead to confirm current clinic/consultant hours,,https://www.doc.lk/channel/5676,Other Government Institutions,"<tr><td>Divisional Secretariat Matara<div class=""e-mail"">infoasirimatara@asiri.lk</div></td><td>Southern Province</td><td>Matara</td><td><a href=""tel:041-2222235"" class=""phone-link"">041-2222235</a><div class=""phone-secondary"">041-4390840</div></td><td>Free<div> <a href=""https://www.doc.lk/channel/5676"" class=""web-site""target=""_blank"" style=""text-decoration: none;"">Web Site  🔗</a></div></td></tr>",,,,
717,Divisional Secretariat Mathugama,Counseling + Elder Care,Government,Free,034-2247238,,,Western Province,Kalutara,Mathugama,Mathugama,"Mathugama, Kalutara District",Counselling Psychosocial support,Call to confirm,,,Elders' Homes & Care Services,"<tr><td>Divisional Secretariat Mathugama<div class=""e-mail""></div></td><td>Western Province</td><td>Kalutara</td><td><a href=""tel:034-2247238"" class=""phone-link"">034-2247238</a><div class=""phone-secondary""></div></td><td>Free</td></tr>",,,,
718,Divisional Secretariat Mawanella,Counseling,Government,Free,035-2246238,,,Sabaragamuwa Province,Kegalle,Mawanella,Mawanella,"Mawanella, Kegalle District",Counselling Psychosocial support,Call ahead to confirm current clinic/consultant hours,,https://www.mentalhealth.health.gov.lk/index.php?option=com_content&view=article&id=43:kegalle-district&catid=18&Itemid=202&lang=en; http://www.kegalle.dist.gov.lk/index.php/en/aboutus/15-government-service-centers/18-hospitals.html,Other Government Institutions,"<tr><td>Divisional Secretariat Mawanella<div class=""e-mail""></div></td><td>Sabaragamuwa Province</td><td>Kegalle</td><td><a href=""tel:035-2246238"" class=""phone-link"">035-2246238</a><div class=""phone-secondary""></div></td><td>Free<div> <a href=""https://www.mentalhealth.health.gov.lk/index.php?option=com_content&view=article&id=43:kegalle-district&catid=18&Itemid=202&lang=en; http://www.kegalle.dist.gov.lk/index.php/en/aboutus/15-government-service-centers/18-hospitals.html"" class=""web-site""target=""_blank"" style=""text-decoration: none;"">Web Site  🔗</a></div></td></tr>",,,,
719,Divisional Secretariat Mawathagama,Counseling,Government,Free,037-2299238,,,North Western Province,Kurunegala,Mawathagama,Mawathagama,"Divisional Hospital, Mawathagama",Counselling Psychosocial support,Call ahead to confirm current clinic/consultant hours,,,Other Government Institutions,"<tr><td>Divisional Secretariat Mawathagama<div class=""e-mail""></div></td><td>North Western Province</td><td>Kurunegala</td><td><a href=""tel:037-2299238"" class=""phone-link"">037-2299238</a><div class=""phone-secondary""></div></td><td>Free</td></tr>",,,,
720,Divisional Secretariat Medagama,Counseling,Government,Free,055-2266338,,,Uva Province,Monaragala,Medagama,Medagama,"Medagama, Monaragala District",Counselling Psychosocial support,Call ahead to confirm current clinic/consultant hours,,,Other Government Institutions,"<tr><td>Divisional Secretariat Medagama<div class=""e-mail""></div></td><td>Uva Province</td><td>Monaragala</td><td><a href=""tel:055-2266338"" class=""phone-link"">055-2266338</a><div class=""phone-secondary""></div></td><td>Free</td></tr>",,,,
721,Divisional Secretariat Medawachchiya,Counseling,Government,Free,025-2245745,,,North Central Province,Anuradhapura,Medawachchiya,Medawachchiya,"Medawachchiya, Anuradhapura District",Counselling Psychosocial support,Call ahead to confirm current clinic/consultant hours,,http://www.mentalhealth.health.gov.lk/index.php?option=com_content&view=article&id=33&Itemid=193&lang=en; https://hospitalslk.blogspot.com/2011/12/anuradhapura-district.html,Other Government Institutions,"<tr><td>Divisional Secretariat Medawachchiya<div class=""e-mail""></div></td><td>North Central Province</td><td>Anuradhapura</td><td><a href=""tel:025-2245745"" class=""phone-link"">025-2245745</a><div class=""phone-secondary""></div></td><td>Free<div> <a href=""http://www.mentalhealth.health.gov.lk/index.php?option=com_content&view=article&id=33&Itemid=193&lang=en; https://hospitalslk.blogspot.com/2011/12/anuradhapura-district.html"" class=""web-site""target=""_blank"" style=""text-decoration: none;"">Web Site  🔗</a></div></td></tr>",,,,
722,Divisional Secretariat Medirigiriya,Counseling,Government,Free,027-2248627,027-2248260,,North Central Province,Polonnaruwa,Medirigiriya,Medirigiriya,"Base Hospital, Medirigiriya",Counselling Psychosocial support,,Consultant Psychiatrist / Mental Health Team,,Other Government Institutions,"<tr><td>Divisional Secretariat Medirigiriya<div class=""e-mail""></div></td><td>North Central Province</td><td>Polonnaruwa</td><td><a href=""tel:027-2248627"" class=""phone-link"">027-2248627</a><div class=""phone-secondary"">027-2248260</div></td><td>Free</td></tr>",,,,
723,Divisional Secretariat Menikhinna,Counseling,Government,Free,081-2374444,,,Central Province,Kandy,Menikhinna,Menikhinna,"Menikhinna, Kandy District",Counselling Psychosocial support,Call ahead to confirm current clinic/consultant hours,,,Other Government Institutions,"<tr><td>Divisional Secretariat Menikhinna<div class=""e-mail""></div></td><td>Central Province</td><td>Kandy</td><td><a href=""tel:081-2374444"" class=""phone-link"">081-2374444</a><div class=""phone-secondary""></div></td><td>Free</td></tr>",,,,
724,Divisional Secretariat Mihintale,Counseling,Government,Free,025-2266660,,,North Central Province,Anuradhapura,Mihintale,Mihintale,"Mihintale, Anuradhapura District",Counselling Psychosocial support,Call ahead to confirm current clinic/consultant hours,,http://www.mentalhealth.health.gov.lk/index.php?option=com_content&view=article&id=33&Itemid=193&lang=en; https://hospitalslk.blogspot.com/2011/12/anuradhapura-district.html,Other Government Institutions,"<tr><td>Divisional Secretariat Mihintale<div class=""e-mail""></div></td><td>North Central Province</td><td>Anuradhapura</td><td><a href=""tel:025-2266660"" class=""phone-link"">025-2266660</a><div class=""phone-secondary""></div></td><td>Free<div> <a href=""http://www.mentalhealth.health.gov.lk/index.php?option=com_content&view=article&id=33&Itemid=193&lang=en; https://hospitalslk.blogspot.com/2011/12/anuradhapura-district.html"" class=""web-site""target=""_blank"" style=""text-decoration: none;"">Web Site  🔗</a></div></td></tr>",,,,
725,Divisional Secretariat Millaniya,Counseling + Elder Care,Government,Free,034-2252461,,,Western Province,Kalutara,Millaniya,Millaniya,,Counselling Psychosocial support,,,,Elders' Homes & Care Services,"<tr><td>Divisional Secretariat Millaniya<div class=""e-mail""></div></td><td>Western Province</td><td>Kalutara</td><td><a href=""tel:034-2252461"" class=""phone-link"">034-2252461</a><div class=""phone-secondary""></div></td><td>Free</td></tr>",,,,
726,Divisional Secretariat Minuwangoda,Counseling + Elder Care,Government,Free,011-2295135,,,Western Province,Gampaha,Minuwangoda,Minuwangoda,"Minuwangoda, Gampaha District",Counselling Psychosocial support,Call ahead to confirm current clinic/consultant hours,,,Elders' Homes & Care Services,"<tr><td>Divisional Secretariat Minuwangoda<div class=""e-mail""></div></td><td>Western Province</td><td>Gampaha</td><td><a href=""tel:011-2295135"" class=""phone-link"">011-2295135</a><div class=""phone-secondary""></div></td><td>Free</td></tr>",,,,
727,Divisional Secretariat Mirigama,Counseling + Elder Care,Government,Free,033-2273398,,,Western Province,Gampaha,Mirigama,Mirigama,,Counselling Psychosocial support,,,,Elders' Homes & Care Services,"<tr><td>Divisional Secretariat Mirigama<div class=""e-mail""></div></td><td>Western Province</td><td>Gampaha</td><td><a href=""tel:033-2273398"" class=""phone-link"">033-2273398</a><div class=""phone-secondary""></div></td><td>Free</td></tr>",,,,
728,Divisional Secretariat Monaragala,Counseling,Government,Free,055-2276238,,rdhsmonaragala@gmail.com,Uva Province,Monaragala,Monaragala,Monaragala,"RDHS Office, Monaragala",Counselling Psychosocial support,Weekday office hours (confirm),Medical Officer / Mental Health Focal Point,,Other Government Institutions,"<tr><td>Divisional Secretariat Monaragala<div class=""e-mail"">rdhsmonaragala@gmail.com</div></td><td>Uva Province</td><td>Monaragala</td><td><a href=""tel:055-2276238"" class=""phone-link"">055-2276238</a><div class=""phone-secondary""></div></td><td>Free</td></tr>",,,,
729,Divisional Secretariat Moratuwa,Counseling,Government,Free,011-2738152,,,Western Province,Colombo,Moratuwa,Moratuwa,,Counselling Psychosocial support,,,,Other Government Institutions,"<tr><td>Divisional Secretariat Moratuwa<div class=""e-mail""></div></td><td>Western Province</td><td>Colombo</td><td><a href=""tel:011-2738152"" class=""phone-link"">011-2738152</a><div class=""phone-secondary""></div></td><td>Free</td></tr>",,,,
730,Divisional Secretariat Mulatiyana,Counseling,Government,Free,041-2268238,,,Southern Province,Matara,Mulatiyana,Mulatiyana,,Counselling Psychosocial support Coordination services,,,,Other Government Institutions,"<tr><td>Divisional Secretariat Mulatiyana<div class=""e-mail""></div></td><td>Southern Province</td><td>Matara</td><td><a href=""tel:041-2268238"" class=""phone-link"">041-2268238</a><div class=""phone-secondary""></div></td><td>Free</td></tr>",,,,
731,Divisional Secretariat Musali,Counseling,Government,Free,023-2051664,,,Northern Province,Mannar,Musali,Musali,,Counselling Psychosocial support,,,,Other Government Institutions,"<tr><td>Divisional Secretariat Musali<div class=""e-mail""></div></td><td>Northern Province</td><td>Mannar</td><td><a href=""tel:023-2051664"" class=""phone-link"">023-2051664</a><div class=""phone-secondary""></div></td><td>Free</td></tr>",,,,
732,Divisional Secretariat Nachchaduwa,Counseling,Government,Free,025-2225097,,,North Central Province,Anuradhapura,Nachchaduwa,Nachchaduwa,,Counselling Psychosocial support,,,,Other Government Institutions,"<tr><td>Divisional Secretariat Nachchaduwa<div class=""e-mail""></div></td><td>North Central Province</td><td>Anuradhapura</td><td><a href=""tel:025-2225097"" class=""phone-link"">025-2225097</a><div class=""phone-secondary""></div></td><td>Free</td></tr>",,,,
733,Divisional Secretariat Nagoda,Counseling,Government,Free,091-2296436,,,Southern Province,Galle,Nagoda,Nagoda,,Counselling Psychosocial support,,,,Other Government Institutions,"<tr><td>Divisional Secretariat Nagoda<div class=""e-mail""></div></td><td>Southern Province</td><td>Galle</td><td><a href=""tel:091-2296436"" class=""phone-link"">091-2296436</a><div class=""phone-secondary""></div></td><td>Free</td></tr>",,,,
734,Divisional Secretariat Nallur,Counseling,Government,Free,021-2222208,,,Northern Province,Jaffna,Nallur,Nallur,,Counselling Psychosocial support,,,,Other Government Institutions,"<tr><td>Divisional Secretariat Nallur<div class=""e-mail""></div></td><td>Northern Province</td><td>Jaffna</td><td><a href=""tel:021-2222208"" class=""phone-link"">021-2222208</a><div class=""phone-secondary""></div></td><td>Free</td></tr>",,,,
735,Divisional Secretariat Nanattan,Counseling,Government,Free,023-2050673,,,Northern Province,Mannar,Nanattan,Nanattan,"Nanattan, Mannar District",Counselling Psychosocial support,Call ahead to confirm current clinic/consultant hours,,,Other Government Institutions,"<tr><td>Divisional Secretariat Nanattan<div class=""e-mail""></div></td><td>Northern Province</td><td>Mannar</td><td><a href=""tel:023-2050673"" class=""phone-link"">023-2050673</a><div class=""phone-secondary""></div></td><td>Free</td></tr>",,,,
736,Divisional Secretariat Narammala,Counseling,Government,Free,037-2249406,,,North Western Province,Kurunegala,Narammala,Narammala,,Counselling Psychosocial support,,,,Other Government Institutions,"<tr><td>Divisional Secretariat Narammala<div class=""e-mail""></div></td><td>North Western Province</td><td>Kurunegala</td><td><a href=""tel:037-2249406"" class=""phone-link"">037-2249406</a><div class=""phone-secondary""></div></td><td>Free</td></tr>",,,,
737,Divisional Secretariat Naula,Counseling,Government,Free,066-2246298,,,Central Province,Matale,Naula,Naula,,Counselling,,,,Other Government Institutions,"<tr><td>Divisional Secretariat Naula<div class=""e-mail""></div></td><td>Central Province</td><td>Matale</td><td><a href=""tel:066-2246298"" class=""phone-link"">066-2246298</a><div class=""phone-secondary""></div></td><td>Free</td></tr>",,,,
738,Divisional Secretariat Nawalapitiya,Counseling,Government,Free,054-2222238,,,Central Province,Kandy,Nawalapitiya,Nawalapitiya,"District General Hospital, Nawalapitiya",Counselling Psychosocial support,Call ahead to confirm current clinic/consultant hours,,,Other Government Institutions,"<tr><td>Divisional Secretariat Nawalapitiya<div class=""e-mail""></div></td><td>Central Province</td><td>Kandy</td><td><a href=""tel:054-2222238"" class=""phone-link"">054-2222238</a><div class=""phone-secondary""></div></td><td>Free</td></tr>",,,,
739,Divisional Secretariat Nawithanveli,Counseling,Government,Free,067-2223256,,,Eastern Province,Ampara,Nawithanvely,Nawithanvely,,Counselling Psychosocial support,,,,Other Government Institutions,"<tr><td>Divisional Secretariat Nawithanveli<div class=""e-mail""></div></td><td>Eastern Province</td><td>Ampara</td><td><a href=""tel:067-2223256"" class=""phone-link"">067-2223256</a><div class=""phone-secondary""></div></td><td>Free</td></tr>",,,,
740,Divisional Secretariat Negombo,Counseling + Elder Care,Government,Free,031-2224633,,,Western Province,Gampaha,Negombo,Negombo,"STD Clinic, District General Hospital, Negombo",Counselling Psychosocial support,Mon-Fri 8:00am-4:00pm; Sat 8:00am-12:00pm; confirm locally,Venereology / STD Clinic Team,,Elders' Homes & Care Services,"<tr><td>Divisional Secretariat Negombo<div class=""e-mail""></div></td><td>Western Province</td><td>Gampaha</td><td><a href=""tel:031-2224633"" class=""phone-link"">031-2224633</a><div class=""phone-secondary""></div></td><td>Free</td></tr>",,,,
741,Divisional Secretariat Neluwa,Counseling,Government,Free,091-2285601,,,Southern Province,Galle,Neluwa,Neluwa,,Counselling Psychosocial support,,,,Other Government Institutions,"<tr><td>Divisional Secretariat Neluwa<div class=""e-mail""></div></td><td>Southern Province</td><td>Galle</td><td><a href=""tel:091-2285601"" class=""phone-link"">091-2285601</a><div class=""phone-secondary""></div></td><td>Free</td></tr>",,,,
742,Divisional Secretariat Nikaweratiya,Counseling,Government,Free,037-2260238,,,North Western Province,Kurunegala,Nikaweratiya,Nikaweratiya,"Base Hospital, Nikaweratiya",Counselling Psychosocial support,Call hospital to confirm mental-health clinic/day-centre schedule,Consultant Psychiatrist / Mental Health Team,,Other Government Institutions,"<tr><td>Divisional Secretariat Nikaweratiya<div class=""e-mail""></div></td><td>North Western Province</td><td>Kurunegala</td><td><a href=""tel:037-2260238"" class=""phone-link"">037-2260238</a><div class=""phone-secondary""></div></td><td>Free</td></tr>",,,,
743,Divisional Secretariat Ninthavur,Counseling,Government,Free,067-2250236,,,Eastern Province,Ampara,Ninthavur,Ninthavur,,Counselling Psychosocial support,,,,Other Government Institutions,"<tr><td>Divisional Secretariat Ninthavur<div class=""e-mail""></div></td><td>Eastern Province</td><td>Ampara</td><td><a href=""tel:067-2250236"" class=""phone-link"">067-2250236</a><div class=""phone-secondary""></div></td><td>Free</td></tr>",,,,
744,Divisional Secretariat Nivithigala,Counseling,Government,Free,045-2279238,,,Sabaragamuwa Province,Ratnapura,Nivithigala,Nivithigala,,Counselling Psychosocial support,,,,Other Government Institutions,"<tr><td>Divisional Secretariat Nivithigala<div class=""e-mail""></div></td><td>Sabaragamuwa Province</td><td>Ratnapura</td><td><a href=""tel:045-2279238"" class=""phone-link"">045-2279238</a><div class=""phone-secondary""></div></td><td>Free</td></tr>",,,,
745,Divisional Secretariat Niyagama,Counseling,Government,Free,091-2296438,,,Southern Province,Galle,Niyagama,Niyagama,,Counselling Psychosocial support,,,,Other Government Institutions,"<tr><td>Divisional Secretariat Niyagama<div class=""e-mail""></div></td><td>Southern Province</td><td>Galle</td><td><a href=""tel:091-2296438"" class=""phone-link"">091-2296438</a><div class=""phone-secondary""></div></td><td>Free</td></tr>",,,,
746,Divisional Secretariat Nochchiyagama,Counseling,Government,Free,025-2257120,,,North Central Province,Anuradhapura,Nochchiyagama,Nochchiyagama,"Nochchiyagama, Anuradhapura District",Counselling Psychosocial support,Call ahead to confirm current clinic/consultant hours,,http://www.mentalhealth.health.gov.lk/index.php?option=com_content&view=article&id=33&Itemid=193&lang=en; https://hospitalslk.blogspot.com/2011/12/anuradhapura-district.html,Other Government Institutions,"<tr><td>Divisional Secretariat Nochchiyagama<div class=""e-mail""></div></td><td>North Central Province</td><td>Anuradhapura</td><td><a href=""tel:025-2257120"" class=""phone-link"">025-2257120</a><div class=""phone-secondary""></div></td><td>Free<div> <a href=""http://www.mentalhealth.health.gov.lk/index.php?option=com_content&view=article&id=33&Itemid=193&lang=en; https://hospitalslk.blogspot.com/2011/12/anuradhapura-district.html"" class=""web-site""target=""_blank"" style=""text-decoration: none;"">Web Site  🔗</a></div></td></tr>",,,,
747,Divisional Secretariat Nuwara Eliya,Counseling,Government,Free,052-2222238,052-2234393,,Central Province,Nuwara Eliya,Nuwara Eliya,Nuwara Eliya,"Nuwara Eliya-Uda Pussellawa Road, Nuwara Eliya",Counselling Psychosocial support,24/7 hospital services; mental-health clinic schedule confirm locally,Consultant Psychiatry Team,https://www.mentalhealth.health.gov.lk/index.php?option=com_content&view=article&id=51&Itemid=210&lang=en; https://www.healthdept.cp.gov.lk/home/about-us.html?view=article&id=57:regional-director-of-health-services-nuwara-eliya&catid=36,Other Government Institutions,"<tr><td>Divisional Secretariat Nuwara Eliya<div class=""e-mail""></div></td><td>Central Province</td><td>Nuwara Eliya</td><td><a href=""tel:052-2222238"" class=""phone-link"">052-2222238</a><div class=""phone-secondary"">052-2234393</div></td><td>Free<div> <a href=""https://www.mentalhealth.health.gov.lk/index.php?option=com_content&view=article&id=51&Itemid=210&lang=en; https://www.healthdept.cp.gov.lk/home/about-us.html?view=article&id=57:regional-director-of-health-services-nuwara-eliya&catid=36"" class=""web-site""target=""_blank"" style=""text-decoration: none;"">Web Site  🔗</a></div></td></tr>",,,,
748,Divisional Secretariat Nuwaragam Palatha Central,Counseling,Government,Free,025-2221910,,,North Central Province,Anuradhapura,Nuwaragam Palatha Central,Nuwaragam Palatha Central,,Counselling Psychosocial support,,,,Other Government Institutions,"<tr><td>Divisional Secretariat Nuwaragam Palatha Central<div class=""e-mail""></div></td><td>North Central Province</td><td>Anuradhapura</td><td><a href=""tel:025-2221910"" class=""phone-link"">025-2221910</a><div class=""phone-secondary""></div></td><td>Free</td></tr>",,,,
749,Divisional Secretariat Nuwaragam Palatha East,Counseling,Government,Free,025-2222662,,,North Central Province,Anuradhapura,Nuwaragam Palatha East,Nuwaragam Palatha East,,Counselling Psychosocial support,,,,Other Government Institutions,"<tr><td>Divisional Secretariat Nuwaragam Palatha East<div class=""e-mail""></div></td><td>North Central Province</td><td>Anuradhapura</td><td><a href=""tel:025-2222662"" class=""phone-link"">025-2222662</a><div class=""phone-secondary""></div></td><td>Free</td></tr>",,,,
750,Divisional Secretariat Opanayaka,Counseling,Government,Free,045-2270438,,,Sabaragamuwa Province,Ratnapura,Opanayaka,Opanayaka,,Counselling Psychosocial support,,,,Other Government Institutions,"<tr><td>Divisional Secretariat Opanayaka<div class=""e-mail""></div></td><td>Sabaragamuwa Province</td><td>Ratnapura</td><td><a href=""tel:045-2270438"" class=""phone-link"">045-2270438</a><div class=""phone-secondary""></div></td><td>Free</td></tr>",,,,
751,Divisional Secretariat Pachchilaipalli,Counseling,Government,Free,021-2050042,,,Northern Province,Kilinochchi,Pachchilaipalli,Pachchilaipalli,,"Counselling, Psychosocial support",,,,Other Government Institutions,"<tr><td>Divisional Secretariat Pachchilaipalli<div class=""e-mail""></div></td><td>Northern Province</td><td>Kilinochchi</td><td><a href=""tel:021-2050042"" class=""phone-link"">021-2050042</a><div class=""phone-secondary""></div></td><td>Free</td></tr>",,,,
752,Divisional Secretariat Padaviya,Counseling,Government,Free,025-2253202,,,North Central Province,Anuradhapura,Padaviya,Padaviya,,Counselling Psychosocial support,,,,Other Government Institutions,"<tr><td>Divisional Secretariat Padaviya<div class=""e-mail""></div></td><td>North Central Province</td><td>Anuradhapura</td><td><a href=""tel:025-2253202"" class=""phone-link"">025-2253202</a><div class=""phone-secondary""></div></td><td>Free</td></tr>",,,,
753,Divisional Secretariat Padiyathalawa,Counseling,Government,Free,063-2246035,,,Eastern Province,Ampara,Padiyathalawa,Padiyathalawa,,Counselling Psychosocial support,,,,Other Government Institutions,"<tr><td>Divisional Secretariat Padiyathalawa<div class=""e-mail""></div></td><td>Eastern Province</td><td>Ampara</td><td><a href=""tel:063-2246035"" class=""phone-link"">063-2246035</a><div class=""phone-secondary""></div></td><td>Free</td></tr>",,,,
754,Divisional Secretariat Padukka,Counseling,Government,Free,011-2858198,,,Western Province,Colombo,Padukka,Padukka,,Counselling Psychosocial support,,,,Other Government Institutions,"<tr><td>Divisional Secretariat Padukka<div class=""e-mail""></div></td><td>Western Province</td><td>Colombo</td><td><a href=""tel:011-2858198"" class=""phone-link"">011-2858198</a><div class=""phone-secondary""></div></td><td>Free</td></tr>",,,,
755,Divisional Secretariat Palagala,Counseling,Government,Free,025-2250294,,,North Central Province,Anuradhapura,Palagala,Palagala,,Counselling Psychosocial support,,,,Other Government Institutions,"<tr><td>Divisional Secretariat Palagala<div class=""e-mail""></div></td><td>North Central Province</td><td>Anuradhapura</td><td><a href=""tel:025-2250294"" class=""phone-link"">025-2250294</a><div class=""phone-secondary""></div></td><td>Free</td></tr>",,,,
756,Divisional Secretariat Palindanuwara,Counseling + Elder Care,Government,Free,034-2245783,,,Western Province,Kalutara,Palindanuwara,Palindanuwara,,Counselling Psychosocial support,,,,Elders' Homes & Care Services,"<tr><td>Divisional Secretariat Palindanuwara<div class=""e-mail""></div></td><td>Western Province</td><td>Kalutara</td><td><a href=""tel:034-2245783"" class=""phone-link"">034-2245783</a><div class=""phone-secondary""></div></td><td>Free</td></tr>",,,,
757,Divisional Secretariat Pallepola,Counseling,Government,Free,,,,Central Province,Matale,Pallepola,Pallepola,,Counselling,,,,Other Government Institutions,"<tr><td>Divisional Secretariat Pallepola<div class=""e-mail""></div></td><td>Central Province</td><td>Matale</td><td><a href=""tel:"" class=""phone-link""></a><div class=""phone-secondary""></div></td><td>Free</td></tr>",,,,
758,Divisional Secretariat Palugaswewa,Counseling,Government,Free,025-3855371,,,North Central Province,Anuradhapura,Palugaswewa,Palugaswewa,,Counselling Psychosocial support,,,,Other Government Institutions,"<tr><td>Divisional Secretariat Palugaswewa<div class=""e-mail""></div></td><td>North Central Province</td><td>Anuradhapura</td><td><a href=""tel:025-3855371"" class=""phone-link"">025-3855371</a><div class=""phone-secondary""></div></td><td>Free</td></tr>",,,,
759,Divisional Secretariat Panadura,Counseling + Elder Care,Government,Free,038-2232238,,,Western Province,Kalutara,Panadura,Panadura,,Counselling Psychosocial support,,,,Elders' Homes & Care Services,"<tr><td>Divisional Secretariat Panadura<div class=""e-mail""></div></td><td>Western Province</td><td>Kalutara</td><td><a href=""tel:038-2232238"" class=""phone-link"">038-2232238</a><div class=""phone-secondary""></div></td><td>Free</td></tr>",,,,
760,Divisional Secretariat Panduwasnuwara West,Counseling,Government,Free,037-2291506,,,North Western Province,Kurunegala,Panduwasnuwara West,Panduwasnuwara West,,Counselling Psychosocial support,,,,Other Government Institutions,"<tr><td>Divisional Secretariat Panduwasnuwara West<div class=""e-mail""></div></td><td>North Western Province</td><td>Kurunegala</td><td><a href=""tel:037-2291506"" class=""phone-link"">037-2291506</a><div class=""phone-secondary""></div></td><td>Free</td></tr>",,,,
761,Divisional Secretariat Pannala,Counseling,Government,Free,037-2246274,,,North Western Province,Kurunegala,Pannala,Pannala,,Counselling Psychosocial support,,,,Other Government Institutions,"<tr><td>Divisional Secretariat Pannala<div class=""e-mail""></div></td><td>North Western Province</td><td>Kurunegala</td><td><a href=""tel:037-2246274"" class=""phone-link"">037-2246274</a><div class=""phone-secondary""></div></td><td>Free</td></tr>",,,,
762,Divisional Secretariat Panwila,Counseling,Government,Free,081-2472266,,,Central Province,Kandy,Panwila,Panwila,,Counselling Psychosocial support,,,,Other Government Institutions,"<tr><td>Divisional Secretariat Panwila<div class=""e-mail""></div></td><td>Central Province</td><td>Kandy</td><td><a href=""tel:081-2472266"" class=""phone-link"">081-2472266</a><div class=""phone-secondary""></div></td><td>Free</td></tr>",,,,
763,Divisional Secretariat Pasgoda,Counseling,Government,Free,041-2291236,,,Southern Province,Matara,Pasgoda,Pasgoda,,Counselling Psychosocial support Coordination services,,,,Other Government Institutions,"<tr><td>Divisional Secretariat Pasgoda<div class=""e-mail""></div></td><td>Southern Province</td><td>Matara</td><td><a href=""tel:041-2291236"" class=""phone-link"">041-2291236</a><div class=""phone-secondary""></div></td><td>Free</td></tr>",,,,
764,Divisional Secretariat Pelmadulla,Counseling,Government,Free,045-2274338,,,Sabaragamuwa Province,Ratnapura,Pelmadulla,Pelmadulla,,Counselling Psychosocial support,,,,Other Government Institutions,"<tr><td>Divisional Secretariat Pelmadulla<div class=""e-mail""></div></td><td>Sabaragamuwa Province</td><td>Ratnapura</td><td><a href=""tel:045-2274338"" class=""phone-link"">045-2274338</a><div class=""phone-secondary""></div></td><td>Free</td></tr>",,,,
765,Divisional Secretariat Pitabeddara,Counseling,Government,Free,041-2281236,,,Southern Province,Matara,Pitabeddara,Pitabeddara,,Counselling Psychosocial support Coordination services,,,,Other Government Institutions,"<tr><td>Divisional Secretariat Pitabeddara<div class=""e-mail""></div></td><td>Southern Province</td><td>Matara</td><td><a href=""tel:041-2281236"" class=""phone-link"">041-2281236</a><div class=""phone-secondary""></div></td><td>Free</td></tr>",,,,
766,Divisional Secretariat Point Pedro,Counseling,Government,Free,021-2263259,,planningunitbasehospital@gmail.com,Northern Province,Jaffna,Point Pedro,Point Pedro,"Base Hospital, Point Pedro",Counselling Psychosocial support,Call ahead to confirm current clinic/consultant hours,,,Other Government Institutions,"<tr><td>Divisional Secretariat Point Pedro<div class=""e-mail"">planningunitbasehospital@gmail.com</div></td><td>Northern Province</td><td>Jaffna</td><td><a href=""tel:021-2263259"" class=""phone-link"">021-2263259</a><div class=""phone-secondary""></div></td><td>Free</td></tr>",,,,
767,Divisional Secretariat Polgahawela,Counseling,Government,Free,037-2243239,,,North Western Province,Kurunegala,Polgahawela,Polgahawela,,Counselling Psychosocial support,,,,Other Government Institutions,"<tr><td>Divisional Secretariat Polgahawela<div class=""e-mail""></div></td><td>North Western Province</td><td>Kurunegala</td><td><a href=""tel:037-2243239"" class=""phone-link"">037-2243239</a><div class=""phone-secondary""></div></td><td>Free</td></tr>",,,,
768,Divisional Secretariat Polpithigama,Counseling,Government,Free,037-2273128,,,North Western Province,Kurunegala,Polpithigama,Polpithigama,,Counselling Psychosocial support,,,,Other Government Institutions,"<tr><td>Divisional Secretariat Polpithigama<div class=""e-mail""></div></td><td>North Western Province</td><td>Kurunegala</td><td><a href=""tel:037-2273128"" class=""phone-link"">037-2273128</a><div class=""phone-secondary""></div></td><td>Free</td></tr>",,,,
769,Divisional Secretariat Poojapitiya,Counseling,Government,Free,081-2300502,,,Central Province,Kandy,Poojapitiya,Poojapitiya,,Counselling Psychosocial support,,,,Other Government Institutions,"<tr><td>Divisional Secretariat Poojapitiya<div class=""e-mail""></div></td><td>Central Province</td><td>Kandy</td><td><a href=""tel:081-2300502"" class=""phone-link"">081-2300502</a><div class=""phone-secondary""></div></td><td>Free</td></tr>",,,,
770,Divisional Secretariat Poonakary,Counseling,Government,Free,021-2060805,,,Northern Province,Kilinochchi,Poonakary,Poonakary,"Poonakary, Kilinochchi District",Counselling Psychosocial support,Call ahead to confirm current clinic/consultant hours,,https://www.mentalhealth.health.gov.lk/index.php?option=com_content&view=article&id=44&Itemid=203&lang=en,Other Government Institutions,"<tr><td>Divisional Secretariat Poonakary<div class=""e-mail""></div></td><td>Northern Province</td><td>Kilinochchi</td><td><a href=""tel:021-2060805"" class=""phone-link"">021-2060805</a><div class=""phone-secondary""></div></td><td>Free<div> <a href=""https://www.mentalhealth.health.gov.lk/index.php?option=com_content&view=article&id=44&Itemid=203&lang=en"" class=""web-site""target=""_blank"" style=""text-decoration: none;"">Web Site  🔗</a></div></td></tr>",,,,
771,Divisional Secretariat Poratheevu Pattru,Counseling,Government,Free,065-2056110,,,Eastern Province,Batticaloa,Poratheevu Pattru,Poratheevu Pattru,,Counselling Psychosocial support,,,,Other Government Institutions,"<tr><td>Divisional Secretariat Poratheevu Pattru<div class=""e-mail""></div></td><td>Eastern Province</td><td>Batticaloa</td><td><a href=""tel:065-2056110"" class=""phone-link"">065-2056110</a><div class=""phone-secondary""></div></td><td>Free</td></tr>",,,,
772,Divisional Secretariat Pottuvil,Counseling,Government,Free,063-2248007,063-2248296,,Eastern Province,Ampara,Pottuvil,Pottuvil,,Counselling Psychosocial support,,,,Other Government Institutions,"<tr><td>Divisional Secretariat Pottuvil<div class=""e-mail""></div></td><td>Eastern Province</td><td>Ampara</td><td><a href=""tel:063-2248007"" class=""phone-link"">063-2248007</a><div class=""phone-secondary"">063-2248296</div></td><td>Free</td></tr>",,,,
773,Divisional Secretariat Rajanganaya,Counseling,Government,Free,025-2275342,,,North Central Province,Anuradhapura,Rajanganaya,Rajanganaya,,Counselling Psychosocial support,,,,Other Government Institutions,"<tr><td>Divisional Secretariat Rajanganaya<div class=""e-mail""></div></td><td>North Central Province</td><td>Anuradhapura</td><td><a href=""tel:025-2275342"" class=""phone-link"">025-2275342</a><div class=""phone-secondary""></div></td><td>Free</td></tr>",,,,
774,Divisional Secretariat Rambewa,Counseling,Government,Free,025-2266539,,,North Central Province,Anuradhapura,Rambewa,Rambewa,"Rambewa, Anuradhapura District",Counselling Psychosocial support,Call ahead to confirm current clinic/consultant hours,,http://www.mentalhealth.health.gov.lk/index.php?option=com_content&view=article&id=33&Itemid=193&lang=en; https://hospitalslk.blogspot.com/2011/12/anuradhapura-district.html,Other Government Institutions,"<tr><td>Divisional Secretariat Rambewa<div class=""e-mail""></div></td><td>North Central Province</td><td>Anuradhapura</td><td><a href=""tel:025-2266539"" class=""phone-link"">025-2266539</a><div class=""phone-secondary""></div></td><td>Free<div> <a href=""http://www.mentalhealth.health.gov.lk/index.php?option=com_content&view=article&id=33&Itemid=193&lang=en; https://hospitalslk.blogspot.com/2011/12/anuradhapura-district.html"" class=""web-site""target=""_blank"" style=""text-decoration: none;"">Web Site  🔗</a></div></td></tr>",,,,
775,Divisional Secretariat Rambukkana,Counseling,Government,Free,035-2265238,,,Sabaragamuwa Province,Kegalle,Rambukkana,Rambukkana,"Rambukkana, Kegalle District",Counselling Psychosocial support,Call ahead to confirm current clinic/consultant hours,,https://www.mentalhealth.health.gov.lk/index.php?option=com_content&view=article&id=43:kegalle-district&catid=18&Itemid=202&lang=en; http://www.kegalle.dist.gov.lk/index.php/en/aboutus/15-government-service-centers/18-hospitals.html,Other Government Institutions,"<tr><td>Divisional Secretariat Rambukkana<div class=""e-mail""></div></td><td>Sabaragamuwa Province</td><td>Kegalle</td><td><a href=""tel:035-2265238"" class=""phone-link"">035-2265238</a><div class=""phone-secondary""></div></td><td>Free<div> <a href=""https://www.mentalhealth.health.gov.lk/index.php?option=com_content&view=article&id=43:kegalle-district&catid=18&Itemid=202&lang=en; http://www.kegalle.dist.gov.lk/index.php/en/aboutus/15-government-service-centers/18-hospitals.html"" class=""web-site""target=""_blank"" style=""text-decoration: none;"">Web Site  🔗</a></div></td></tr>",,,,
776,Divisional Secretariat Rasnayakapura,Counseling,Government,Free,037-4936628,,,North Western Province,Kurunegala,Rasnayakapura,Rasnayakapura,,Counselling Psychosocial support,,,,Other Government Institutions,"<tr><td>Divisional Secretariat Rasnayakapura<div class=""e-mail""></div></td><td>North Western Province</td><td>Kurunegala</td><td><a href=""tel:037-4936628"" class=""phone-link"">037-4936628</a><div class=""phone-secondary""></div></td><td>Free</td></tr>",,,,
777,Divisional Secretariat Rathgama,Counseling,Government,Free,091-2267741,,,Southern Province,Galle,Rathgama,Rathgama,,Counselling Psychosocial support,,,,Other Government Institutions,"<tr><td>Divisional Secretariat Rathgama<div class=""e-mail""></div></td><td>Southern Province</td><td>Galle</td><td><a href=""tel:091-2267741"" class=""phone-link"">091-2267741</a><div class=""phone-secondary""></div></td><td>Free</td></tr>",,,,
778,Divisional Secretariat Ratmalana,Counseling,Government,Free,011-2736424,,,Western Province,Colombo,Ratmalana,Ratmalana,,Counselling Psychosocial support,,,,Other Government Institutions,"<tr><td>Divisional Secretariat Ratmalana<div class=""e-mail""></div></td><td>Western Province</td><td>Colombo</td><td><a href=""tel:011-2736424"" class=""phone-link"">011-2736424</a><div class=""phone-secondary""></div></td><td>Free</td></tr>",,,,
779,Divisional Secretariat Ratnapura,Counseling,Government,Free,045-2223086,045-2223201; 045-2223202,alokahospital@gmail.com,Sabaragamuwa Province,Ratnapura,Ratnapura,Ratnapura,"No. 64, Goods Shed Road, Ratnapura",Counselling Psychosocial support,Call to confirm current counseling/psychiatry availability,Medical counseling / visiting specialists,,Other Government Institutions,"<tr><td>Divisional Secretariat Ratnapura<div class=""e-mail"">alokahospital@gmail.com</div></td><td>Sabaragamuwa Province</td><td>Ratnapura</td><td><a href=""tel:045-2223086"" class=""phone-link"">045-2223086</a><div class=""phone-secondary"">045-2223201; 045-2223202</div></td><td>Free</td></tr>",,,,
780,Divisional Secretariat Rattota,Counseling,Government,Free,066-2220790,,,Central Province,Matale,Rattota,Rattota,"Rattota, Matale District",Counselling,Call ahead to confirm current clinic/consultant hours,,https://www.mentalhealth.health.gov.lk/index.php?option=com_content&view=article&id=47&Itemid=206&lang=en,Other Government Institutions,"<tr><td>Divisional Secretariat Rattota<div class=""e-mail""></div></td><td>Central Province</td><td>Matale</td><td><a href=""tel:066-2220790"" class=""phone-link"">066-2220790</a><div class=""phone-secondary""></div></td><td>Free<div> <a href=""https://www.mentalhealth.health.gov.lk/index.php?option=com_content&view=article&id=47&Itemid=206&lang=en"" class=""web-site""target=""_blank"" style=""text-decoration: none;"">Web Site  🔗</a></div></td></tr>",,,,
781,Divisional Secretariat Rideegama,Counseling,Government,Free,037-2248039,,,North Western Province,Kurunegala,Rideegama,Rideegama,,Counselling Psychosocial support,,,,Other Government Institutions,"<tr><td>Divisional Secretariat Rideegama<div class=""e-mail""></div></td><td>North Western Province</td><td>Kurunegala</td><td><a href=""tel:037-2248039"" class=""phone-link"">037-2248039</a><div class=""phone-secondary""></div></td><td>Free</td></tr>",,,,
782,Divisional Secretariat Ruwanwella,Counseling,Government,Free,036-2266238,,,Sabaragamuwa Province,Kegalle,Ruwanwella,Ruwanwella,,Counselling Psychosocial support,,,,Other Government Institutions,"<tr><td>Divisional Secretariat Ruwanwella<div class=""e-mail""></div></td><td>Sabaragamuwa Province</td><td>Kegalle</td><td><a href=""tel:036-2266238"" class=""phone-link"">036-2266238</a><div class=""phone-secondary""></div></td><td>Free</td></tr>",,,,
783,Divisional Secretariat Sainthamaruthu,Counseling,Government,Free,067-2221890,,,Eastern Province,Ampara,Sainthamaruthu,Sainthamaruthu,,Counselling Psychosocial support,,,,Other Government Institutions,"<tr><td>Divisional Secretariat Sainthamaruthu<div class=""e-mail""></div></td><td>Eastern Province</td><td>Ampara</td><td><a href=""tel:067-2221890"" class=""phone-link"">067-2221890</a><div class=""phone-secondary""></div></td><td>Free</td></tr>",,,,
784,Divisional Secretariat Sammanthurai,Counseling,Government,Free,067-2260236,,,Eastern Province,Ampara,Sammanthurai,Sammanthurai,,Counselling Psychosocial support,,,,Other Government Institutions,"<tr><td>Divisional Secretariat Sammanthurai<div class=""e-mail""></div></td><td>Eastern Province</td><td>Ampara</td><td><a href=""tel:067-2260236"" class=""phone-link"">067-2260236</a><div class=""phone-secondary""></div></td><td>Free</td></tr>",,,,
785,Divisional Secretariat Sandilipay,Counseling,Government,Free,021-2255552,,,Northern Province,Jaffna,Sandilipay,Sandilipay,,Counselling Psychosocial support,,,,Other Government Institutions,"<tr><td>Divisional Secretariat Sandilipay<div class=""e-mail""></div></td><td>Northern Province</td><td>Jaffna</td><td><a href=""tel:021-2255552"" class=""phone-link"">021-2255552</a><div class=""phone-secondary""></div></td><td>Free</td></tr>",,,,
786,Divisional Secretariat Seethawaka,Counseling,Government,Free,011-2255043,,,Western Province,Colombo,Seethawaka,Seethawaka,,Counselling Psychosocial support,,,,Other Government Institutions,"<tr><td>Divisional Secretariat Seethawaka<div class=""e-mail""></div></td><td>Western Province</td><td>Colombo</td><td><a href=""tel:011-2255043"" class=""phone-link"">011-2255043</a><div class=""phone-secondary""></div></td><td>Free</td></tr>",,,,
787,Divisional Secretariat Sevanagala,Counseling,Government,Free,047-2280067,,,Uva Province,Monaragala,Sevanagala,Sevanagala,,Counselling Psychosocial support,,,,Other Government Institutions,"<tr><td>Divisional Secretariat Sevanagala<div class=""e-mail""></div></td><td>Uva Province</td><td>Monaragala</td><td><a href=""tel:047-2280067"" class=""phone-link"">047-2280067</a><div class=""phone-secondary""></div></td><td>Free</td></tr>",,,,
788,Divisional Secretariat Siyambalanduwa,Counseling,Government,Free,055-2279038,,,Uva Province,Monaragala,Siyambalanduwa,Siyambalanduwa,"Siyambalanduwa, Monaragala District",Counselling Psychosocial support,Call ahead to confirm current clinic/consultant hours,,,Other Government Institutions,"<tr><td>Divisional Secretariat Siyambalanduwa<div class=""e-mail""></div></td><td>Uva Province</td><td>Monaragala</td><td><a href=""tel:055-2279038"" class=""phone-link"">055-2279038</a><div class=""phone-secondary""></div></td><td>Free</td></tr>",,,,
789,Divisional Secretariat Sri Jayawardenepura,Counseling,Government,Free,011-2863057,,,Western Province,Colombo,"Sri Jayawardenepura, Kotte","Sri Jayawardenepura, Kotte",,Counselling Psychosocial support,,,,Other Government Institutions,"<tr><td>Divisional Secretariat Sri Jayawardenepura<div class=""e-mail""></div></td><td>Western Province</td><td>Colombo</td><td><a href=""tel:011-2863057"" class=""phone-link"">011-2863057</a><div class=""phone-secondary""></div></td><td>Free</td></tr>",,,,
790,Divisional Secretariat Suriyawewa,Counseling,Government,Free,047-2289038,,,Southern Province,Hambantota,Suriyawewa,Suriyawewa,,Counselling Psychosocial support,,,,Other Government Institutions,"<tr><td>Divisional Secretariat Suriyawewa<div class=""e-mail""></div></td><td>Southern Province</td><td>Hambantota</td><td><a href=""tel:047-2289038"" class=""phone-link"">047-2289038</a><div class=""phone-secondary""></div></td><td>Free</td></tr>",,,,
791,Divisional Secretariat Tangalle,Counseling,Government,Free,047-2240238,,,Southern Province,Hambantota,Galle,Tangalle,,Counselling Psychosocial support,,,,Other Government Institutions,"<tr><td>Divisional Secretariat Tangalle<div class=""e-mail""></div></td><td>Southern Province</td><td>Hambantota</td><td><a href=""tel:047-2240238"" class=""phone-link"">047-2240238</a><div class=""phone-secondary""></div></td><td>Free</td></tr>",,,,
792,Divisional Secretariat Tellipalai,Counseling,Government,Free,021-2241726,,b.t.tellipalai@gmail.com,Northern Province,Jaffna,Tellipalai,Tellipalai,"Base Hospital, Tellipalai",Counselling Psychosocial support,Call to confirm clinic/inpatient access,Mental Health Team,,Other Government Institutions,"<tr><td>Divisional Secretariat Tellipalai<div class=""e-mail"">b.t.tellipalai@gmail.com</div></td><td>Northern Province</td><td>Jaffna</td><td><a href=""tel:021-2241726"" class=""phone-link"">021-2241726</a><div class=""phone-secondary""></div></td><td>Free</td></tr>",,,,
793,Divisional Secretariat Thalawa,Counseling,Government,Free,025-3892120,,,North Central Province,Anuradhapura,Thalawa,Thalawa,"Thalawa, Anuradhapura District",Counselling Psychosocial support,Call ahead to confirm current clinic/consultant hours,,http://www.mentalhealth.health.gov.lk/index.php?option=com_content&view=article&id=33&Itemid=193&lang=en; https://hospitalslk.blogspot.com/2011/12/anuradhapura-district.html,Other Government Institutions,"<tr><td>Divisional Secretariat Thalawa<div class=""e-mail""></div></td><td>North Central Province</td><td>Anuradhapura</td><td><a href=""tel:025-3892120"" class=""phone-link"">025-3892120</a><div class=""phone-secondary""></div></td><td>Free<div> <a href=""http://www.mentalhealth.health.gov.lk/index.php?option=com_content&view=article&id=33&Itemid=193&lang=en; https://hospitalslk.blogspot.com/2011/12/anuradhapura-district.html"" class=""web-site""target=""_blank"" style=""text-decoration: none;"">Web Site  🔗</a></div></td></tr>",,,,
794,Divisional Secretariat Thamankaduwa,Counseling,Government,Free,027-2222236,,,North Central Province,Polonnaruwa,Thamankaduwa,Thamankaduwa,,Counselling Psychosocial support,,,,Other Government Institutions,"<tr><td>Divisional Secretariat Thamankaduwa<div class=""e-mail""></div></td><td>North Central Province</td><td>Polonnaruwa</td><td><a href=""tel:027-2222236"" class=""phone-link"">027-2222236</a><div class=""phone-secondary""></div></td><td>Free</td></tr>",,,,
795,Divisional Secretariat Thambuththegama,Counseling,Government,Free,025-2276236,,,North Central Province,Anuradhapura,Thambuththegama,Thambuththegama,"Thambuththegama, Anuradhapura District",Counselling Psychosocial support,Call ahead to confirm current clinic/consultant hours,,http://www.mentalhealth.health.gov.lk/index.php?option=com_content&view=article&id=33&Itemid=193&lang=en; https://hospitalslk.blogspot.com/2011/12/anuradhapura-district.html,Other Government Institutions,"<tr><td>Divisional Secretariat Thambuththegama<div class=""e-mail""></div></td><td>North Central Province</td><td>Anuradhapura</td><td><a href=""tel:025-2276236"" class=""phone-link"">025-2276236</a><div class=""phone-secondary""></div></td><td>Free<div> <a href=""http://www.mentalhealth.health.gov.lk/index.php?option=com_content&view=article&id=33&Itemid=193&lang=en; https://hospitalslk.blogspot.com/2011/12/anuradhapura-district.html"" class=""web-site""target=""_blank"" style=""text-decoration: none;"">Web Site  🔗</a></div></td></tr>",,,,
796,Divisional Secretariat Thanamalwila,Counseling,Government,Free,047-2234038,,,Uva Province,Monaragala,Thanamalwila,Thanamalwila,"Thanamalwila, Monaragala District",Counselling Psychosocial support,Call ahead to confirm current clinic/consultant hours,,,Other Government Institutions,"<tr><td>Divisional Secretariat Thanamalwila<div class=""e-mail""></div></td><td>Uva Province</td><td>Monaragala</td><td><a href=""tel:047-2234038"" class=""phone-link"">047-2234038</a><div class=""phone-secondary""></div></td><td>Free</td></tr>",,,,
797,Divisional Secretariat Thawalama,Counseling,Government,Free,091-3783790,,,Southern Province,Galle,Thawalama,Thawalama,,Counselling Psychosocial support,,,,Other Government Institutions,"<tr><td>Divisional Secretariat Thawalama<div class=""e-mail""></div></td><td>Southern Province</td><td>Galle</td><td><a href=""tel:091-3783790"" class=""phone-link"">091-3783790</a><div class=""phone-secondary""></div></td><td>Free</td></tr>",,,,
798,Divisional Secretariat Thihagoda,Counseling,Government,Free,041-2245237,,,Southern Province,Matara,Thihagoda,Thihagoda,,Counselling Psychosocial support Coordination services,,,,Other Government Institutions,"<tr><td>Divisional Secretariat Thihagoda<div class=""e-mail""></div></td><td>Southern Province</td><td>Matara</td><td><a href=""tel:041-2245237"" class=""phone-link"">041-2245237</a><div class=""phone-secondary""></div></td><td>Free</td></tr>",,,,
799,Divisional Secretariat Thimbirigasyaya,Counseling,Government,Free,011-2501158,,,Western Province,Colombo,Thimbirigasyaya,Thimbirigasyaya,,Counselling Psychosocial support,,,,Other Government Institutions,"<tr><td>Divisional Secretariat Thimbirigasyaya<div class=""e-mail""></div></td><td>Western Province</td><td>Colombo</td><td><a href=""tel:011-2501158"" class=""phone-link"">011-2501158</a><div class=""phone-secondary""></div></td><td>Free</td></tr>",,,,
800,Divisional Secretariat Thirappane,Counseling,Government,Free,025-3851794,,,North Central Province,Anuradhapura,Thirappane,Thirappane,,Counselling Psychosocial support,,,,Other Government Institutions,"<tr><td>Divisional Secretariat Thirappane<div class=""e-mail""></div></td><td>North Central Province</td><td>Anuradhapura</td><td><a href=""tel:025-3851794"" class=""phone-link"">025-3851794</a><div class=""phone-secondary""></div></td><td>Free</td></tr>",,,,
801,Divisional Secretariat Thirukkovil,Counseling,Government,Free,067-2265056,,,Eastern Province,Ampara,Thirukkovil,Thirukkovil,,Counselling Psychosocial support,,,,Other Government Institutions,"<tr><td>Divisional Secretariat Thirukkovil<div class=""e-mail""></div></td><td>Eastern Province</td><td>Ampara</td><td><a href=""tel:067-2265056"" class=""phone-link"">067-2265056</a><div class=""phone-secondary""></div></td><td>Free</td></tr>",,,,
802,Divisional Secretariat Tissamaharama,Counseling,Government,Free,047-2237148,,,Southern Province,Hambantota,Tissamaharama,Tissamaharama,"Tissamaharama, Hambantota District",Counselling Psychosocial support,Call ahead to confirm current clinic/consultant hours,,,Other Government Institutions,"<tr><td>Divisional Secretariat Tissamaharama<div class=""e-mail""></div></td><td>Southern Province</td><td>Hambantota</td><td><a href=""tel:047-2237148"" class=""phone-link"">047-2237148</a><div class=""phone-secondary""></div></td><td>Free</td></tr>",,,,
803,Divisional Secretariat Udapalatha,Counseling,Government,Free,081-2352585,,,Central Province,Kandy,Udapalatha,Udapalatha,,Counselling Psychosocial support,,,,Other Government Institutions,"<tr><td>Divisional Secretariat Udapalatha<div class=""e-mail""></div></td><td>Central Province</td><td>Kandy</td><td><a href=""tel:081-2352585"" class=""phone-link"">081-2352585</a><div class=""phone-secondary""></div></td><td>Free</td></tr>",,,,
804,Divisional Secretariat Udubaddawa,Counseling,Government,Free,037-2286538,,,North Western Province,Kurunegala,Udubaddawa,Udubaddawa,,Counselling Psychosocial support,,,,Other Government Institutions,"<tr><td>Divisional Secretariat Udubaddawa<div class=""e-mail""></div></td><td>North Western Province</td><td>Kurunegala</td><td><a href=""tel:037-2286538"" class=""phone-link"">037-2286538</a><div class=""phone-secondary""></div></td><td>Free</td></tr>",,,,
805,Divisional Secretariat Ududumbara,Counseling,Government,Free,081-3809056,,,Central Province,Kandy,Ududumbara,Ududumbara,,Counselling Psychosocial support,,,,Other Government Institutions,"<tr><td>Divisional Secretariat Ududumbara<div class=""e-mail""></div></td><td>Central Province</td><td>Kandy</td><td><a href=""tel:081-3809056"" class=""phone-link"">081-3809056</a><div class=""phone-secondary""></div></td><td>Free</td></tr>",,,,
806,Divisional Secretariat Uduvil,Counseling,Government,Free,021-2240253,,,Northern Province,Jaffna,Uduvil,Uduvil,,Counselling Psychosocial support,,,,Other Government Institutions,"<tr><td>Divisional Secretariat Uduvil<div class=""e-mail""></div></td><td>Northern Province</td><td>Jaffna</td><td><a href=""tel:021-2240253"" class=""phone-link"">021-2240253</a><div class=""phone-secondary""></div></td><td>Free</td></tr>",,,,
807,Divisional Secretariat Uhana,Counseling,Government,Free,063-2250426,,,Eastern Province,Ampara,Uhana,Uhana,,Counselling Psychosocial support,,,,Other Government Institutions,"<tr><td>Divisional Secretariat Uhana<div class=""e-mail""></div></td><td>Eastern Province</td><td>Ampara</td><td><a href=""tel:063-2250426"" class=""phone-link"">063-2250426</a><div class=""phone-secondary""></div></td><td>Free</td></tr>",,,,
808,Divisional Secretariat Ukuwela,Counseling,Government,Free,066-2244207,,,Central Province,Matale,Ukuwela,Ukuwela,,Counselling,,,,Other Government Institutions,"<tr><td>Divisional Secretariat Ukuwela<div class=""e-mail""></div></td><td>Central Province</td><td>Matale</td><td><a href=""tel:066-2244207"" class=""phone-link"">066-2244207</a><div class=""phone-secondary""></div></td><td>Free</td></tr>",,,,
809,Divisional Secretariat Vavunatheevu,Counseling,Government,Free,065-2059366,,,Eastern Province,Batticaloa,Vavunatheevu,Vavunatheevu,,Counselling Psychosocial support,,,,Other Government Institutions,"<tr><td>Divisional Secretariat Vavunatheevu<div class=""e-mail""></div></td><td>Eastern Province</td><td>Batticaloa</td><td><a href=""tel:065-2059366"" class=""phone-link"">065-2059366</a><div class=""phone-secondary""></div></td><td>Free</td></tr>",,,,
810,Divisional Secretariat Vavuniya,Counseling,Government,Free,024-2222371,,stdclinic.vavuniya@gmail.com,Northern Province,Vavuniya,Vavuniya,Vavuniya,"Vavuniya, Vavuniya District",Counselling Psychosocial support,Call ahead to confirm current clinic/consultant hours,,,Other Government Institutions,"<tr><td>Divisional Secretariat Vavuniya<div class=""e-mail"">stdclinic.vavuniya@gmail.com</div></td><td>Northern Province</td><td>Vavuniya</td><td><a href=""tel:024-2222371"" class=""phone-link"">024-2222371</a><div class=""phone-secondary""></div></td><td>Free</td></tr>",,,,
811,Divisional Secretariat Vavuniya North,Counseling,Government,Free,024-2224575,,stdclinic.vavuniya@gmail.com,Northern Province,Vavuniya,Vavuniya,Vavuniya North,Nedunkeny,Counselling Psychosocial support,Call ahead to confirm current clinic/consultant hours,,,Other Government Institutions,"<tr><td>Divisional Secretariat Vavuniya North<div class=""e-mail"">stdclinic.vavuniya@gmail.com</div></td><td>Northern Province</td><td>Vavuniya</td><td><a href=""tel:024-2224575"" class=""phone-link"">024-2224575</a><div class=""phone-secondary""></div></td><td>Free</td></tr>",,,,
812,Divisional Secretariat Vavuniya South,Counseling,Government,Free,024-2222165,,stdclinic.vavuniya@gmail.com,Northern Province,Vavuniya,Vavuniya,Vavuniya South,"Vavuniya, Vavuniya District",Counselling Psychosocial support,Call ahead to confirm current clinic/consultant hours,,,Other Government Institutions,"<tr><td>Divisional Secretariat Vavuniya South<div class=""e-mail"">stdclinic.vavuniya@gmail.com</div></td><td>Northern Province</td><td>Vavuniya</td><td><a href=""tel:024-2222165"" class=""phone-link"">024-2222165</a><div class=""phone-secondary""></div></td><td>Free</td></tr>",,,,
813,Divisional Secretariat Velanai,Counseling,Government,Free,021-3734502,,,Northern Province,Jaffna,Velanai,Velanai,"Divisional Hospital, Velanai",Counselling Psychosocial support,Call ahead to confirm current clinic/consultant hours,,,Other Government Institutions,"<tr><td>Divisional Secretariat Velanai<div class=""e-mail""></div></td><td>Northern Province</td><td>Jaffna</td><td><a href=""tel:021-3734502"" class=""phone-link"">021-3734502</a><div class=""phone-secondary""></div></td><td>Free</td></tr>",,,,
814,Divisional Secretariat Vengalacheddikulam,Counseling,Government,Free,,,,Northern Province,Vavuniya,Vengalacheddikulam,Vengalacheddikulam,Cheddikulam Vavuniya,Counselling Psychosocial support,,,,Other Government Institutions,"<tr><td>Divisional Secretariat Vengalacheddikulam<div class=""e-mail""></div></td><td>Northern Province</td><td>Vavuniya</td><td><a href=""tel:"" class=""phone-link""></a><div class=""phone-secondary""></div></td><td>Free</td></tr>",,,,
815,Divisional Secretariat Walallawita,Counseling + Elder Care,Government,Free,034-2284106,,,Western Province,Kalutara,Walallawita,Walallawita,,Counselling Psychosocial support,,,,Elders' Homes & Care Services,"<tr><td>Divisional Secretariat Walallawita<div class=""e-mail""></div></td><td>Western Province</td><td>Kalutara</td><td><a href=""tel:034-2284106"" class=""phone-link"">034-2284106</a><div class=""phone-secondary""></div></td><td>Free</td></tr>",,,,
816,Divisional Secretariat Walapane,Counseling,Government,Free,052-2278000,,,Central Province,Nuwara Eliya,Walapane,Walapane,"Walapane, Nuwara Eliya District",Counselling Psychosocial support,Call ahead to confirm current clinic/consultant hours,,https://www.mentalhealth.health.gov.lk/index.php?option=com_content&view=article&id=51&Itemid=210&lang=en,Other Government Institutions,"<tr><td>Divisional Secretariat Walapane<div class=""e-mail""></div></td><td>Central Province</td><td>Nuwara Eliya</td><td><a href=""tel:052-2278000"" class=""phone-link"">052-2278000</a><div class=""phone-secondary""></div></td><td>Free<div> <a href=""https://www.mentalhealth.health.gov.lk/index.php?option=com_content&view=article&id=51&Itemid=210&lang=en"" class=""web-site""target=""_blank"" style=""text-decoration: none;"">Web Site  🔗</a></div></td></tr>",,,,
817,Divisional Secretariat Walasmulla,Counseling,Government,Free,047-2254238,,,Southern Province,Hambantota,Walasmulla,Walasmulla,"Walasmulla, Hambantota District",Counselling Psychosocial support,Call ahead to confirm current clinic/consultant hours,,,Other Government Institutions,"<tr><td>Divisional Secretariat Walasmulla<div class=""e-mail""></div></td><td>Southern Province</td><td>Hambantota</td><td><a href=""tel:047-2254238"" class=""phone-link"">047-2254238</a><div class=""phone-secondary""></div></td><td>Free</td></tr>",,,,
818,Divisional Secretariat Warakapola,Counseling,Government,Free,035-2267238,,,Sabaragamuwa Province,Kegalle,Warakapola,Warakapola,"Warakapola, Kegalle District",Counselling Psychosocial support,Call ahead to confirm current clinic/consultant hours,,https://www.mentalhealth.health.gov.lk/index.php?option=com_content&view=article&id=43:kegalle-district&catid=18&Itemid=202&lang=en; http://www.kegalle.dist.gov.lk/index.php/en/aboutus/15-government-service-centers/18-hospitals.html,Other Government Institutions,"<tr><td>Divisional Secretariat Warakapola<div class=""e-mail""></div></td><td>Sabaragamuwa Province</td><td>Kegalle</td><td><a href=""tel:035-2267238"" class=""phone-link"">035-2267238</a><div class=""phone-secondary""></div></td><td>Free<div> <a href=""https://www.mentalhealth.health.gov.lk/index.php?option=com_content&view=article&id=43:kegalle-district&catid=18&Itemid=202&lang=en; http://www.kegalle.dist.gov.lk/index.php/en/aboutus/15-government-service-centers/18-hospitals.html"" class=""web-site""target=""_blank"" style=""text-decoration: none;"">Web Site  🔗</a></div></td></tr>",,,,
819,Divisional Secretariat Wariyapola,Counseling,Government,Free,037-2267409,,,North Western Province,Kurunegala,Wariyapola,Wariyapola,,Counselling Psychosocial support,,,,Other Government Institutions,"<tr><td>Divisional Secretariat Wariyapola<div class=""e-mail""></div></td><td>North Western Province</td><td>Kurunegala</td><td><a href=""tel:037-2267409"" class=""phone-link"">037-2267409</a><div class=""phone-secondary""></div></td><td>Free</td></tr>",,,,
820,Divisional Secretariat Waththegama,Counseling,Government,Free,081-2476236,,,Central Province,Kandy,Waththegama,Waththegama,,Counselling Psychosocial support,,,,Other Government Institutions,"<tr><td>Divisional Secretariat Waththegama<div class=""e-mail""></div></td><td>Central Province</td><td>Kandy</td><td><a href=""tel:081-2476236"" class=""phone-link"">081-2476236</a><div class=""phone-secondary""></div></td><td>Free</td></tr>",,,,
821,Divisional Secretariat Wattala,Counseling + Elder Care,Government,Free,011-2931193,,,Western Province,Gampaha,Wattala,Wattala,,Counselling Psychosocial support,,,,Elders' Homes & Care Services,"<tr><td>Divisional Secretariat Wattala<div class=""e-mail""></div></td><td>Western Province</td><td>Gampaha</td><td><a href=""tel:011-2931193"" class=""phone-link"">011-2931193</a><div class=""phone-secondary""></div></td><td>Free</td></tr>",,,,
822,Divisional Secretariat Weeraketiya,Counseling,Government,Free,047-2246238,,,Southern Province,Hambantota,Weeraketiya,Weeraketiya,"Weeraketiya, Hambantota District",Counselling Psychosocial support,Call ahead to confirm current clinic/consultant hours,,,Other Government Institutions,"<tr><td>Divisional Secretariat Weeraketiya<div class=""e-mail""></div></td><td>Southern Province</td><td>Hambantota</td><td><a href=""tel:047-2246238"" class=""phone-link"">047-2246238</a><div class=""phone-secondary""></div></td><td>Free</td></tr>",,,,
823,Divisional Secretariat Weerambugedara,Counseling,Government,Free,037-2248039,,,North Western Province,Kurunegala,Weerambugedara,Weerambugedara,,Counselling Psychosocial support,,,,Other Government Institutions,"<tr><td>Divisional Secretariat Weerambugedara<div class=""e-mail""></div></td><td>North Western Province</td><td>Kurunegala</td><td><a href=""tel:037-2248039"" class=""phone-link"">037-2248039</a><div class=""phone-secondary""></div></td><td>Free</td></tr>",,,,
824,Divisional Secretariat Weligama,Counseling,Government,Free,041-2250236,,,Southern Province,Matara,Weligama,Weligama,"Weligama, Matara District",Counselling Psychosocial support Coordination services,Call ahead to confirm current clinic/consultant hours,,https://www.mentalhealth.health.gov.lk/index.php?option=com_content&view=article&id=48&Itemid=207&lang=en ; https://lankainformation.lk/directory/health/list-of-hospitals-in-sri-lanka/matara-district,Other Government Institutions,"<tr><td>Divisional Secretariat Weligama<div class=""e-mail""></div></td><td>Southern Province</td><td>Matara</td><td><a href=""tel:041-2250236"" class=""phone-link"">041-2250236</a><div class=""phone-secondary""></div></td><td>Free<div> <a href=""https://www.mentalhealth.health.gov.lk/index.php?option=com_content&view=article&id=48&Itemid=207&lang=en ; https://lankainformation.lk/directory/health/list-of-hospitals-in-sri-lanka/matara-district"" class=""web-site""target=""_blank"" style=""text-decoration: none;"">Web Site  🔗</a></div></td></tr>",,,,
825,Divisional Secretariat Weligepola,Counseling,Government,Free,045-2227238,,,Sabaragamuwa Province,Ratnapura,Weligepola,Weligepola,"Weligepola, Ratnapura District",Counselling Psychosocial support,Call ahead to confirm current clinic/consultant hours,,,Other Government Institutions,"<tr><td>Divisional Secretariat Weligepola<div class=""e-mail""></div></td><td>Sabaragamuwa Province</td><td>Ratnapura</td><td><a href=""tel:045-2227238"" class=""phone-link"">045-2227238</a><div class=""phone-secondary""></div></td><td>Free</td></tr>",,,,
826,Divisional Secretariat Welikanda,Counseling,Government,Free,027-2259085,,,North Central Province,Polonnaruwa,Welikanda,Welikanda,"Base Hospital, Welikanda",Counselling Psychosocial support,Call ahead to confirm current clinic hours,,,Other Government Institutions,"<tr><td>Divisional Secretariat Welikanda<div class=""e-mail""></div></td><td>North Central Province</td><td>Polonnaruwa</td><td><a href=""tel:027-2259085"" class=""phone-link"">027-2259085</a><div class=""phone-secondary""></div></td><td>Free</td></tr>",,,,
827,Divisional Secretariat Welimada,Counseling,Other Government,Free,057-2244219,055-2223437,,Uva Province,Badulla,Welimada,Welimada,Divisional Secretariat Badulla,Counselling,Office hours,Counselors,,Other Government Institutions,"<tr><td>Divisional Secretariat Welimada<div class=""e-mail""></div></td><td>Uva Province</td><td>Badulla</td><td><a href=""tel:057-2244219"" class=""phone-link"">057-2244219</a><div class=""phone-secondary"">055-2223437</div></td><td>Free</td></tr>",,,,
828,Divisional Secretariat Welipitiya,Counseling,Government,Free,041-2251758,,,Southern Province,Matara,Welipitiya,Welipitiya,,Counselling Psychosocial support Coordination services,,,,Other Government Institutions,"<tr><td>Divisional Secretariat Welipitiya<div class=""e-mail""></div></td><td>Southern Province</td><td>Matara</td><td><a href=""tel:041-2251758"" class=""phone-link"">041-2251758</a><div class=""phone-secondary""></div></td><td>Free</td></tr>",,,,
829,Divisional Secretariat Welivitiya-Divithura,Counseling,Government,Free,091-4944830,,,Southern Province,Galle,Welivitiya- Divithura,Welivitiya- Divithura,,Counselling Psychosocial support,,,,Other Government Institutions,"<tr><td>Divisional Secretariat Welivitiya-Divithura<div class=""e-mail""></div></td><td>Southern Province</td><td>Galle</td><td><a href=""tel:091-4944830"" class=""phone-link"">091-4944830</a><div class=""phone-secondary""></div></td><td>Free</td></tr>",,,,
830,Divisional Secretariat Wellawaya,Counseling,Government,Free,055-2274938,,,Uva Province,Monaragala,Wellawaya,Wellawaya,"Wellawaya, Monaragala District",Counselling Psychosocial support,Call ahead to confirm current clinic/consultant hours,,,Other Government Institutions,"<tr><td>Divisional Secretariat Wellawaya<div class=""e-mail""></div></td><td>Uva Province</td><td>Monaragala</td><td><a href=""tel:055-2274938"" class=""phone-link"">055-2274938</a><div class=""phone-secondary""></div></td><td>Free</td></tr>",,,,
831,Divisional Secretariat Wilgamuwa,Counseling,Government,Free,088-2250039,,,Central Province,Matale,Wilgamuwa,Wilgamuwa,"Wilgamuwa, Matale District",Counselling,Call ahead to confirm current clinic/consultant hours,,https://www.mentalhealth.health.gov.lk/index.php?option=com_content&view=article&id=47&Itemid=206&lang=en,Other Government Institutions,"<tr><td>Divisional Secretariat Wilgamuwa<div class=""e-mail""></div></td><td>Central Province</td><td>Matale</td><td><a href=""tel:088-2250039"" class=""phone-link"">088-2250039</a><div class=""phone-secondary""></div></td><td>Free<div> <a href=""https://www.mentalhealth.health.gov.lk/index.php?option=com_content&view=article&id=47&Itemid=206&lang=en"" class=""web-site""target=""_blank"" style=""text-decoration: none;"">Web Site  🔗</a></div></td></tr>",,,,
832,Divisional Secretariat Yakkalamulla,Counseling,Government,Free,091-2286132,,,Southern Province,Galle,Yakkalamulla,Yakkalamulla,,Counselling Psychosocial support,,,,Other Government Institutions,"<tr><td>Divisional Secretariat Yakkalamulla<div class=""e-mail""></div></td><td>Southern Province</td><td>Galle</td><td><a href=""tel:091-2286132"" class=""phone-link"">091-2286132</a><div class=""phone-secondary""></div></td><td>Free</td></tr>",,,,
833,Divisional Secretariat Yatawatta,Counseling,Government,Free,066-2221888,,,Central Province,Matale,Yatawatta,Yatawatta,"Yatawatta, Matale District",Counselling,Call ahead to confirm current clinic/consultant hours,,https://www.mentalhealth.health.gov.lk/index.php?option=com_content&view=article&id=47&Itemid=206&lang=en,Other Government Institutions,"<tr><td>Divisional Secretariat Yatawatta<div class=""e-mail""></div></td><td>Central Province</td><td>Matale</td><td><a href=""tel:066-2221888"" class=""phone-link"">066-2221888</a><div class=""phone-secondary""></div></td><td>Free<div> <a href=""https://www.mentalhealth.health.gov.lk/index.php?option=com_content&view=article&id=47&Itemid=206&lang=en"" class=""web-site""target=""_blank"" style=""text-decoration: none;"">Web Site  🔗</a></div></td></tr>",,,,
834,Divisional Secretariat Yatinuwara,Counseling,Government,Free,081-2575236,,,Central Province,Kandy,Yatinuwara,Yatinuwara,,Counselling Psychosocial support,,,,Other Government Institutions,"<tr><td>Divisional Secretariat Yatinuwara<div class=""e-mail""></div></td><td>Central Province</td><td>Kandy</td><td><a href=""tel:081-2575236"" class=""phone-link"">081-2575236</a><div class=""phone-secondary""></div></td><td>Free</td></tr>",,,,
835,Divisional Secretariat Yatiyantota,Counseling,Government,Free,036-2270238,,,Sabaragamuwa Province,Kegalle,Yatiyantota,Yatiyantota,,Counselling Psychosocial support,,,,Other Government Institutions,"<tr><td>Divisional Secretariat Yatiyantota<div class=""e-mail""></div></td><td>Sabaragamuwa Province</td><td>Kegalle</td><td><a href=""tel:036-2270238"" class=""phone-link"">036-2270238</a><div class=""phone-secondary""></div></td><td>Free</td></tr>",,,,
836,Don Bosco Child Development Centre,Child Protection / Counseling,Government,Free,003-4222788,,,Western Province,Kalutara,Kalutara,Kalutara,,Residential care,,,,Children Homes & Care Services,"<tr><td>Don Bosco Child Development Centre<div class=""e-mail""></div></td><td>Western Province</td><td>Kalutara</td><td><a href=""tel:003-4222788"" class=""phone-link"">003-4222788</a><div class=""phone-secondary""></div></td><td>Free</td></tr>",,,,
837,Dummaladeniya Children Home (Girls,Child Protection / Counseling,NGO,Free,031-2256336,,,North Western Province,Puttalam,Wennappuwa,Wennappuwa,,Residential care Free of charge,,,,Children Homes & Care Services,"<tr><td>Dummaladeniya Children Home (Girls<div class=""e-mail""></div></td><td>North Western Province</td><td>Puttalam</td><td><a href=""tel:031-2256336"" class=""phone-link"">031-2256336</a><div class=""phone-secondary""></div></td><td>Free</td></tr>",,,,
838,Durdans Medical Centre - Anuradhapura,Mental Health / Private Channeling,Private Medical Centre,Paid,025-2222648,,,North Central Province,Anuradhapura,Anuradhapura,Anuradhapura,"4, Kada 50, Anuradhapura",Psychiatrist channeling through visiting consultants; private medical/diagnostic services,Call to confirm current psychiatrist schedule,Visiting Psychiatrists,https://www.worldwidephonebooks.com/LK/durdans-medical-centre-anuradhapura-0252-222-648,,"<tr><td>Durdans Medical Centre - Anuradhapura<div class=""e-mail""></div></td><td>North Central Province</td><td>Anuradhapura</td><td><a href=""tel:025-2222648"" class=""phone-link"">025-2222648</a><div class=""phone-secondary""></div></td><td>Paid<div> <a href=""https://www.worldwidephonebooks.com/LK/durdans-medical-centre-anuradhapura-0252-222-648"" class=""web-site""target=""_blank"" style=""text-decoration: none;"">Web Site  🔗</a></div></td></tr>",,,,
839,Dutch Lanka Friendship Foundation (SL-119616 2007/04/19,Counseling + Rehabilitation,Government,Free,063-3123695,,,Eastern Province,Ampara,Ampara,Ampara,,Counselling Rehabilitation,,,,Non-Governmental Organizations,"<tr><td>Dutch Lanka Friendship Foundation (SL-119616 2007/04/19<div class=""e-mail""></div></td><td>Eastern Province</td><td>Ampara</td><td><a href=""tel:063-3123695"" class=""phone-link"">063-3123695</a><div class=""phone-secondary""></div></td><td>Free</td></tr>",,,,
840,Ebrnizer Garden Child Development Centre,Mental Health,Government,Free,,,,Western Province,Colombo,Ratmalana,Ratmalana,16 Beach Road Mount Lavinia,Residential care,,,,Non-Governmental Organizations,"<tr><td>Ebrnizer Garden Child Development Centre<div class=""e-mail""></div></td><td>Western Province</td><td>Colombo</td><td><a href=""tel:"" class=""phone-link""></a><div class=""phone-secondary""></div></td><td>Free</td></tr>",,,,
841,Education Department Kilinochchi North and South,Mental Health,Government,Free,021-2285721,,rdhskoc@gmail.com,Northern Province,Kilinochchi,Kilinochchi,Kilinochchi,"Kilinochchi, Kilinochchi District",School Mental Health support coordination,Call ahead to confirm current clinic/consultant hours,,https://www.mentalhealth.health.gov.lk/index.php?option=com_content&view=article&id=44&Itemid=203&lang=en,Other Government Institutions,"<tr><td>Education Department Kilinochchi North and South<div class=""e-mail"">rdhskoc@gmail.com</div></td><td>Northern Province</td><td>Kilinochchi</td><td><a href=""tel:021-2285721"" class=""phone-link"">021-2285721</a><div class=""phone-secondary""></div></td><td>Free<div> <a href=""https://www.mentalhealth.health.gov.lk/index.php?option=com_content&view=article&id=44&Itemid=203&lang=en"" class=""web-site""target=""_blank"" style=""text-decoration: none;"">Web Site  🔗</a></div></td></tr>",,,,
842,Educational Office Madhu,Counseling,Government,Free,023-2050322,,,Northern Province,Mannar,Madhu,Madhu,,Counselling,,,,Other Government Institutions,"<tr><td>Educational Office Madhu<div class=""e-mail""></div></td><td>Northern Province</td><td>Mannar</td><td><a href=""tel:023-2050322"" class=""phone-link"">023-2050322</a><div class=""phone-secondary""></div></td><td>Free</td></tr>",,,,
843,Educational Office Mannar,Counseling,Government,Free,023-2222286,,stdclinic.mannar@gmail.com,Northern Province,Mannar,Mannar,Mannar,"Mannar, Mannar District",Counselling,Call ahead to confirm current clinic/consultant hours,,,Other Government Institutions,"<tr><td>Educational Office Mannar<div class=""e-mail"">stdclinic.mannar@gmail.com</div></td><td>Northern Province</td><td>Mannar</td><td><a href=""tel:023-2222286"" class=""phone-link"">023-2222286</a><div class=""phone-secondary""></div></td><td>Free</td></tr>",,,,
844,EHED Caritas,Counseling,Government,Free,026-2222204,,,Eastern Province,Trincomalee,Trincomalee Town & Gravets,Trincomalee Town & Gravets,,Counselling,,,,Non-Governmental Organizations,"<tr><td>EHED Caritas<div class=""e-mail""></div></td><td>Eastern Province</td><td>Trincomalee</td><td><a href=""tel:026-2222204"" class=""phone-link"">026-2222204</a><div class=""phone-secondary""></div></td><td>Free</td></tr>",,,,
845,Eksath Lanka,Child Protection / Counseling,Government,Free,052-2223454,,,Central Province,Nuwara Eliya,Nuwara Eliya,Nuwara Eliya,,Child & Women development,,,,Non-Governmental Organizations,"<tr><td>Eksath Lanka<div class=""e-mail""></div></td><td>Central Province</td><td>Nuwara Eliya</td><td><a href=""tel:052-2223454"" class=""phone-link"">052-2223454</a><div class=""phone-secondary""></div></td><td>Free</td></tr>",,,,
846,Empowering For Development (E4D,Mental Health,Government,Free,,,,Central Province,Nuwara Eliya,Ambagamuwa,Ambagamuwa,132 4th Street Maskeliya Hatton,Health & Education,,,,Non-Governmental Organizations,"<tr><td>Empowering For Development (E4D<div class=""e-mail""></div></td><td>Central Province</td><td>Nuwara Eliya</td><td><a href=""tel:"" class=""phone-link""></a><div class=""phone-secondary""></div></td><td>Free</td></tr>",,,,
847,EQUAL GROUND Sri Lanka,LGBTIQ+ Support,NGO,Free,011-2075121,011-2798579; 076-0038380,equalground@gmail.com,National,Island wide,Island wide / Colombo,Island-wide access,,"LGBTIQ community support, safe-space services, mental well-being, health access, empowerment and legal protection/referral",Call/email before visit,,https://www.equal-ground.org/contact-us/,,"<tr><td>EQUAL GROUND Sri Lanka<div class=""e-mail"">equalground@gmail.com</div></td><td>National</td><td>Island wide</td><td><a href=""tel:011-2075121"" class=""phone-link"">011-2075121</a><div class=""phone-secondary"">011-2798579; 076-0038380</div></td><td>Free<div> <a href=""https://www.equal-ground.org/contact-us/"" class=""web-site""target=""_blank"" style=""text-decoration: none;"">Web Site  🔗</a></div></td></tr>",,,,
848,Equite,LGBTIQ+ Support,NGO,Free,071-7033298,,equitesrilanka2019@gmail.com,National,Island wide,Colombo,National,Sri Lanka,LGBTIQ+ support and referrals,,,https://www.equitesrilanka.org/,,"<tr><td>Equite<div class=""e-mail"">equitesrilanka2019@gmail.com</div></td><td>National</td><td>Island wide</td><td><a href=""tel:071-7033298"" class=""phone-link"">071-7033298</a><div class=""phone-secondary""></div></td><td>Free<div> <a href=""https://www.equitesrilanka.org/"" class=""web-site""target=""_blank"" style=""text-decoration: none;"">Web Site  🔗</a></div></td></tr>",,,,
849,Eravur Boys’ Home,Child Protection / Counseling,Government,Free,065-3652260,,,Eastern Province,Batticaloa,Eravur,Eravur,"Eravur, Batticaloa District",Residential care,Call ahead to confirm current clinic hours,,,Children Homes & Care Services,"<tr><td>Eravur Boys’ Home<div class=""e-mail""></div></td><td>Eastern Province</td><td>Batticaloa</td><td><a href=""tel:065-3652260"" class=""phone-link"">065-3652260</a><div class=""phone-secondary""></div></td><td>Free</td></tr>",,,,
850,Eravur Girls’ Home,Child Protection / Counseling,Government,Free,065-4926803,,,Eastern Province,Batticaloa,Myllampeli,Myllampeli,"Eravur, Batticaloa District",Residential care,Call ahead to confirm current clinic hours,,,Children Homes & Care Services,"<tr><td>Eravur Girls’ Home<div class=""e-mail""></div></td><td>Eastern Province</td><td>Batticaloa</td><td><a href=""tel:065-4926803"" class=""phone-link"">065-4926803</a><div class=""phone-secondary""></div></td><td>Free</td></tr>",,,,
851,Eroma Children Home (Boys,Child Protection / Counseling,NGO,Free,,,,North Western Province,Puttalam,Arachchikattuwa,Arachchikattuwa,Nalladarankattuwa Thambarakele,Residential care Free of charge,,,,Children Homes & Care Services,"<tr><td>Eroma Children Home (Boys<div class=""e-mail""></div></td><td>North Western Province</td><td>Puttalam</td><td><a href=""tel:"" class=""phone-link""></a><div class=""phone-secondary""></div></td><td>Free</td></tr>",,,,
852,Eroma Children Home (Girls,Child Protection / Counseling,NGO,Free,,,,North Western Province,Puttalam,Arachchikattuwa,Arachchikattuwa,60/A Wijayakatupotha Buruthakele,Residential care Free of charge,,,,Children Homes & Care Services,"<tr><td>Eroma Children Home (Girls<div class=""e-mail""></div></td><td>North Western Province</td><td>Puttalam</td><td><a href=""tel:"" class=""phone-link""></a><div class=""phone-secondary""></div></td><td>Free</td></tr>",,,,
853,Escape,Rehabilitation,Government,Free,,,,Uva Province,Badulla,Badulla,Badulla,300/13 Keppetipola Road Badulla,Rehabilitation,,,,Other Government Institutions,"<tr><td>Escape<div class=""e-mail""></div></td><td>Uva Province</td><td>Badulla</td><td><a href=""tel:"" class=""phone-link""></a><div class=""phone-secondary""></div></td><td>Free</td></tr>",,,,
854,ESCO,Counseling,Government,Free,065-2224728,,,Eastern Province,Batticaloa,Batticaloa,Batticaloa,,"Counselling for foreign employment & returnees, Socio-economic support",,,,Non-Governmental Organizations,"<tr><td>ESCO<div class=""e-mail""></div></td><td>Eastern Province</td><td>Batticaloa</td><td><a href=""tel:065-2224728"" class=""phone-link"">065-2224728</a><div class=""phone-secondary""></div></td><td>Free</td></tr>",,,,
855,ESDF,Mental Health,Government,Free,065-2258320,,,Eastern Province,Batticaloa,Oddamavadi,Oddamavadi,,Women's Rights Gender Equality Economical and Educational Development,,,,Non-Governmental Organizations,"<tr><td>ESDF<div class=""e-mail""></div></td><td>Eastern Province</td><td>Batticaloa</td><td><a href=""tel:065-2258320"" class=""phone-link"">065-2258320</a><div class=""phone-secondary""></div></td><td>Free</td></tr>",,,,
856,Etham (JA/GA/P/C/38,Counseling,Government,Free,021-2252630,,,Northern Province,Jaffna,Chankanai,Chankanai,,Counselling,,,,Non-Governmental Organizations,"<tr><td>Etham (JA/GA/P/C/38<div class=""e-mail""></div></td><td>Northern Province</td><td>Jaffna</td><td><a href=""tel:021-2252630"" class=""phone-link"">021-2252630</a><div class=""phone-secondary""></div></td><td>Free</td></tr>",,,,
857,Evlin Child Development Centre,Counseling + Rehabilitation + Child Mental Health,NGO,Free,081-2224332,,,Central Province,Kandy,Gangawatakoralaya,Gangawatakoralaya,"Deltota, Kandy District",Residential care Counselling Rehabilitation,Call ahead to confirm current clinic/consultant hours,,,Children Homes & Care Services,"<tr><td>Evlin Child Development Centre<div class=""e-mail""></div></td><td>Central Province</td><td>Kandy</td><td><a href=""tel:081-2224332"" class=""phone-link"">081-2224332</a><div class=""phone-secondary""></div></td><td>Free</td></tr>",,,,
858,Family Counselling Section,Counseling,NGO Counseling,Free,045-2222141,077-9895252,,Sabaragamuwa Province,Ratnapura,Ratnapura,Ratnapura,Sri Lanka,Counselling,,,,Other Government Institutions,"<tr><td>Family Counselling Section<div class=""e-mail""></div></td><td>Sabaragamuwa Province</td><td>Ratnapura</td><td><a href=""tel:045-2222141"" class=""phone-link"">045-2222141</a><div class=""phone-secondary"">077-9895252</div></td><td>Free</td></tr>",,,,
859,Family Group Child Development Centre,Child Protection / Counseling,NGO,Free,052-2222509,,,Central Province,Nuwara Eliya,Nuwara Eliya,Nuwara Eliya,,Residential care,,,,Children Homes & Care Services,"<tr><td>Family Group Child Development Centre<div class=""e-mail""></div></td><td>Central Province</td><td>Nuwara Eliya</td><td><a href=""tel:052-2222509"" class=""phone-link"">052-2222509</a><div class=""phone-secondary""></div></td><td>Free</td></tr>",,,,
860,Family Rehabilitation Centre (Head Office,Rehabilitation,Government,Free,011-2580166,071-6479192,infonsacpsim@gmail.com,Western Province,Colombo,Thimbirigasyaya,Thimbirigasyaya,"No.29, De Saram Place, Colombo 10,",Rehabilitation,Contact NSACP central clinic for current hours,,,Other Government Institutions,"<tr><td>Family Rehabilitation Centre (Head Office<div class=""e-mail"">infonsacpsim@gmail.com</div></td><td>Western Province</td><td>Colombo</td><td><a href=""tel:011-2580166"" class=""phone-link"">011-2580166</a><div class=""phone-secondary"">071-6479192</div></td><td>Free</td></tr>",,,,
861,Family Rehabilitation Centre (L-17905,Counseling,Government,Free,021-2283878,,org.frcl@slt.lk,Northern Province,Kilinochchi,Kilinochchi,Kilinochchi,,Counselling,,,,Non-Governmental Organizations,"<tr><td>Family Rehabilitation Centre (L-17905<div class=""e-mail"">org.frcl@slt.lk</div></td><td>Northern Province</td><td>Kilinochchi</td><td><a href=""tel:021-2283878"" class=""phone-link"">021-2283878</a><div class=""phone-secondary""></div></td><td>Free</td></tr>",,,,
862,Family Rehabilitation Centre (L-17905[1992],Counseling + Rehabilitation,Government,Free,026-2223572,,frctrinco@frcsl.org,Eastern Province,Trincomalee,Trincomalee Town & Gravets,Trincomalee Town & Gravets,,Counselling Rehabilitation,,,,Non-Governmental Organizations,"<tr><td>Family Rehabilitation Centre (L-17905[1992]<div class=""e-mail"">frctrinco@frcsl.org</div></td><td>Eastern Province</td><td>Trincomalee</td><td><a href=""tel:026-2223572"" class=""phone-link"">026-2223572</a><div class=""phone-secondary""></div></td><td>Free</td></tr>",,,,
863,Family Rehabilitation Centre (NGO GA 627,Counseling,Government,Free,037-2226063,,,North Western Province,Kurunegala,Kurunegala,Kurunegala,"Uhumeeya, Kurunegala District",Counselling Referral for supportive service providers,Contact unit/RDHS to confirm admission and referral procedure,Mental Health Rehabilitation Team,,Non-Governmental Organizations,"<tr><td>Family Rehabilitation Centre (NGO GA 627<div class=""e-mail""></div></td><td>North Western Province</td><td>Kurunegala</td><td><a href=""tel:037-2226063"" class=""phone-link"">037-2226063</a><div class=""phone-secondary""></div></td><td>Free</td></tr>",,,,
864,Family Rehabilitation Centre(L-17905,Counseling,Government,Free,065-2226496,,,Eastern Province,Batticaloa,Batticaloa,Batticaloa,"Mavadivembu, Batticaloa District",Counselling,Call ahead to confirm current clinic hours,,,Non-Governmental Organizations,"<tr><td>Family Rehabilitation Centre(L-17905<div class=""e-mail""></div></td><td>Eastern Province</td><td>Batticaloa</td><td><a href=""tel:065-2226496"" class=""phone-link"">065-2226496</a><div class=""phone-secondary""></div></td><td>Free</td></tr>",,,,
865,Fathima Boys Child Development Centre,Child Protection / Counseling,Private,Paid,031-2276924,,,Western Province,Gampaha,Negombo,Negombo,,Residential care,,,,Children Homes & Care Services,"<tr><td>Fathima Boys Child Development Centre<div class=""e-mail""></div></td><td>Western Province</td><td>Gampaha</td><td><a href=""tel:031-2276924"" class=""phone-link"">031-2276924</a><div class=""phone-secondary""></div></td><td>Paid</td></tr>",,,,
866,Fathima Welfare Child Development Centre,Mental Health,Government,Free,,,,Western Province,Colombo,Thimbirigasyaya,Thimbirigasyaya,191/50 Thimbirigasyaya Colombo 05,Residential care,,,,Non-Governmental Organizations,"<tr><td>Fathima Welfare Child Development Centre<div class=""e-mail""></div></td><td>Western Province</td><td>Colombo</td><td><a href=""tel:"" class=""phone-link""></a><div class=""phone-secondary""></div></td><td>Free</td></tr>",,,,
867,Feedsro Child Development Centre,Counseling + Rehabilitation + Child Mental Health,NGO,Free,081-2476268,,,Central Province,Kandy,Poojapitiya,Poojapitiya,Morankanda Bokkawala,Residential care Counselling Rehabilitation,Call ahead to confirm current clinic/consultant hours,,,Children Homes & Care Services,"<tr><td>Feedsro Child Development Centre<div class=""e-mail""></div></td><td>Central Province</td><td>Kandy</td><td><a href=""tel:081-2476268"" class=""phone-link"">081-2476268</a><div class=""phone-secondary""></div></td><td>Free</td></tr>",,,,
868,Female Child Development Centre,Counseling + Rehabilitation + Child Mental Health,Government,Free,081-4920756,,,Central Province,Kandy,Gangawatakoralaya,Gangawatakoralaya,"Deltota, Kandy District",Residential care Counselling Rehabilitation,Call ahead to confirm current clinic/consultant hours,,,Children Homes & Care Services,"<tr><td>Female Child Development Centre<div class=""e-mail""></div></td><td>Central Province</td><td>Kandy</td><td><a href=""tel:081-4920756"" class=""phone-link"">081-4920756</a><div class=""phone-secondary""></div></td><td>Free</td></tr>",,,,
869,Female Children Detention Centre,Child Protection / Counseling,Government,Free,025-4939259,,,North Central Province,Anuradhapura,Nuwaragam Palatha Central,Nuwaragam Palatha Central,,Residential care,,,,Children Homes & Care Services,"<tr><td>Female Children Detention Centre<div class=""e-mail""></div></td><td>North Central Province</td><td>Anuradhapura</td><td><a href=""tel:025-4939259"" class=""phone-link"">025-4939259</a><div class=""phone-secondary""></div></td><td>Free</td></tr>",,,,
870,Fosdoo,Mental Health,Government,Free,002-4223152,,,Northern Province,Vavuniya,Vavuniya,Vavuniya,,Outpatient Services,,,,Non-Governmental Organizations,"<tr><td>Fosdoo<div class=""e-mail""></div></td><td>Northern Province</td><td>Vavuniya</td><td><a href=""tel:002-4223152"" class=""phone-link"">002-4223152</a><div class=""phone-secondary""></div></td><td>Free</td></tr>",,,,
871,Foundation For Innovative Social Development (FISD) (GL 2143,Child Protection / Counseling,Government,Free,,,,North Central Province,Anuradhapura,Medawachchiya,Medawachchiya,Nandimithra Mawatha Wahamalgollawa,Prevention and reduction of Alcohol use Community Development Child Development,,,,Non-Governmental Organizations,"<tr><td>Foundation For Innovative Social Development (FISD) (GL 2143<div class=""e-mail""></div></td><td>North Central Province</td><td>Anuradhapura</td><td><a href=""tel:"" class=""phone-link""></a><div class=""phone-secondary""></div></td><td>Free</td></tr>",,,,
872,Foundation for Promotion of Mental Health-FPMH (AM/DS/SS/CO-93 1918.09.19,Mental Health,Government,Free,,,,Eastern Province,Ampara,Ampara,Ampara,Ward 11 Mental Health Unit GH Ampara,Mental health promotion,,,,Non-Governmental Organizations,"<tr><td>Foundation for Promotion of Mental Health-FPMH (AM/DS/SS/CO-93 1918.09.19<div class=""e-mail""></div></td><td>Eastern Province</td><td>Ampara</td><td><a href=""tel:"" class=""phone-link""></a><div class=""phone-secondary""></div></td><td>Free</td></tr>",,,,
873,Four Square Boys’ Home,Child Protection / Counseling,Private,Paid,026-2227170,,,Eastern Province,Trincomalee,Trincomalee Town & Gravets,Trincomalee Town & Gravets,,Residential care,,,,Children Homes & Care Services,"<tr><td>Four Square Boys’ Home<div class=""e-mail""></div></td><td>Eastern Province</td><td>Trincomalee</td><td><a href=""tel:026-2227170"" class=""phone-link"">026-2227170</a><div class=""phone-secondary""></div></td><td>Paid</td></tr>",,,,
874,FPA Suwasewa Centre (GA – 585 2010/12/03,Counseling,Government,Free,063-4926664,,,Eastern Province,Ampara,Ampara,Ampara,,Counselling,,,,Non-Governmental Organizations,"<tr><td>FPA Suwasewa Centre (GA – 585 2010/12/03<div class=""e-mail""></div></td><td>Eastern Province</td><td>Ampara</td><td><a href=""tel:063-4926664"" class=""phone-link"">063-4926664</a><div class=""phone-secondary""></div></td><td>Free</td></tr>",,,,
875,Freedom (Mithuru Mithuro Branch,Rehabilitation,Government,Free,045-2262852,,,Sabaragamuwa Province,Ratnapura,Kuruwita,Kuruwita,,Rehabilitation,,,,Other Government Institutions,"<tr><td>Freedom (Mithuru Mithuro Branch<div class=""e-mail""></div></td><td>Sabaragamuwa Province</td><td>Ratnapura</td><td><a href=""tel:045-2262852"" class=""phone-link"">045-2262852</a><div class=""phone-secondary""></div></td><td>Free</td></tr>",,,,
876,Freedom Home Care (W.S.6542,Mental Health,Government,Free,011-2914633,,,Western Province,Gampaha,Kelaniya,Kelaniya,,Residential care,,,,Non-Governmental Organizations,"<tr><td>Freedom Home Care (W.S.6542<div class=""e-mail""></div></td><td>Western Province</td><td>Gampaha</td><td><a href=""tel:011-2914633"" class=""phone-link"">011-2914633</a><div class=""phone-secondary""></div></td><td>Free</td></tr>",,,,
877,Galle Co-operative Hospital Ltd,Mental Health / Private Channeling,Private Hospital,Paid,091-2234270,,,Southern Province,Galle,Galle,Galle,Galle,Psychiatrist channeling; psychologist/mental-health appointments; general private hospital services,By appointment; call for current consultant schedule,Visiting psychiatrists / psychologists,https://www.doc.lk/search?hospital=165&specialization=0,contact number: http://galle.dist.gov.lk/index.php/en/hospitals.html,"<tr><td>Galle Co-operative Hospital Ltd<div class=""e-mail""></div></td><td>Southern Province</td><td>Galle</td><td><a href=""tel:091-2234270"" class=""phone-link"">091-2234270</a><div class=""phone-secondary""></div></td><td>Paid<div> <a href=""https://www.doc.lk/search?hospital=165&specialization=0"" class=""web-site""target=""_blank"" style=""text-decoration: none;"">Web Site  🔗</a></div></td></tr>",,,,
878,Gangodawila Balika Child Development Centre,Mental Health,Government,Free,,,,Western Province,Colombo,Sri Jayawardenepura Kotte,Sri Jayawardenepura Kotte,636/12 Delkanda Junction Gangodawila Nugegoda,Residential care,,,,Non-Governmental Organizations,"<tr><td>Gangodawila Balika Child Development Centre<div class=""e-mail""></div></td><td>Western Province</td><td>Colombo</td><td><a href=""tel:"" class=""phone-link""></a><div class=""phone-secondary""></div></td><td>Free</td></tr>",,,,
879,Gethsemana Child Development Centre,Child Protection / Counseling,Private,Paid,011-2259669,,,Western Province,Gampaha,Minuwangoda,Minuwangoda,,Residential care,,,,Children Homes & Care Services,"<tr><td>Gethsemana Child Development Centre<div class=""e-mail""></div></td><td>Western Province</td><td>Gampaha</td><td><a href=""tel:011-2259669"" class=""phone-link"">011-2259669</a><div class=""phone-secondary""></div></td><td>Paid</td></tr>",,,,
880,Girls’ Child Development Centre of Child Protection Association,Mental Health,Government,Free,,,,Western Province,Colombo,Homagama,Homagama,Rukmale Kottawa Pannipitiya,Residential care,,,,Non-Governmental Organizations,"<tr><td>Girls’ Child Development Centre of Child Protection Association<div class=""e-mail""></div></td><td>Western Province</td><td>Colombo</td><td><a href=""tel:"" class=""phone-link""></a><div class=""phone-secondary""></div></td><td>Free</td></tr>",,,,
881,Givelight Home Child Development Centre,Child Protection / Counseling,Government,Free,,,,Western Province,Kalutara,Kalutara,Kalutara,435 Igitima Mawatha Marawa Atulugama Bandaragama,Residential care,,,,Children Homes & Care Services,"<tr><td>Givelight Home Child Development Centre<div class=""e-mail""></div></td><td>Western Province</td><td>Kalutara</td><td><a href=""tel:"" class=""phone-link""></a><div class=""phone-secondary""></div></td><td>Free</td></tr>",,,,
882,Good Shepherd Children Home,Child Protection / Counseling,Government,Free,065-2257400,,,Eastern Province,Batticaloa,Valaichenai,Valaichenai,,Residential care,,,,Children Homes & Care Services,"<tr><td>Good Shepherd Children Home<div class=""e-mail""></div></td><td>Eastern Province</td><td>Batticaloa</td><td><a href=""tel:065-2257400"" class=""phone-link"">065-2257400</a><div class=""phone-secondary""></div></td><td>Free</td></tr>",,,,
883,Good Shephered Age Care,Elder Care,Private,Paid,031-2276698,,,Western Province,Gampaha,Negombo,Negombo,,Residential care,,,,Elders' Homes & Care Services,"<tr><td>Good Shephered Age Care<div class=""e-mail""></div></td><td>Western Province</td><td>Gampaha</td><td><a href=""tel:031-2276698"" class=""phone-link"">031-2276698</a><div class=""phone-secondary""></div></td><td>Paid</td></tr>",,,,
884,Gothama Child Development Centre,Child Protection / Counseling,Government,Free,,,,Western Province,Kalutara,Panadura,Panadura,389 Galle Road Nalluruwa Panadura,Residential care,,,,Children Homes & Care Services,"<tr><td>Gothama Child Development Centre<div class=""e-mail""></div></td><td>Western Province</td><td>Kalutara</td><td><a href=""tel:"" class=""phone-link""></a><div class=""phone-secondary""></div></td><td>Free</td></tr>",,,,
885,Government Detention Children Home,Child Protection / Counseling,Government,Free,037-2283664,,,North Western Province,Kurunegala,Kuliyapitiya,Kuliyapitiya,,Residential care,,,,Children Homes & Care Services,"<tr><td>Government Detention Children Home<div class=""e-mail""></div></td><td>North Western Province</td><td>Kurunegala</td><td><a href=""tel:037-2283664"" class=""phone-link"">037-2283664</a><div class=""phone-secondary""></div></td><td>Free</td></tr>",,,,
886,Grabriyal Trust Children Home (Boys,Child Protection / Counseling,Government,Free,037-4939999,,,North Western Province,Kurunegala,Ibbagamuwa,Ibbagamuwa,,Residential care,,,,Children Homes & Care Services,"<tr><td>Grabriyal Trust Children Home (Boys<div class=""e-mail""></div></td><td>North Western Province</td><td>Kurunegala</td><td><a href=""tel:037-4939999"" class=""phone-link"">037-4939999</a><div class=""phone-secondary""></div></td><td>Free</td></tr>",,,,
887,Grace Girls’ Home,Child Protection / Counseling,Private,Paid,026-2057773,,,Eastern Province,Trincomalee,Trincomalee Town & Gravets,Trincomalee Town & Gravets,,Residential care,,,,Children Homes & Care Services,"<tr><td>Grace Girls’ Home<div class=""e-mail""></div></td><td>Eastern Province</td><td>Trincomalee</td><td><a href=""tel:026-2057773"" class=""phone-link"">026-2057773</a><div class=""phone-secondary""></div></td><td>Paid</td></tr>",,,,
888,Granvil Wickramarathna Child Development Centre,Child Protection / Counseling,Private,Paid,011-2913931,,,Western Province,Gampaha,Kelaniya,Kelaniya,,Residential care,,,,Children Homes & Care Services,"<tr><td>Granvil Wickramarathna Child Development Centre<div class=""e-mail""></div></td><td>Western Province</td><td>Gampaha</td><td><a href=""tel:011-2913931"" class=""phone-link"">011-2913931</a><div class=""phone-secondary""></div></td><td>Paid</td></tr>",,,,
889,Gunasekara Child Development Centre,Mental Health,Government,Free,,,,Western Province,Colombo,"Sri Jayawardenepura, Kotte","Sri Jayawardenepura, Kotte",Nawala Road Rajagiriya,Residential care,,,,Non-Governmental Organizations,"<tr><td>Gunasekara Child Development Centre<div class=""e-mail""></div></td><td>Western Province</td><td>Colombo</td><td><a href=""tel:"" class=""phone-link""></a><div class=""phone-secondary""></div></td><td>Free</td></tr>",,,,
890,H.S.C.V. Children’s Home,Child Protection / Counseling,Private,Paid,041-3141690,,,Southern Province,Matara,Weligama,Weligama,,Residential care Free of charge,,,,Children Homes & Care Services,"<tr><td>H.S.C.V. Children’s Home<div class=""e-mail""></div></td><td>Southern Province</td><td>Matara</td><td><a href=""tel:041-3141690"" class=""phone-link"">041-3141690</a><div class=""phone-secondary""></div></td><td>Paid</td></tr>",,,,
891,Haldanduwana Lama,Child Protection / Counseling,Government,Free,031-2260715,,,North Western Province,Puttalam,Dankotuwa,Dankotuwa,,Residential care Free of charge,,,,Children Homes & Care Services,"<tr><td>Haldanduwana Lama<div class=""e-mail""></div></td><td>North Western Province</td><td>Puttalam</td><td><a href=""tel:031-2260715"" class=""phone-link"">031-2260715</a><div class=""phone-secondary""></div></td><td>Free</td></tr>",,,,
892,Happy Home Child Development Centre,Child Protection / Counseling,Government,Free,051-2244174,,,Central Province,Nuwara Eliya,Kotagala,Kotagala,,Residential care,,,,Children Homes & Care Services,"<tr><td>Happy Home Child Development Centre<div class=""e-mail""></div></td><td>Central Province</td><td>Nuwara Eliya</td><td><a href=""tel:051-2244174"" class=""phone-link"">051-2244174</a><div class=""phone-secondary""></div></td><td>Free</td></tr>",,,,
893,Happy Home Foundation,Mental Health,Government,Free,,,,Central Province,Nuwara Eliya,Hatton,Hatton,18/18 Dimbula Road 4th Lane Wilfred Town Hatton,Support for education,,,,Non-Governmental Organizations,"<tr><td>Happy Home Foundation<div class=""e-mail""></div></td><td>Central Province</td><td>Nuwara Eliya</td><td><a href=""tel:"" class=""phone-link""></a><div class=""phone-secondary""></div></td><td>Free</td></tr>",,,,
894,Hari Boys’ Home,Child Protection / Counseling,Government,Free,065-2229653,,,Eastern Province,Batticaloa,Kallady,Kallady,,Residential care,,,,Children Homes & Care Services,"<tr><td>Hari Boys’ Home<div class=""e-mail""></div></td><td>Eastern Province</td><td>Batticaloa</td><td><a href=""tel:065-2229653"" class=""phone-link"">065-2229653</a><div class=""phone-secondary""></div></td><td>Free</td></tr>",,,,
895,Hasanath Boys’ Home,Child Protection / Counseling,Private,Paid,026-2236135,,,Eastern Province,Trincomalee,Kinniya,Kinniya,,Residential care,,,,Children Homes & Care Services,"<tr><td>Hasanath Boys’ Home<div class=""e-mail""></div></td><td>Eastern Province</td><td>Trincomalee</td><td><a href=""tel:026-2236135"" class=""phone-link"">026-2236135</a><div class=""phone-secondary""></div></td><td>Paid</td></tr>",,,,
896,Hasanath Girls’ Home,Child Protection / Counseling,Private,Paid,026-2236135,,,Eastern Province,Trincomalee,Kinniya,Kinniya,,Residential care,,,,Children Homes & Care Services,"<tr><td>Hasanath Girls’ Home<div class=""e-mail""></div></td><td>Eastern Province</td><td>Trincomalee</td><td><a href=""tel:026-2236135"" class=""phone-link"">026-2236135</a><div class=""phone-secondary""></div></td><td>Paid</td></tr>",,,,
897,Healthy Lanka Alliance for Development (L 154505,Child Protection / Counseling,Government,Free,033-2222162,,,Western Province,Gampaha,Gampaha,Gampaha,,Alcohol and drug prevention Gender equality and child development,,,,Non-Governmental Organizations,"<tr><td>Healthy Lanka Alliance for Development (L 154505<div class=""e-mail""></div></td><td>Western Province</td><td>Gampaha</td><td><a href=""tel:033-2222162"" class=""phone-link"">033-2222162</a><div class=""phone-secondary""></div></td><td>Free</td></tr>",,,,
898,HEARTS,Child Protection / Counseling,NGO,Free,,,,Central Province,Nuwara Eliya,"Ambagamuwa,","Ambagamuwa,",3 Gawarawila Janapadaya Upcot,Child development,,,,Children Homes & Care Services,"<tr><td>HEARTS<div class=""e-mail""></div></td><td>Central Province</td><td>Nuwara Eliya</td><td><a href=""tel:"" class=""phone-link""></a><div class=""phone-secondary""></div></td><td>Free</td></tr>",,,,
899,Heaven Child Development Centre,Counseling + Rehabilitation + Child Mental Health,NGO,Free,081-2420973,,,Central Province,Kandy,Kundasale,Kundasale,"Deltota, Kandy District",Residential care Counselling Rehabilitation,Call ahead to confirm current clinic/consultant hours,,,Children Homes & Care Services,"<tr><td>Heaven Child Development Centre<div class=""e-mail""></div></td><td>Central Province</td><td>Kandy</td><td><a href=""tel:081-2420973"" class=""phone-link"">081-2420973</a><div class=""phone-secondary""></div></td><td>Free</td></tr>",,,,
900,Help Kids Foundation Child Development Centre,Mental Health,Government,Free,,,,Western Province,Colombo,Padukka,Padukka,1/5 Lunethota Road Kuragala Padukka,Residential care,,,,Non-Governmental Organizations,"<tr><td>Help Kids Foundation Child Development Centre<div class=""e-mail""></div></td><td>Western Province</td><td>Colombo</td><td><a href=""tel:"" class=""phone-link""></a><div class=""phone-secondary""></div></td><td>Free</td></tr>",,,,
901,Hermans Girls’ Child Development Centre,Child Protection / Counseling,Private,Paid,,,,Eastern Province,Trincomalee,Kalmunai North,Kalmunai North,Main Road Periyaneelavani,Residential care,,,,Children Homes & Care Services,"<tr><td>Hermans Girls’ Child Development Centre<div class=""e-mail""></div></td><td>Eastern Province</td><td>Trincomalee</td><td><a href=""tel:"" class=""phone-link""></a><div class=""phone-secondary""></div></td><td>Paid</td></tr>",,,,
902,Hindu Anpakam Children Home,Child Protection / Counseling,Private,Paid,024-2223683,,,Northern Province,Vavuniya,Vavuniya,Vavuniya,,Residential care,,,,Children Homes & Care Services,"<tr><td>Hindu Anpakam Children Home<div class=""e-mail""></div></td><td>Northern Province</td><td>Vavuniya</td><td><a href=""tel:024-2223683"" class=""phone-link"">024-2223683</a><div class=""phone-secondary""></div></td><td>Paid</td></tr>",,,,
903,Holy Cross Meditation and Counselling Centre,Counseling,Government,Free,,,,North Western Province,Puttalam,Nattandiya,Nattandiya,Holy Cross Shrines Marawila,Counselling,,,,Non-Governmental Organizations,"<tr><td>Holy Cross Meditation and Counselling Centre<div class=""e-mail""></div></td><td>North Western Province</td><td>Puttalam</td><td><a href=""tel:"" class=""phone-link""></a><div class=""phone-secondary""></div></td><td>Free</td></tr>",,,,
904,Holy Family Convent Girls’ Home,Child Protection / Counseling,NGO,Free,021-3207460,,,Northern Province,Kilinochchi,Kilinochchi,Kilinochchi,,Residential care,,,,Children Homes & Care Services,"<tr><td>Holy Family Convent Girls’ Home<div class=""e-mail""></div></td><td>Northern Province</td><td>Kilinochchi</td><td><a href=""tel:021-3207460"" class=""phone-link"">021-3207460</a><div class=""phone-secondary""></div></td><td>Free</td></tr>",,,,
905,Home and Hope Child Development Centre,Child Protection / Counseling,Private,Paid,011-2232716,,,Western Province,Gampaha,Ja- Ela,Ja- Ela,,Residential care,,,,Children Homes & Care Services,"<tr><td>Home and Hope Child Development Centre<div class=""e-mail""></div></td><td>Western Province</td><td>Gampaha</td><td><a href=""tel:011-2232716"" class=""phone-link"">011-2232716</a><div class=""phone-secondary""></div></td><td>Paid</td></tr>",,,,
906,"Home for Mentally Retarded Children (Boys, 10 years ≤",Mental Health,Government,Free,011-2779740,,,Western Province,Colombo,Sri Jayawardenepura Kotte,Sri Jayawardenepura Kotte,,Residential care,,,,Non-Governmental Organizations,"<tr><td>Home for Mentally Retarded Children (Boys, 10 years ≤<div class=""e-mail""></div></td><td>Western Province</td><td>Colombo</td><td><a href=""tel:011-2779740"" class=""phone-link"">011-2779740</a><div class=""phone-secondary""></div></td><td>Free</td></tr>",,,,
907,"Home for Mentally Retarded Children (Girls, 5-10 years",Mental Health,Government,Free,011-2657193,,,Western Province,Colombo,Moratuwa,Moratuwa,,Residential care,,,,Non-Governmental Organizations,"<tr><td>Home for Mentally Retarded Children (Girls, 5-10 years<div class=""e-mail""></div></td><td>Western Province</td><td>Colombo</td><td><a href=""tel:011-2657193"" class=""phone-link"">011-2657193</a><div class=""phone-secondary""></div></td><td>Free</td></tr>",,,,
908,Hope Child Development Centre,Mental Health,Government,Free,,,,Western Province,Colombo,Moratuwa,Moratuwa,56 Mallikarama Road Ratmalana,Residential care,,,,Non-Governmental Organizations,"<tr><td>Hope Child Development Centre<div class=""e-mail""></div></td><td>Western Province</td><td>Colombo</td><td><a href=""tel:"" class=""phone-link""></a><div class=""phone-secondary""></div></td><td>Free</td></tr>",,,,
909,House of Hope Child Development Centre,Counseling + Rehabilitation + Child Mental Health,NGO,Free,054-2050767,,,Central Province,Kandy,Nawalapitiya,Nawalapitiya,,Residential care Counselling Rehabilitation,,,,Children Homes & Care Services,"<tr><td>House of Hope Child Development Centre<div class=""e-mail""></div></td><td>Central Province</td><td>Kandy</td><td><a href=""tel:054-2050767"" class=""phone-link"">054-2050767</a><div class=""phone-secondary""></div></td><td>Free</td></tr>",,,,
910,Human Link (MSS/T/NSPD/R/141 2009,Rehabilitation + Child Mental Health,Government,Free,067-5677714,,,Eastern Province,Ampara,Kalmunai South,Kalmunai South,,Special Needs education Rehabilitation services for children with disability Awareness creation on special need children,,,,Non-Governmental Organizations,"<tr><td>Human Link (MSS/T/NSPD/R/141 2009<div class=""e-mail""></div></td><td>Eastern Province</td><td>Ampara</td><td><a href=""tel:067-5677714"" class=""phone-link"">067-5677714</a><div class=""phone-secondary""></div></td><td>Free</td></tr>",,,,
911,Human Rights Protection Foundation,Mental Health,Government,Free,,,,Western Province,Gampaha,Kelaniya,Kelaniya,4 Abdul Cader Mawatha Kelaniya,Human rights protection,,,,Non-Governmental Organizations,"<tr><td>Human Rights Protection Foundation<div class=""e-mail""></div></td><td>Western Province</td><td>Gampaha</td><td><a href=""tel:"" class=""phone-link""></a><div class=""phone-secondary""></div></td><td>Free</td></tr>",,,,
912,Indrasara Children Home,Child Protection / Counseling,Government,Free,027-5622919,,,Eastern Province,Ampara,Dehiattakandiya,Dehiattakandiya,,Residential care,,,,Children Homes & Care Services,"<tr><td>Indrasara Children Home<div class=""e-mail""></div></td><td>Eastern Province</td><td>Ampara</td><td><a href=""tel:027-5622919"" class=""phone-link"">027-5622919</a><div class=""phone-secondary""></div></td><td>Free</td></tr>",,,,
913,International Institute for Personal Excellence (IIPE) - Colombo,Personal well-being,Private,Paid,077-3179769,077-3191819,careteam@iipe.lk,Western Province,Colombo,Colombo,Colombo,"410/31, Bauddaloka mawatha, Colombo 7",Physiotherapy; Psychological Counseling; Clinical Psychology,Daily 7:00am-7:00pm,Dr. Nimeera Weerarathne,https://www.iipe.lk,,"<tr><td>International Institute for Personal Excellence (IIPE) - Colombo<div class=""e-mail"">careteam@iipe.lk</div></td><td>Western Province</td><td>Colombo</td><td><a href=""tel:077-3179769"" class=""phone-link"">077-3179769</a><div class=""phone-secondary"">077-3191819</div></td><td>Paid<div> <a href=""https://www.iipe.lk"" class=""web-site""target=""_blank"" style=""text-decoration: none;"">Web Site  🔗</a></div></td></tr>",,,,
914,International Institute for Personal Excellence (IIPE) - Kandy,Personal well-being,Private,Paid,081-5670859,077-3191819,careteam@iipe.lk,Central Province,Kandy,Kandy,Kandy,,Physiotherapy; Psychological Counseling; Clinical Psychology,Daily 7:00am-7:00pm,Dr. Nimeera Weerarathne,https://www.iipe.lk,,"<tr><td>International Institute for Personal Excellence (IIPE) - Kandy<div class=""e-mail"">careteam@iipe.lk</div></td><td>Central Province</td><td>Kandy</td><td><a href=""tel:081-5670859"" class=""phone-link"">081-5670859</a><div class=""phone-secondary"">077-3191819</div></td><td>Paid<div> <a href=""https://www.iipe.lk"" class=""web-site""target=""_blank"" style=""text-decoration: none;"">Web Site  🔗</a></div></td></tr>",,,,
915,International Youth Fellowship (L 166304,Mental Health,Government,Free,031-2235070,,,Western Province,Gampaha,Gampaha,Gampaha,,Education,,,,Non-Governmental Organizations,"<tr><td>International Youth Fellowship (L 166304<div class=""e-mail""></div></td><td>Western Province</td><td>Gampaha</td><td><a href=""tel:031-2235070"" class=""phone-link"">031-2235070</a><div class=""phone-secondary""></div></td><td>Free</td></tr>",,,,
916,Isha Athul Child Development Centre - Free of charge,Child Protection / Counseling,Private,Paid,034-2275396,,,Western Province,Kalutara,Kalutara,Kalutara,,Residential care,,,,Children Homes & Care Services,"<tr><td>Isha Athul Child Development Centre - Free of charge<div class=""e-mail""></div></td><td>Western Province</td><td>Kalutara</td><td><a href=""tel:034-2275396"" class=""phone-link"">034-2275396</a><div class=""phone-secondary""></div></td><td>Paid</td></tr>",,,,
917,Islamic Centre for the Disabled and Vocational Training Centre,Child Protection / Counseling,Private,Paid,033-2287840,,,Western Province,Gampaha,Attanagalla,Attanagalla,,Residential care,,,,Children Homes & Care Services,"<tr><td>Islamic Centre for the Disabled and Vocational Training Centre<div class=""e-mail""></div></td><td>Western Province</td><td>Gampaha</td><td><a href=""tel:033-2287840"" class=""phone-link"">033-2287840</a><div class=""phone-secondary""></div></td><td>Paid</td></tr>",,,,
918,Islamic Centre for the physically handicapped,Mental Health,Government,Free,033-2287840,,,Western Province,Gampaha,Attanagalla,Attanagalla,,School for disabled,,,,Non-Governmental Organizations,"<tr><td>Islamic Centre for the physically handicapped<div class=""e-mail""></div></td><td>Western Province</td><td>Gampaha</td><td><a href=""tel:033-2287840"" class=""phone-link"">033-2287840</a><div class=""phone-secondary""></div></td><td>Free</td></tr>",,,,
919,Island-wide HIV Testing Booking,HIV / STI Testing,Government / NSACP Online Service,Free,070-6477044,,https://know4sure.lk,National,Island wide,Island wide / Online,Island-wide access,,Confidential/anonymous risk assessment and booking at 40+ STI clinics island-wide; HIV/STI testing and health products including self-test kit delivery,Online service,,,https://know4sure.lk/assessment/201,"<tr><td>Island-wide HIV Testing Booking<div class=""e-mail"">https://know4sure.lk</div></td><td>National</td><td>Island wide</td><td><a href=""tel:070-6477044"" class=""phone-link"">070-6477044</a><div class=""phone-secondary""></div></td><td>Free</td></tr>",,,,
920,Isuru Lama Sewana Child Development Centre,Child Protection / Counseling,Private,Paid,011-2976855,,,Western Province,Gampaha,Biyagama,Biyagama,,Residential care,,,,Children Homes & Care Services,"<tr><td>Isuru Lama Sewana Child Development Centre<div class=""e-mail""></div></td><td>Western Province</td><td>Gampaha</td><td><a href=""tel:011-2976855"" class=""phone-link"">011-2976855</a><div class=""phone-secondary""></div></td><td>Paid</td></tr>",,,,
921,Jagaddala Child Development Centre,Child Protection / Counseling,Government,Free,,,,Western Province,Kalutara,Kalutara,Kalutara,Kindelpitiya Bandaragama,Residential care,,,,Children Homes & Care Services,"<tr><td>Jagaddala Child Development Centre<div class=""e-mail""></div></td><td>Western Province</td><td>Kalutara</td><td><a href=""tel:"" class=""phone-link""></a><div class=""phone-secondary""></div></td><td>Free</td></tr>",,,,
922,Jayamanna Memorial Senior Citizens’ Home,Elder Care,Government,Free,,,,North Western Province,Kurunegala,Kuliyapitiya,Kuliyapitiya,Labuyaya Kuliyapitiya,Residential care Free of charge,,,,Elders' Homes & Care Services,"<tr><td>Jayamanna Memorial Senior Citizens’ Home<div class=""e-mail""></div></td><td>North Western Province</td><td>Kurunegala</td><td><a href=""tel:"" class=""phone-link""></a><div class=""phone-secondary""></div></td><td>Free</td></tr>",,,,
923,Jayanthi Child Development Centre,Mental Health,Government,Free,,,,Western Province,Colombo,Thimbirigasyaya,Thimbirigasyaya,400/05 Bauddhaloka Mawatha Colombo 07,Residential care,,,,Non-Governmental Organizations,"<tr><td>Jayanthi Child Development Centre<div class=""e-mail""></div></td><td>Western Province</td><td>Colombo</td><td><a href=""tel:"" class=""phone-link""></a><div class=""phone-secondary""></div></td><td>Free</td></tr>",,,,
924,Jayanthi Child Development Centre,Child Protection / Counseling,Government,Free,034-2226362,,,Western Province,Kalutara,Kalutara,Kalutara,,Residential care,,,,Children Homes & Care Services,"<tr><td>Jayanthi Child Development Centre<div class=""e-mail""></div></td><td>Western Province</td><td>Kalutara</td><td><a href=""tel:034-2226362"" class=""phone-link"">034-2226362</a><div class=""phone-secondary""></div></td><td>Free</td></tr>",,,,
925,Jayawickrama Child Development Centre,Counseling + Rehabilitation + Child Mental Health,NGO,Free,081-2234524,,,Central Province,Kandy,KMC,KMC,,Residential care Counselling Rehabilitation,,,,Children Homes & Care Services,"<tr><td>Jayawickrama Child Development Centre<div class=""e-mail""></div></td><td>Central Province</td><td>Kandy</td><td><a href=""tel:081-2234524"" class=""phone-link"">081-2234524</a><div class=""phone-secondary""></div></td><td>Free</td></tr>",,,,
926,Jayawiru Samadhi Rehabilitation Institute,Rehabilitation,Government,Free,036-3362126,,,Western Province,Colombo,Seethawaka,Seethawaka,,Rehabilitation of Substance users,,,,Non-Governmental Organizations,"<tr><td>Jayawiru Samadhi Rehabilitation Institute<div class=""e-mail""></div></td><td>Western Province</td><td>Colombo</td><td><a href=""tel:036-3362126"" class=""phone-link"">036-3362126</a><div class=""phone-secondary""></div></td><td>Free</td></tr>",,,,
927,Jeewananda Girls’ Home,Child Protection / Counseling,Government,Free,065-9650438,,,Eastern Province,Batticaloa,Puthukudiirippu,Puthukudiirippu,,Residential care,,,,Children Homes & Care Services,"<tr><td>Jeewananda Girls’ Home<div class=""e-mail""></div></td><td>Eastern Province</td><td>Batticaloa</td><td><a href=""tel:065-9650438"" class=""phone-link"">065-9650438</a><div class=""phone-secondary""></div></td><td>Free</td></tr>",,,,
928,Jesus Live Girls’ Child Development Centre,Child Protection / Counseling,Private,Paid,067-4921161,,,Eastern Province,Trincomalee,Kalmunai North,Kalmunai North,,Residential care,,,,Children Homes & Care Services,"<tr><td>Jesus Live Girls’ Child Development Centre<div class=""e-mail""></div></td><td>Eastern Province</td><td>Trincomalee</td><td><a href=""tel:067-4921161"" class=""phone-link"">067-4921161</a><div class=""phone-secondary""></div></td><td>Paid</td></tr>",,,,
929,Joseph Vas Children,Child Protection / Counseling,Government,Free,031-2255140,,,North Western Province,Puttalam,Wennappuwa,Wennappuwa,,Residential care Free of charge,,,,Children Homes & Care Services,"<tr><td>Joseph Vas Children<div class=""e-mail""></div></td><td>North Western Province</td><td>Puttalam</td><td><a href=""tel:031-2255140"" class=""phone-link"">031-2255140</a><div class=""phone-secondary""></div></td><td>Free</td></tr>",,,,
930,JSAC (L – 144812,Counseling,Government,Free,021-2223699,,jsacjaffna@gmail.com,Northern Province,Jaffna,Maruthankeny,Maruthankeny,,Counselling,,,,Non-Governmental Organizations,"<tr><td>JSAC (L – 144812<div class=""e-mail"">jsacjaffna@gmail.com</div></td><td>Northern Province</td><td>Jaffna</td><td><a href=""tel:021-2223699"" class=""phone-link"">021-2223699</a><div class=""phone-secondary""></div></td><td>Free</td></tr>",,,,
931,K.S.N.N Home (KR/DS/SS/NGO/2016/43,Child Protection / Counseling,NGO,Free,023-2222715,,,Northern Province,Kilinochchi,Karachchi,Karachchi,,Residential care,,,,Children Homes & Care Services,"<tr><td>K.S.N.N Home (KR/DS/SS/NGO/2016/43<div class=""e-mail""></div></td><td>Northern Province</td><td>Kilinochchi</td><td><a href=""tel:023-2222715"" class=""phone-link"">023-2222715</a><div class=""phone-secondary""></div></td><td>Free</td></tr>",,,,
932,Kalamusu Kedella Balika Child Development Centre - Free of charge,Child Protection / Counseling,Private,Paid,034-4936387,,,Western Province,Kalutara,Kalutara,Kalutara,,Residential care,,,,Children Homes & Care Services,"<tr><td>Kalamusu Kedella Balika Child Development Centre - Free of charge<div class=""e-mail""></div></td><td>Western Province</td><td>Kalutara</td><td><a href=""tel:034-4936387"" class=""phone-link"">034-4936387</a><div class=""phone-secondary""></div></td><td>Paid</td></tr>",,,,
933,Kamburupitiya Senior Women Protection Foundation,Elder Care,Private,Paid,041-2293325,,,Southern Province,Matara,Kamburupitiya,Kamburupitiya,,Residential care (Free of charge),,,,Elders' Homes & Care Services,"<tr><td>Kamburupitiya Senior Women Protection Foundation<div class=""e-mail""></div></td><td>Southern Province</td><td>Matara</td><td><a href=""tel:041-2293325"" class=""phone-link"">041-2293325</a><div class=""phone-secondary""></div></td><td>Paid</td></tr>",,,,
934,Kanan Hawast Voluntary Children’s home,Child Protection / Counseling,Private,Paid,055-2226212,,,Uva Province,Badulla,Badulla,Badulla,,Residential care (Free of Charge),,,,Children Homes & Care Services,"<tr><td>Kanan Hawast Voluntary Children’s home<div class=""e-mail""></div></td><td>Uva Province</td><td>Badulla</td><td><a href=""tel:055-2226212"" class=""phone-link"">055-2226212</a><div class=""phone-secondary""></div></td><td>Paid</td></tr>",,,,
935,Kanchadeva Children’s Home,Child Protection / Counseling,Government,Free,047-2256166,,,Southern Province,Hambantota,Hambantota,Hambantota,,Residential care,,,,Children Homes & Care Services,"<tr><td>Kanchadeva Children’s Home<div class=""e-mail""></div></td><td>Southern Province</td><td>Hambantota</td><td><a href=""tel:047-2256166"" class=""phone-link"">047-2256166</a><div class=""phone-secondary""></div></td><td>Free</td></tr>",,,,
936,Kandurata Voluntary Children’s Home,Child Protection / Counseling,Private,Paid,055-2223335,,,Uva Province,Badulla,Badulla,Badulla,,Residential care (Free of Charge),,,,Children Homes & Care Services,"<tr><td>Kandurata Voluntary Children’s Home<div class=""e-mail""></div></td><td>Uva Province</td><td>Badulla</td><td><a href=""tel:055-2223335"" class=""phone-link"">055-2223335</a><div class=""phone-secondary""></div></td><td>Paid</td></tr>",,,,
937,Kanola Hospitals - Anuradhapura,Mental Health / Private Channeling,Private Hospital,Paid,025-2030400,071-9925400,info@kanolahospital.lk,North Central Province,Anuradhapura,Anuradhapura,Anuradhapura,"36/3 Town Hall Place, Anuradhapura",Psychiatrist channeling; private medical services; 24/7 emergency,Psychiatry by appointment; emergency contact available,Visiting Psychiatrists,,https://kanolahospital.lk/contact/; https://www.doc.lk/search?hospital=189,"<tr><td>Kanola Hospitals - Anuradhapura<div class=""e-mail"">info@kanolahospital.lk</div></td><td>North Central Province</td><td>Anuradhapura</td><td><a href=""tel:025-2030400"" class=""phone-link"">025-2030400</a><div class=""phone-secondary"">071-9925400</div></td><td>Paid</td></tr>",,,,
938,Kantha Pihita,Counseling,Government,Free,055-2224395,,badulla.winsl@gmail.com,Uva Province,Badulla,Badulla,Badulla,"25B, Kailagoda Road, Badulla",Counselling Awareness programmes,As scheduled (contact for current),Counselors,,Other Government Institutions,"<tr><td>Kantha Pihita<div class=""e-mail"">badulla.winsl@gmail.com</div></td><td>Uva Province</td><td>Badulla</td><td><a href=""tel:055-2224395"" class=""phone-link"">055-2224395</a><div class=""phone-secondary""></div></td><td>Free</td></tr>",,,,
939,Kantha Pihita / Women in Need (WIN) Badulla,GBV Support,NGO,Free,055-2224395,,badulla.winsl@gmail.com,Uva Province,Badulla,Badulla,Badulla,"25B, Kailagoda Road, Badulla",Counselling; Awareness programmes (especially women & gender-based violence),As scheduled (contact for current),Counselors,,Valuable for GBV-linked psychological first aid and women's mental health.,"<tr><td>Kantha Pihita / Women in Need (WIN) Badulla<div class=""e-mail"">badulla.winsl@gmail.com</div></td><td>Uva Province</td><td>Badulla</td><td><a href=""tel:055-2224395"" class=""phone-link"">055-2224395</a><div class=""phone-secondary""></div></td><td>Free</td></tr>",,,,
940,Kanthi Child Development Centre,Child Protection / Counseling,NGO,Free,021-2284310,,,Northern Province,Kilinochchi,Kilinochchi,Kilinochchi,,Residential care,,,,Children Homes & Care Services,"<tr><td>Kanthi Child Development Centre<div class=""e-mail""></div></td><td>Northern Province</td><td>Kilinochchi</td><td><a href=""tel:021-2284310"" class=""phone-link"">021-2284310</a><div class=""phone-secondary""></div></td><td>Free</td></tr>",,,,
941,Karuna Nilayam (KN/KR/SSVO/12 23-06- 2003,Elder Care,NGO,Free,,,,Northern Province,Mannar,Karachchi,Karachchi,A9 Road Kilinochchi,Residential care for mentally challenged (MR) elders,,,,Elders' Homes & Care Services,"<tr><td>Karuna Nilayam (KN/KR/SSVO/12 23-06- 2003<div class=""e-mail""></div></td><td>Northern Province</td><td>Mannar</td><td><a href=""tel:"" class=""phone-link""></a><div class=""phone-secondary""></div></td><td>Free</td></tr>",,,,
942,Kaththankudy Muslim Boys’ Orphanage,Child Protection / Counseling,Government,Free,065-2245308,,,Eastern Province,Batticaloa,Kaththankudy,Kaththankudy,,Residential care,,,,Children Homes & Care Services,"<tr><td>Kaththankudy Muslim Boys’ Orphanage<div class=""e-mail""></div></td><td>Eastern Province</td><td>Batticaloa</td><td><a href=""tel:065-2245308"" class=""phone-link"">065-2245308</a><div class=""phone-secondary""></div></td><td>Free</td></tr>",,,,
943,Katuneriya Lama Daya,Child Protection / Counseling,Government,Free,031-2249776,,,North Western Province,Puttalam,Wennappuwa,Wennappuwa,,Residential care Free of charge,,,,Children Homes & Care Services,"<tr><td>Katuneriya Lama Daya<div class=""e-mail""></div></td><td>North Western Province</td><td>Puttalam</td><td><a href=""tel:031-2249776"" class=""phone-link"">031-2249776</a><div class=""phone-secondary""></div></td><td>Free</td></tr>",,,,
944,Keerthi Kumara Children’s Home,Child Protection / Counseling,Government,Free,041-2222356,,,Southern Province,Matara,Matara,Matara,,Residential care Free of charge,,,,Children Homes & Care Services,"<tr><td>Keerthi Kumara Children’s Home<div class=""e-mail""></div></td><td>Southern Province</td><td>Matara</td><td><a href=""tel:041-2222356"" class=""phone-link"">041-2222356</a><div class=""phone-secondary""></div></td><td>Free</td></tr>",,,,
945,Kelaniya Muslim Ladies Child Development Centre,Child Protection / Counseling,Private,Paid,033-2270303,,,Western Province,Gampaha,Kelaniya,Kelaniya,,Residential care,,,,Children Homes & Care Services,"<tr><td>Kelaniya Muslim Ladies Child Development Centre<div class=""e-mail""></div></td><td>Western Province</td><td>Gampaha</td><td><a href=""tel:033-2270303"" class=""phone-link"">033-2270303</a><div class=""phone-secondary""></div></td><td>Paid</td></tr>",,,,
946,Kids Care Homes and Resident School Child Development Centre,Child Protection / Counseling,Private,Paid,011-4817525,,,Western Province,Gampaha,Ja-Ela,Ja-Ela,,Residential care,,,,Children Homes & Care Services,"<tr><td>Kids Care Homes and Resident School Child Development Centre<div class=""e-mail""></div></td><td>Western Province</td><td>Gampaha</td><td><a href=""tel:011-4817525"" class=""phone-link"">011-4817525</a><div class=""phone-secondary""></div></td><td>Paid</td></tr>",,,,
947,Kings Revival Children Support Centre (FL 102316,Rehabilitation + Child Mental Health,Private,Paid,011-2942322,,,Western Province,Gampaha,Wattala,Wattala,,Residential care Rehabilitation,,,,Children Homes & Care Services,"<tr><td>Kings Revival Children Support Centre (FL 102316<div class=""e-mail""></div></td><td>Western Province</td><td>Gampaha</td><td><a href=""tel:011-2942322"" class=""phone-link"">011-2942322</a><div class=""phone-secondary""></div></td><td>Paid</td></tr>",,,,
948,Kinniya Jammiyathul Ulama,Counseling,Government,Free,026-2236898,,,Eastern Province,Trincomalee,Kinniya,Kinniya,,Counselling support,,,,Other Government Institutions,"<tr><td>Kinniya Jammiyathul Ulama<div class=""e-mail""></div></td><td>Eastern Province</td><td>Trincomalee</td><td><a href=""tel:026-2236898"" class=""phone-link"">026-2236898</a><div class=""phone-secondary""></div></td><td>Free</td></tr>",,,,
949,Kiriella Maithree Mapiya Sevana (Voluntary organization,Elder Care,Government,Free,,,,Sabaragamuwa Province,Ratnapura,Kiriella,Kiriella,Maithree Welfare Foundation Kiriella,Residential care,,,,Elders' Homes & Care Services,"<tr><td>Kiriella Maithree Mapiya Sevana (Voluntary organization<div class=""e-mail""></div></td><td>Sabaragamuwa Province</td><td>Ratnapura</td><td><a href=""tel:"" class=""phone-link""></a><div class=""phone-secondary""></div></td><td>Free</td></tr>",,,,
950,Kirillawala Senehasa Dari Sewana Child Development Centre,Child Protection / Counseling,Private,Paid,011-2972129,,,Western Province,Gampaha,Mahara,Mahara,,Residential care,,,,Children Homes & Care Services,"<tr><td>Kirillawala Senehasa Dari Sewana Child Development Centre<div class=""e-mail""></div></td><td>Western Province</td><td>Gampaha</td><td><a href=""tel:011-2972129"" class=""phone-link"">011-2972129</a><div class=""phone-secondary""></div></td><td>Paid</td></tr>",,,,
951,Kirimudiyanse,Child Protection / Counseling,Government,Free,037-2242029,,,North Western Province,Kurunegala,037 2242029,037 2242029,,Residential care,,,,Children Homes & Care Services,"<tr><td>Kirimudiyanse<div class=""e-mail""></div></td><td>North Western Province</td><td>Kurunegala</td><td><a href=""tel:037-2242029"" class=""phone-link"">037-2242029</a><div class=""phone-secondary""></div></td><td>Free</td></tr>",,,,
952,Kithu Sewana Child Development Centre,Child Protection / Counseling,Private,Paid,011-2959821,,,Western Province,Gampaha,Ragama,Ragama,,Residential care,,,,Children Homes & Care Services,"<tr><td>Kithu Sewana Child Development Centre<div class=""e-mail""></div></td><td>Western Province</td><td>Gampaha</td><td><a href=""tel:011-2959821"" class=""phone-link"">011-2959821</a><div class=""phone-secondary""></div></td><td>Paid</td></tr>",,,,
953,Kithusewana Guarantee Limited (G.A.428 – 1995,Child Protection / Counseling,Government,Free,032-2224810,,,North Western Province,Puttalam,Chilaw,Chilaw,,Child development,,,,Non-Governmental Organizations,"<tr><td>Kithusewana Guarantee Limited (G.A.428 – 1995<div class=""e-mail""></div></td><td>North Western Province</td><td>Puttalam</td><td><a href=""tel:032-2224810"" class=""phone-link"">032-2224810</a><div class=""phone-secondary""></div></td><td>Free</td></tr>",,,,
954,Kotikambe Senior Citizen Home,Elder Care,Government,Free,,,,Central Province,Kandy,Hatharaliyadda,Hatharaliyadda,Kotikambe Hatharaliyadda,Residential care,,,,Elders' Homes & Care Services,"<tr><td>Kotikambe Senior Citizen Home<div class=""e-mail""></div></td><td>Central Province</td><td>Kandy</td><td><a href=""tel:"" class=""phone-link""></a><div class=""phone-secondary""></div></td><td>Free</td></tr>",,,,
955,Kshema Suraksha Protection Centre,Child Protection / Counseling,Government,Free,025-4934679,,,North Central Province,Anuradhapura,Nuwaragam Palatha Central,Nuwaragam Palatha Central,,Residential care,,,,Children Homes & Care Services,"<tr><td>Kshema Suraksha Protection Centre<div class=""e-mail""></div></td><td>North Central Province</td><td>Anuradhapura</td><td><a href=""tel:025-4934679"" class=""phone-link"">025-4934679</a><div class=""phone-secondary""></div></td><td>Free</td></tr>",,,,
956,Kularathna Children’s Home,Child Protection / Counseling,Private,Paid,045-2241136,,,Sabaragamuwa Province,Ratnapura,Ranwala,Ranwala,,Residential care,,,,Children Homes & Care Services,"<tr><td>Kularathna Children’s Home<div class=""e-mail""></div></td><td>Sabaragamuwa Province</td><td>Ratnapura</td><td><a href=""tel:045-2241136"" class=""phone-link"">045-2241136</a><div class=""phone-secondary""></div></td><td>Paid</td></tr>",,,,
957,Kumara Kashyapa Child Development Centre,Mental Health,Government,Free,,,,Western Province,Colombo,Kolonnawa,Kolonnawa,Gothama Thapowanaya Kalapaluwawa Mulleriyawa New Town,Residential care,,,,Non-Governmental Organizations,"<tr><td>Kumara Kashyapa Child Development Centre<div class=""e-mail""></div></td><td>Western Province</td><td>Colombo</td><td><a href=""tel:"" class=""phone-link""></a><div class=""phone-secondary""></div></td><td>Free</td></tr>",,,,
958,Kurunegala Channel Centre,Private Healthcare / Referral,Private Hospital / Channel Centre,Paid,037-5551555,,,North Western Province,Kurunegala,Kurunegala,Kurunegala,"Colombo Road, Kurunegala",Private hospital/channeling services; call to verify current psychiatrist or counseling availability,Call ahead to confirm current clinic/consultant hours,,,Current institution/contact listed by Kurunegala Divisional Secretariat: http://kurunegala.ds.gov.lk/index.php/en/hospitals.html. Dedicated psychiatry availability not independently confirmed.,"<tr><td>Kurunegala Channel Centre<div class=""e-mail""></div></td><td>North Western Province</td><td>Kurunegala</td><td><a href=""tel:037-5551555"" class=""phone-link"">037-5551555</a><div class=""phone-secondary""></div></td><td>Paid</td></tr>",,,,
959,Kusuma Menikapurage Senior Citizen Home,Elder Care,Government,Free,047-2288160,,,Southern Province,Hambantota,Hambantota,Hambantota,,Residential care,,,,Elders' Homes & Care Services,"<tr><td>Kusuma Menikapurage Senior Citizen Home<div class=""e-mail""></div></td><td>Southern Province</td><td>Hambantota</td><td><a href=""tel:047-2288160"" class=""phone-link"">047-2288160</a><div class=""phone-secondary""></div></td><td>Free</td></tr>",,,,
960,L.B. Nawinna Children Home (Boys,Child Protection / Counseling,Government,Free,037-2267080,,,North Western Province,Kurunegala,Wariyapola,Wariyapola,,Residential care,,,,Children Homes & Care Services,"<tr><td>L.B. Nawinna Children Home (Boys<div class=""e-mail""></div></td><td>North Western Province</td><td>Kurunegala</td><td><a href=""tel:037-2267080"" class=""phone-link"">037-2267080</a><div class=""phone-secondary""></div></td><td>Free</td></tr>",,,,
961,Ladani Child Development Centre,Child Protection / Counseling,Government,Free,,,,Northern Province,Mullaitivu,Mullaithivu,Mullaithivu,Silawaththai Mullathivu,Residential care,,,,Children Homes & Care Services,"<tr><td>Ladani Child Development Centre<div class=""e-mail""></div></td><td>Northern Province</td><td>Mullaitivu</td><td><a href=""tel:"" class=""phone-link""></a><div class=""phone-secondary""></div></td><td>Free</td></tr>",,,,
962,Ladani Children Home (Girls,Child Protection / Counseling,Government,Free,,,,North Western Province,Kurunegala,"032 2257039 032 2252265 Bibiladeniya, Udubaddawa","032 2257039 032 2252265 Bibiladeniya, Udubaddawa",Residential care,Ladani Children Home,,,,Children Homes & Care Services,"<tr><td>Ladani Children Home (Girls<div class=""e-mail""></div></td><td>North Western Province</td><td>Kurunegala</td><td><a href=""tel:"" class=""phone-link""></a><div class=""phone-secondary""></div></td><td>Free</td></tr>",,,,
963,Ladani Children Home (Girls,Child Protection / Counseling,NGO,Free,031-2275798,032-2252265,,North Western Province,Puttalam,Wennappuwa,Wennappuwa,,Residential care Free of charge,,,,Children Homes & Care Services,"<tr><td>Ladani Children Home (Girls<div class=""e-mail""></div></td><td>North Western Province</td><td>Puttalam</td><td><a href=""tel:031-2275798"" class=""phone-link"">031-2275798</a><div class=""phone-secondary"">032-2252265</div></td><td>Free</td></tr>",,,,
964,Lady Ridgeway Hospital for Children (LRH,Mental Health + Child Mental Health,Government National Paediatric Hospital,Free,011-2693711,011-2693712,info.lrh@health.gov.lk,Western Province,Colombo,Thimbirigasyaya,Thimbirigasyaya,"Dr. Danister De Silva Mawatha, Colombo 08",Psychiatry Inward facilities Mental Health clinic Yowun Piyasa,Open 24/7/365 for paediatric care; psychiatry clinic schedule confirm,Consultant Child Psychiatry Team,https://www.mentalhealth.health.gov.lk/index.php?option=com_content&view=article&id=36&Itemid=196&lang=en; https://lrh.health.gov.lk/home-en/,Government Hospitals,"<tr><td>Lady Ridgeway Hospital for Children (LRH<div class=""e-mail"">info.lrh@health.gov.lk</div></td><td>Western Province</td><td>Colombo</td><td><a href=""tel:011-2693711"" class=""phone-link"">011-2693711</a><div class=""phone-secondary"">011-2693712</div></td><td>Free<div> <a href=""https://www.mentalhealth.health.gov.lk/index.php?option=com_content&view=article&id=36&Itemid=196&lang=en; https://lrh.health.gov.lk/home-en/"" class=""web-site""target=""_blank"" style=""text-decoration: none;"">Web Site  🔗</a></div></td></tr>",,,,
965,Lama Grameeya Child Development Centre,Mental Health,Government,Free,,,,Western Province,Colombo,Seethawaka,Seethawaka,Niripola Hanwella,Residential care,,,,Non-Governmental Organizations,"<tr><td>Lama Grameeya Child Development Centre<div class=""e-mail""></div></td><td>Western Province</td><td>Colombo</td><td><a href=""tel:"" class=""phone-link""></a><div class=""phone-secondary""></div></td><td>Free</td></tr>",,,,
966,Lama Sevana Nivarthana Nivasaya (Detention Home,Child Protection / Counseling,Government,Free,091-2292709,091-4936732,,Southern Province,Galle,Baddegama,Baddegama,,Residential care,,,,Children Homes & Care Services,"<tr><td>Lama Sevana Nivarthana Nivasaya (Detention Home<div class=""e-mail""></div></td><td>Southern Province</td><td>Galle</td><td><a href=""tel:091-2292709"" class=""phone-link"">091-2292709</a><div class=""phone-secondary"">091-4936732</div></td><td>Free</td></tr>",,,,
967,Lanka Alzheimer’s Foundation,Elder Care,Government,Free,080-0112667,,,Western Province,Colombo,Colombo,Colombo,,Elderly care services,,,,Non-Governmental Organizations,"<tr><td>Lanka Alzheimer’s Foundation<div class=""e-mail""></div></td><td>Western Province</td><td>Colombo</td><td><a href=""tel:080-0112667"" class=""phone-link"">080-0112667</a><div class=""phone-secondary""></div></td><td>Free</td></tr>",,,,
968,Lanka Life Line (1375),Counseling,NGO,Free,1375,,info@life1375.lk,National,Island wide,Island wide,,"160/30 Kirimandala Mawatha, Colombo 5",Mental health / life support helpline,24/7,Trained crisis supporters,,,"<tr><td>Lanka Life Line (1375)<div class=""e-mail"">info@life1375.lk</div></td><td>National</td><td>Island wide</td><td><a href=""tel:1375"" class=""phone-link"">1375</a><div class=""phone-secondary""></div></td><td>Free</td></tr>",,,,
969,Lanka Sekai Kusei,Counseling + Rehabilitation,Government,Free,,,,Western Province,Gampaha,Gampaha,Gampaha,25 Mihindu Mawatha Gampaha,Rehabilitation Counselling,,,,Non-Governmental Organizations,"<tr><td>Lanka Sekai Kusei<div class=""e-mail""></div></td><td>Western Province</td><td>Gampaha</td><td><a href=""tel:"" class=""phone-link""></a><div class=""phone-secondary""></div></td><td>Free</td></tr>",,,,
970,Lankabroke Children,Child Protection / Counseling,Government,Free,032-3297966,,,North Western Province,Puttalam,Mahakumbukkadawala,Mahakumbukkadawala,,Residential care Free of charge,,,,Children Homes & Care Services,"<tr><td>Lankabroke Children<div class=""e-mail""></div></td><td>North Western Province</td><td>Puttalam</td><td><a href=""tel:032-3297966"" class=""phone-link"">032-3297966</a><div class=""phone-secondary""></div></td><td>Free</td></tr>",,,,
971,Laxmi Child Development Centre,Child Protection / Counseling,Private,Paid,011-2260220,,,Western Province,Gampaha,Negombo,Negombo,,Residential care,,,,Children Homes & Care Services,"<tr><td>Laxmi Child Development Centre<div class=""e-mail""></div></td><td>Western Province</td><td>Gampaha</td><td><a href=""tel:011-2260220"" class=""phone-link"">011-2260220</a><div class=""phone-secondary""></div></td><td>Paid</td></tr>",,,,
972,Leads (L11401-2000,Counseling,Government,Free,021-2212757,,,Northern Province,Jaffna,Jaffna,Jaffna,,Counselling,,,,Non-Governmental Organizations,"<tr><td>Leads (L11401-2000<div class=""e-mail""></div></td><td>Northern Province</td><td>Jaffna</td><td><a href=""tel:021-2212757"" class=""phone-link"">021-2212757</a><div class=""phone-secondary""></div></td><td>Free</td></tr>",,,,
973,Leela Jayasekara Child Development Centre,Mental Health,Government,Free,,,,Western Province,Colombo,Moratuwa,Moratuwa,46 Uyana Road Lunawa Moratuwa,Residential care,,,,Non-Governmental Organizations,"<tr><td>Leela Jayasekara Child Development Centre<div class=""e-mail""></div></td><td>Western Province</td><td>Colombo</td><td><a href=""tel:"" class=""phone-link""></a><div class=""phone-secondary""></div></td><td>Free</td></tr>",,,,
974,Legal Aid Commission,Counseling,Government,Free,025-2224465,,,North Central Province,Anuradhapura,Nuwaragam Palatha East Anuradhapura,Nuwaragam Palatha East Anuradhapura,,Legal counselling,,,,Other Government Institutions,"<tr><td>Legal Aid Commission<div class=""e-mail""></div></td><td>North Central Province</td><td>Anuradhapura</td><td><a href=""tel:025-2224465"" class=""phone-link"">025-2224465</a><div class=""phone-secondary""></div></td><td>Free</td></tr>",,,,
975,Legal Aid Commission Hatton,Counseling,Government,Free,051-2222390,,,Central Province,Nuwara Eliya,Hatton,Hatton,,Counselling,,,,Other Government Institutions,"<tr><td>Legal Aid Commission Hatton<div class=""e-mail""></div></td><td>Central Province</td><td>Nuwara Eliya</td><td><a href=""tel:051-2222390"" class=""phone-link"">051-2222390</a><div class=""phone-secondary""></div></td><td>Free</td></tr>",,,,
976,Legal Aid Commission Nuwara Eliya,Counseling,Government,Free,052-2235260,052-2222261,stdclinic.nuwaraeliya@gmail.com,Central Province,Nuwara Eliya,Nuwara Eliya,Nuwara Eliya,"STD Clinic, District General Hospital, Nuwara Eliya",Counselling,Call clinic to confirm hours,Venereology / STD Clinic Team,,Other Government Institutions,"<tr><td>Legal Aid Commission Nuwara Eliya<div class=""e-mail"">stdclinic.nuwaraeliya@gmail.com</div></td><td>Central Province</td><td>Nuwara Eliya</td><td><a href=""tel:052-2235260"" class=""phone-link"">052-2235260</a><div class=""phone-secondary"">052-2222261</div></td><td>Free</td></tr>",,,,
977,Life Centre,Counseling,Government,Free,,,,Western Province,Colombo,Dehiwala,Dehiwala,31 Woodland Avenue Kohuwala,Counselling Treatment,,,,Non-Governmental Organizations,"<tr><td>Life Centre<div class=""e-mail""></div></td><td>Western Province</td><td>Colombo</td><td><a href=""tel:"" class=""phone-link""></a><div class=""phone-secondary""></div></td><td>Free</td></tr>",,,,
978,Life Centre -Centre for Special Needs,Mental Health,Government,Free,,,,Western Province,Colombo,Dehiwala,Dehiwala,31 Woodland Avenue Kohuwala,Residential care,,,,Non-Governmental Organizations,"<tr><td>Life Centre -Centre for Special Needs<div class=""e-mail""></div></td><td>Western Province</td><td>Colombo</td><td><a href=""tel:"" class=""phone-link""></a><div class=""phone-secondary""></div></td><td>Free</td></tr>",,,,
979,Life Centre Negombo,Child Protection / Counseling,Private,Paid,031-2224156,,,Western Province,Gampaha,Negombo,Negombo,12 6th St. Paul’s Avenue Thaladuwa Road Negombo,Residential care,Mon-Fri 8:00am-4:00pm; Sat 8:00am-12:00pm; confirm locally,Venereology / STD Clinic Team,,Children Homes & Care Services,"<tr><td>Life Centre Negombo<div class=""e-mail""></div></td><td>Western Province</td><td>Gampaha</td><td><a href=""tel:031-2224156"" class=""phone-link"">031-2224156</a><div class=""phone-secondary""></div></td><td>Paid</td></tr>",,,,
980,Lions Club,Counseling + Rehabilitation,Government,Free,,,,Uva Province,Badulla,Haputale Badulla,Haputale Badulla,Bandaranayke Mawatha Badulla,Counselling Rehabilitation,,,,Other Government Institutions,"<tr><td>Lions Club<div class=""e-mail""></div></td><td>Uva Province</td><td>Badulla</td><td><a href=""tel:"" class=""phone-link""></a><div class=""phone-secondary""></div></td><td>Free</td></tr>",,,,
981,Little Smile Voluntary Children’s Home,Child Protection / Counseling,Private,Paid,057-2257768,,little.smile.lk@gmx.de,Uva Province,Badulla,Haldummulla,Haldummulla,,Residential care (Free of Charge),,,,Children Homes & Care Services,"<tr><td>Little Smile Voluntary Children’s Home<div class=""e-mail"">little.smile.lk@gmx.de</div></td><td>Uva Province</td><td>Badulla</td><td><a href=""tel:057-2257768"" class=""phone-link"">057-2257768</a><div class=""phone-secondary""></div></td><td>Paid</td></tr>",,,,
982,London Sivan Kovil Girls’ Home,Child Protection / Counseling,Government,Free,065-2056336,,,Eastern Province,Batticaloa,Chettipalayam,Chettipalayam,,Residential care,,,,Children Homes & Care Services,"<tr><td>London Sivan Kovil Girls’ Home<div class=""e-mail""></div></td><td>Eastern Province</td><td>Batticaloa</td><td><a href=""tel:065-2056336"" class=""phone-link"">065-2056336</a><div class=""phone-secondary""></div></td><td>Free</td></tr>",,,,
983,Loordu Children Home (Girls,Child Protection / Counseling,Government,Free,037-2232954,,,North Western Province,Kurunegala,Kurunegala,Kurunegala,,Residential care,,,,Children Homes & Care Services,"<tr><td>Loordu Children Home (Girls<div class=""e-mail""></div></td><td>North Western Province</td><td>Kurunegala</td><td><a href=""tel:037-2232954"" class=""phone-link"">037-2232954</a><div class=""phone-secondary""></div></td><td>Free</td></tr>",,,,
984,Loris Child Development Centre,Mental Health,Government,Free,,,,Western Province,Colombo,Colombo,Colombo,95/5 Siridamma Mawatha Colombo 10,Residential care,,,,Non-Governmental Organizations,"<tr><td>Loris Child Development Centre<div class=""e-mail""></div></td><td>Western Province</td><td>Colombo</td><td><a href=""tel:"" class=""phone-link""></a><div class=""phone-secondary""></div></td><td>Free</td></tr>",,,,
985,Lotus Hill Children Home (For mentally retarded,Child Protection / Counseling,Government,Free,,,,Southern Province,Galle,Baddegama,Baddegama,Indigasketiya Baddegama,Residential care,,,,Children Homes & Care Services,"<tr><td>Lotus Hill Children Home (For mentally retarded<div class=""e-mail""></div></td><td>Southern Province</td><td>Galle</td><td><a href=""tel:"" class=""phone-link""></a><div class=""phone-secondary""></div></td><td>Free</td></tr>",,,,
986,Louis Marie Voluntary Children’s Home,Child Protection / Counseling,Private,Paid,,,,Uva Province,Badulla,Haldummulla,Haldummulla,Pahala Wiharagala Nikapotha,Residential care (Free of Charge),,,,Children Homes & Care Services,"<tr><td>Louis Marie Voluntary Children’s Home<div class=""e-mail""></div></td><td>Uva Province</td><td>Badulla</td><td><a href=""tel:"" class=""phone-link""></a><div class=""phone-secondary""></div></td><td>Paid</td></tr>",,,,
987,Luchiya Peroththi Child Development Centre,Child Protection / Counseling,Private,Paid,031-2275233,,,Western Province,Gampaha,Negombo,Negombo,,Residential care,,,,Children Homes & Care Services,"<tr><td>Luchiya Peroththi Child Development Centre<div class=""e-mail""></div></td><td>Western Province</td><td>Gampaha</td><td><a href=""tel:031-2275233"" class=""phone-link"">031-2275233</a><div class=""phone-secondary""></div></td><td>Paid</td></tr>",,,,
988,M.Pathiraja Maw Guna Samaru Mapiya Sewana,Elder Care,Government,Free,035-2282594,,,Sabaragamuwa Province,Ratnapura,Galigamuwa,Galigamuwa,,Residential care,,,,Elders' Homes & Care Services,"<tr><td>M.Pathiraja Maw Guna Samaru Mapiya Sewana<div class=""e-mail""></div></td><td>Sabaragamuwa Province</td><td>Ratnapura</td><td><a href=""tel:035-2282594"" class=""phone-link"">035-2282594</a><div class=""phone-secondary""></div></td><td>Free</td></tr>",,,,
989,Madiwela Boys Child Development Centre,Mental Health,Government,Free,,,,Western Province,Colombo,Sri,Sri,231 Madiwela Road Nugegoda,Residential care,,,,Non-Governmental Organizations,"<tr><td>Madiwela Boys Child Development Centre<div class=""e-mail""></div></td><td>Western Province</td><td>Colombo</td><td><a href=""tel:"" class=""phone-link""></a><div class=""phone-secondary""></div></td><td>Free</td></tr>",,,,
990,Maha Bodhi Child Development Centre,Mental Health,Government,Free,,,,Western Province,Colombo,Homagama,Homagama,SirimeduraWattha Naduhena Meegoda,Residential care,,,,Non-Governmental Organizations,"<tr><td>Maha Bodhi Child Development Centre<div class=""e-mail""></div></td><td>Western Province</td><td>Colombo</td><td><a href=""tel:"" class=""phone-link""></a><div class=""phone-secondary""></div></td><td>Free</td></tr>",,,,
991,Mahabodhi Child Development Centre,Child Protection / Counseling,Government,Free,033-5675861,,,Western Province,Gampaha,Mirigama,Mirigama,,Residential care,,,,Children Homes & Care Services,"<tr><td>Mahabodhi Child Development Centre<div class=""e-mail""></div></td><td>Western Province</td><td>Gampaha</td><td><a href=""tel:033-5675861"" class=""phone-link"">033-5675861</a><div class=""phone-secondary""></div></td><td>Free</td></tr>",,,,
992,Mahashakthi,Mental Health,Government,Free,,,,Northern Province,Kilinochchi,Kilinochchi,Kilinochchi,mugunthan369@ gmail.com,Women empowerment,,,,Non-Governmental Organizations,"<tr><td>Mahashakthi<div class=""e-mail""></div></td><td>Northern Province</td><td>Kilinochchi</td><td><a href=""tel:"" class=""phone-link""></a><div class=""phone-secondary""></div></td><td>Free</td></tr>",,,,
993,Mahatheva Swamigal Child Development Centre (Boys,Child Protection / Counseling,NGO,Free,021-4923118,021-4923117,,Northern Province,Kilinochchi,Kilinochchi,Kilinochchi,,Residential care,,,,Children Homes & Care Services,"<tr><td>Mahatheva Swamigal Child Development Centre (Boys<div class=""e-mail""></div></td><td>Northern Province</td><td>Kilinochchi</td><td><a href=""tel:021-4923118"" class=""phone-link"">021-4923118</a><div class=""phone-secondary"">021-4923117</div></td><td>Free</td></tr>",,,,
994,Mahatheva Swamigal Child Development Centre (Girls,Child Protection / Counseling,NGO,Free,021-4923118,021-4923117,,Northern Province,Kilinochchi,Kilinochchi,Kilinochchi,,Residential care,,,,Children Homes & Care Services,"<tr><td>Mahatheva Swamigal Child Development Centre (Girls<div class=""e-mail""></div></td><td>Northern Province</td><td>Kilinochchi</td><td><a href=""tel:021-4923118"" class=""phone-link"">021-4923118</a><div class=""phone-secondary"">021-4923117</div></td><td>Free</td></tr>",,,,
995,Mahatheva Swamigal Child Development Centre (Minor,Child Protection / Counseling,NGO,Free,021-4923118,021-4923117,,Northern Province,Kilinochchi,Kilinochchi,Kilinochchi,,Residential care,,,,Children Homes & Care Services,"<tr><td>Mahatheva Swamigal Child Development Centre (Minor<div class=""e-mail""></div></td><td>Northern Province</td><td>Kilinochchi</td><td><a href=""tel:021-4923118"" class=""phone-link"">021-4923118</a><div class=""phone-secondary"">021-4923117</div></td><td>Free</td></tr>",,,,
996,Maithree Child Development Centre,Mental Health,Government,Free,,,,Western Province,Colombo,Thimbirigasyaya,Thimbirigasyaya,69/14 Kuruppu Road Colombo 8,Residential care,,,,Non-Governmental Organizations,"<tr><td>Maithree Child Development Centre<div class=""e-mail""></div></td><td>Western Province</td><td>Colombo</td><td><a href=""tel:"" class=""phone-link""></a><div class=""phone-secondary""></div></td><td>Free</td></tr>",,,,
997,Male Detention Home,Child Protection / Counseling,Government,Free,081-2316885,,,Central Province,Kandy,Udapalatha,Udapalatha,,Residential care,,,,Children Homes & Care Services,"<tr><td>Male Detention Home<div class=""e-mail""></div></td><td>Central Province</td><td>Kandy</td><td><a href=""tel:081-2316885"" class=""phone-link"">081-2316885</a><div class=""phone-secondary""></div></td><td>Free</td></tr>",,,,
998,"Maliyadewa Children Home (Boys, 5-18 years",Child Protection / Counseling,Government,Free,037-2224423,,,North Western Province,Kurunegala,Kurunegala,Kurunegala,,Residential care,,,,Children Homes & Care Services,"<tr><td>Maliyadewa Children Home (Boys, 5-18 years<div class=""e-mail""></div></td><td>North Western Province</td><td>Kurunegala</td><td><a href=""tel:037-2224423"" class=""phone-link"">037-2224423</a><div class=""phone-secondary""></div></td><td>Free</td></tr>",,,,
999,Maliyadewa Children Home (Girls,Child Protection / Counseling,Government,Free,037-2233971,,,North Western Province,Kurunegala,Kurunegala,Kurunegala,,Residential care,,,,Children Homes & Care Services,"<tr><td>Maliyadewa Children Home (Girls<div class=""e-mail""></div></td><td>North Western Province</td><td>Kurunegala</td><td><a href=""tel:037-2233971"" class=""phone-link"">037-2233971</a><div class=""phone-secondary""></div></td><td>Free</td></tr>",,,,
1000,Mamnon Charitable Foundation,Child Protection / Counseling,Private,Paid,,,,Western Province,Gampaha,Kelaniya,Kelaniya,359 Dampillawa Kelaniya,Residential care,,,,Children Homes & Care Services,"<tr><td>Mamnon Charitable Foundation<div class=""e-mail""></div></td><td>Western Province</td><td>Gampaha</td><td><a href=""tel:"" class=""phone-link""></a><div class=""phone-secondary""></div></td><td>Paid</td></tr>",,,,
1001,Mangayatkarasiyar Girls’ Home,Child Protection / Counseling,Government,Free,065-2057310,,,Eastern Province,Batticaloa,Batticoloa,Batticoloa,,Residential care,,,,Children Homes & Care Services,"<tr><td>Mangayatkarasiyar Girls’ Home<div class=""e-mail""></div></td><td>Eastern Province</td><td>Batticaloa</td><td><a href=""tel:065-2057310"" class=""phone-link"">065-2057310</a><div class=""phone-secondary""></div></td><td>Free</td></tr>",,,,
1002,Manikkavasagar Boys’ Home,Child Protection / Counseling,Government,Free,065-3652601,,,Eastern Province,Batticaloa,Santhivilai,Santhivilai,,Residential care,,,,Children Homes & Care Services,"<tr><td>Manikkavasagar Boys’ Home<div class=""e-mail""></div></td><td>Eastern Province</td><td>Batticaloa</td><td><a href=""tel:065-3652601"" class=""phone-link"">065-3652601</a><div class=""phone-secondary""></div></td><td>Free</td></tr>",,,,
1003,Mapiya Sevana Children’s Home,Child Protection / Counseling,Private,Paid,045-2255102,,,Sabaragamuwa Province,Ratnapura,Kalawana,Kalawana,,Residential care,,,,Children Homes & Care Services,"<tr><td>Mapiya Sevana Children’s Home<div class=""e-mail""></div></td><td>Sabaragamuwa Province</td><td>Ratnapura</td><td><a href=""tel:045-2255102"" class=""phone-link"">045-2255102</a><div class=""phone-secondary""></div></td><td>Paid</td></tr>",,,,
1004,Maranatha Child Development Centre,Child Protection / Counseling,Private,Paid,051-2222489,,,Central Province,Nuwara Eliya,Hatton,Hatton,,Residential care,,,,Children Homes & Care Services,"<tr><td>Maranatha Child Development Centre<div class=""e-mail""></div></td><td>Central Province</td><td>Nuwara Eliya</td><td><a href=""tel:051-2222489"" class=""phone-link"">051-2222489</a><div class=""phone-secondary""></div></td><td>Paid</td></tr>",,,,
1005,Marc Sri – Marco Home WP/SSD/K/DH/EH/2012/ 03,Elder Care,Private,Paid,034-2223969,,,Western Province,Kalutara,Kalutara,Kalutara,,Residential care (Free of charge),,,,Elders' Homes & Care Services,"<tr><td>Marc Sri – Marco Home WP/SSD/K/DH/EH/2012/ 03<div class=""e-mail""></div></td><td>Western Province</td><td>Kalutara</td><td><a href=""tel:034-2223969"" class=""phone-link"">034-2223969</a><div class=""phone-secondary""></div></td><td>Paid</td></tr>",,,,
1006,Marc Sri – St Mariya Home WP/SSD/K/DH/EH/2012/ 03,Elder Care,Private,Paid,034-2220312,,,Western Province,Kalutara,Beruwala,Beruwala,,Residential care,,,,Elders' Homes & Care Services,"<tr><td>Marc Sri – St Mariya Home WP/SSD/K/DH/EH/2012/ 03<div class=""e-mail""></div></td><td>Western Province</td><td>Kalutara</td><td><a href=""tel:034-2220312"" class=""phone-link"">034-2220312</a><div class=""phone-secondary""></div></td><td>Paid</td></tr>",,,,
1007,Marc Sri – St Theresa Home (WP/SSD/K/DH/EH/2012/ 03,Elder Care,Private,Paid,034-2236654,,,Western Province,Kalutara,Kalutara,Kalutara,,Residential care (Free of charge),,,,Elders' Homes & Care Services,"<tr><td>Marc Sri – St Theresa Home (WP/SSD/K/DH/EH/2012/ 03<div class=""e-mail""></div></td><td>Western Province</td><td>Kalutara</td><td><a href=""tel:034-2236654"" class=""phone-link"">034-2236654</a><div class=""phone-secondary""></div></td><td>Paid</td></tr>",,,,
1008,Marc Sri Home (WP/SSD/K/DH/EH/2012/ 03,Elder Care,Private,Paid,034-2223363,,,Western Province,Kalutara,Kalutara,Kalutara,,Residential care,,,,Elders' Homes & Care Services,"<tr><td>Marc Sri Home (WP/SSD/K/DH/EH/2012/ 03<div class=""e-mail""></div></td><td>Western Province</td><td>Kalutara</td><td><a href=""tel:034-2223363"" class=""phone-link"">034-2223363</a><div class=""phone-secondary""></div></td><td>Paid</td></tr>",,,,
1009,Marc Sri –Mama Papa Home (WP/SSD/K/DH/EH/2012/ 03,Elder Care,Private,Paid,034-2236656,,,Western Province,Kalutara,Beruwala,Beruwala,,Residential care (Free of charge),,,,Elders' Homes & Care Services,"<tr><td>Marc Sri –Mama Papa Home (WP/SSD/K/DH/EH/2012/ 03<div class=""e-mail""></div></td><td>Western Province</td><td>Kalutara</td><td><a href=""tel:034-2236656"" class=""phone-link"">034-2236656</a><div class=""phone-secondary""></div></td><td>Paid</td></tr>",,,,
1010,Marc Sri Sarana Home WP/SSD/K/DH/EH/2012/0 3 (1983/01/29) -Free of charge,Child Protection / Counseling,Private,Paid,034-2223363,,,Western Province,Kalutara,Kalutara,Kalutara,,Residential care for for Physically Handicapped and Mentally Retarded Children,,,,Children Homes & Care Services,"<tr><td>Marc Sri Sarana Home WP/SSD/K/DH/EH/2012/0 3 (1983/01/29) -Free of charge<div class=""e-mail""></div></td><td>Western Province</td><td>Kalutara</td><td><a href=""tel:034-2223363"" class=""phone-link"">034-2223363</a><div class=""phone-secondary""></div></td><td>Paid</td></tr>",,,,
1011,Marc Sri –St Albert WP/SSD/K/DH/EH/2012/ 03,Elder Care,Private,Paid,034-2276047,,,Western Province,Kalutara,Beruwala,Beruwala,,Residential care (Free of charge),,,,Elders' Homes & Care Services,"<tr><td>Marc Sri –St Albert WP/SSD/K/DH/EH/2012/ 03<div class=""e-mail""></div></td><td>Western Province</td><td>Kalutara</td><td><a href=""tel:034-2276047"" class=""phone-link"">034-2276047</a><div class=""phone-secondary""></div></td><td>Paid</td></tr>",,,,
1012,Mattakkotuwa Lama,Child Protection / Counseling,Government,Free,032-2256158,,,North Western Province,Puttalam,Wennappuwa,Wennappuwa,,Residential care Free of charge,,,,Children Homes & Care Services,"<tr><td>Mattakkotuwa Lama<div class=""e-mail""></div></td><td>North Western Province</td><td>Puttalam</td><td><a href=""tel:032-2256158"" class=""phone-link"">032-2256158</a><div class=""phone-secondary""></div></td><td>Free</td></tr>",,,,
1013,Mawpiya Sewana Child Development Centre,Mental Health,Government,Free,,,,Western Province,Colombo,Maharagama,Maharagama,Hiripitiya Pannipitiya,Residential care,,,,Non-Governmental Organizations,"<tr><td>Mawpiya Sewana Child Development Centre<div class=""e-mail""></div></td><td>Western Province</td><td>Colombo</td><td><a href=""tel:"" class=""phone-link""></a><div class=""phone-secondary""></div></td><td>Free</td></tr>",,,,
1014,Mawpiya Sewana Child Development Centre,Child Protection / Counseling,Government,Free,,,,Western Province,Kalutara,Kalutara,Kalutara,46 Kumbuka Gonapola,Residential care,,,,Children Homes & Care Services,"<tr><td>Mawpiya Sewana Child Development Centre<div class=""e-mail""></div></td><td>Western Province</td><td>Kalutara</td><td><a href=""tel:"" class=""phone-link""></a><div class=""phone-secondary""></div></td><td>Free</td></tr>",,,,
1015,Mawpiya Sewana Elders’ Home,Child Protection / Counseling,Government,Free,027-2248630,,,North Central Province,Polonnaruwa,Medirigiriya,Medirigiriya,,Residential care,,,,Children Homes & Care Services,"<tr><td>Mawpiya Sewana Elders’ Home<div class=""e-mail""></div></td><td>North Central Province</td><td>Polonnaruwa</td><td><a href=""tel:027-2248630"" class=""phone-link"">027-2248630</a><div class=""phone-secondary""></div></td><td>Free</td></tr>",,,,
1016,Medhavi Home (Wp/ssd/k/DH/2016/03,Rehabilitation + Elder Care,Government,Free,038-2284959,,,Western Province,Kalutara,Bandaragama,Bandaragama,,Rehabilitation Residential care,,,,Elders' Homes & Care Services,"<tr><td>Medhavi Home (Wp/ssd/k/DH/2016/03<div class=""e-mail""></div></td><td>Western Province</td><td>Kalutara</td><td><a href=""tel:038-2284959"" class=""phone-link"">038-2284959</a><div class=""phone-secondary""></div></td><td>Free</td></tr>",,,,
1017,Medium Stay Unit - Meedumpitiya,Mental Health,Government Medium Stay Unit,Free,055-2288098,,,Uva Province,Badulla,Meedumpitiya,Various,Meedumpitiya,Medium Stay Unit for mental health rehabilitation,As per unit schedule (contact for current),MH staff,,Specialized medium-stay rehabilitation resource.,"<tr><td>Medium Stay Unit - Meedumpitiya<div class=""e-mail""></div></td><td>Uva Province</td><td>Badulla</td><td><a href=""tel:055-2288098"" class=""phone-link"">055-2288098</a><div class=""phone-secondary""></div></td><td>Free</td></tr>",,,,
1018,Melmedura (Sri Lanka Sumithrayo,Counseling,Nonprofit Branch,Free,011-2694665,011-2693460; 081-2234806,info@srilankasumithrayo.lk,Western Province,Colombo,Thimbirigasyaya,Thimbirigasyaya,"National Hospital of Sri Lanka, Colombo 10",Counselling,24/7 hospital emergency; psychiatry clinic schedule confirm locally,Consultant Psychiatry Team,https://www.mentalhealth.health.gov.lk/index.php?option=com_content&view=article&id=36&Itemid=196&lang=en; https://nhsl.health.gov.lk/web/index.php?option=com_foxcontact&view=foxcontact&Itemid=213&lang=en,Non-Governmental Organizations,"<tr><td>Melmedura (Sri Lanka Sumithrayo<div class=""e-mail"">info@srilankasumithrayo.lk</div></td><td>Western Province</td><td>Colombo</td><td><a href=""tel:011-2694665"" class=""phone-link"">011-2694665</a><div class=""phone-secondary"">011-2693460; 081-2234806</div></td><td>Free<div> <a href=""https://www.mentalhealth.health.gov.lk/index.php?option=com_content&view=article&id=36&Itemid=196&lang=en; https://nhsl.health.gov.lk/web/index.php?option=com_foxcontact&view=foxcontact&Itemid=213&lang=en"" class=""web-site""target=""_blank"" style=""text-decoration: none;"">Web Site  🔗</a></div></td></tr>",,,,
1019,Mencafep - Sri Lanka,Child Protection / Counseling,Online Service,Free,052-2222509,,https://lgbtqiacounseling.com/contact-us/,Central Province,Nuwara Eliya,Nuwara Eliya,Nuwara Eliya,"No 9 Park Gardens, Colombo 00500, Sri Lanka",Services for disabled children and their families,,,https://www.lgbtqiacounseling.com/sri-lanka/,Non-Governmental Organizations,"<tr><td>Mencafep - Sri Lanka<div class=""e-mail"">https://lgbtqiacounseling.com/contact-us/</div></td><td>Central Province</td><td>Nuwara Eliya</td><td><a href=""tel:052-2222509"" class=""phone-link"">052-2222509</a><div class=""phone-secondary""></div></td><td>Free<div> <a href=""https://www.lgbtqiacounseling.com/sri-lanka/"" class=""web-site""target=""_blank"" style=""text-decoration: none;"">Web Site  🔗</a></div></td></tr>",,,,
1020,Mental Health Counselling Centre,Counseling,NGO / Professional Counseling,Free,045-2222267,011-2584157; 077-9895252,rdhspu@gmail.com,Sabaragamuwa Province,Ratnapura,Eheliyagoda,Eheliyagoda,24 A Government Officers’ Village Diurumpitiya Gatahaththa,Counselling,Weekday office hours (confirm),Medical Officer / Mental Health Focal Point,https://www.fpasrilanka.org/en/alokaya-counselling-centre,Other Government Institutions,"<tr><td>Mental Health Counselling Centre<div class=""e-mail"">rdhspu@gmail.com</div></td><td>Sabaragamuwa Province</td><td>Ratnapura</td><td><a href=""tel:045-2222267"" class=""phone-link"">045-2222267</a><div class=""phone-secondary"">011-2584157; 077-9895252</div></td><td>Free<div> <a href=""https://www.fpasrilanka.org/en/alokaya-counselling-centre"" class=""web-site""target=""_blank"" style=""text-decoration: none;"">Web Site  🔗</a></div></td></tr>",,,,
1021,Mental Health Rehabilitation Centre Mawadivembu,Rehabilitation,Government Rehabilitation Centre,Free,065-2050454,065-2241055,,Eastern Province,Batticaloa,Mavadivembu,Mavadivembu,"Mavadivembu, Batticaloa District",Medium stay rehabilitation facilities,Call ahead to confirm current clinic hours,,,Government Hospitals,"<tr><td>Mental Health Rehabilitation Centre Mawadivembu<div class=""e-mail""></div></td><td>Eastern Province</td><td>Batticaloa</td><td><a href=""tel:065-2050454"" class=""phone-link"">065-2050454</a><div class=""phone-secondary"">065-2241055</div></td><td>Free</td></tr>",,,,
1022,Mental Health Rehabilitation Centre Palamunai,Mental Health + Rehabilitation,Government,Free,067-2056678,063-2222990,planning@hsampara.ep.gov.lk,Eastern Province,Ampara,Addalaichenai,Addalaichenai,"RDHS Office, Dharmapala Mawatha, Ampara",Rehabilitation Day care services Mental Health clinic,Weekday office hours (confirm),Medical Officer / Mental Health Focal Point,,Government Hospitals,"<tr><td>Mental Health Rehabilitation Centre Palamunai<div class=""e-mail"">planning@hsampara.ep.gov.lk</div></td><td>Eastern Province</td><td>Ampara</td><td><a href=""tel:067-2056678"" class=""phone-link"">067-2056678</a><div class=""phone-secondary"">063-2222990</div></td><td>Free</td></tr>",,,,
1023,Methodist Beaty Girls’ Home,Child Protection / Counseling,Government,Free,051-2224627,,,Central Province,Nuwara Eliya,Hatton,Hatton,,Residential care,,,,Children Homes & Care Services,"<tr><td>Methodist Beaty Girls’ Home<div class=""e-mail""></div></td><td>Central Province</td><td>Nuwara Eliya</td><td><a href=""tel:051-2224627"" class=""phone-link"">051-2224627</a><div class=""phone-secondary""></div></td><td>Free</td></tr>",,,,
1024,Methodist Girls’ Home,Child Protection / Counseling,Government,Free,065-2225402,,,Eastern Province,Batticaloa,Batticoloa,Batticoloa,,Residential care,,,,Children Homes & Care Services,"<tr><td>Methodist Girls’ Home<div class=""e-mail""></div></td><td>Eastern Province</td><td>Batticaloa</td><td><a href=""tel:065-2225402"" class=""phone-link"">065-2225402</a><div class=""phone-secondary""></div></td><td>Free</td></tr>",,,,
1025,Methodist Girls’ Home,Child Protection / Counseling,Private,Paid,067-2229182,,,Eastern Province,Trincomalee,Kalmunai North,Kalmunai North,,Residential care,,,,Children Homes & Care Services,"<tr><td>Methodist Girls’ Home<div class=""e-mail""></div></td><td>Eastern Province</td><td>Trincomalee</td><td><a href=""tel:067-2229182"" class=""phone-link"">067-2229182</a><div class=""phone-secondary""></div></td><td>Paid</td></tr>",,,,
1026,Methodist Voluntary Children’s Home,Child Protection / Counseling,Private,Paid,055-2222381,,,Uva Province,Badulla,Badulla,Badulla,,Residential care (Free of Charge),,,,Children Homes & Care Services,"<tr><td>Methodist Voluntary Children’s Home<div class=""e-mail""></div></td><td>Uva Province</td><td>Badulla</td><td><a href=""tel:055-2222381"" class=""phone-link"">055-2222381</a><div class=""phone-secondary""></div></td><td>Paid</td></tr>",,,,
1027,Methsarana Rehabilitation Child Development Centre,Child Protection / Counseling,Private,Paid,033-9668162,,,Western Province,Gampaha,Gampaha,Gampaha,,Residential care,,,,Children Homes & Care Services,"<tr><td>Methsarana Rehabilitation Child Development Centre<div class=""e-mail""></div></td><td>Western Province</td><td>Gampaha</td><td><a href=""tel:033-9668162"" class=""phone-link"">033-9668162</a><div class=""phone-secondary""></div></td><td>Paid</td></tr>",,,,
1028,Metta Children’s Home,Child Protection / Counseling,Government,Free,041-2264630,,,Southern Province,Matara,Matara,Matara,,Residential care Free of charge,,,,Children Homes & Care Services,"<tr><td>Metta Children’s Home<div class=""e-mail""></div></td><td>Southern Province</td><td>Matara</td><td><a href=""tel:041-2264630"" class=""phone-link"">041-2264630</a><div class=""phone-secondary""></div></td><td>Free</td></tr>",,,,
1029,Mihiri Gedara Children Home,Child Protection / Counseling,Government,Free,,,,Southern Province,Galle,Galle,Galle,Senanayaka Mawatha Walahanduwa,Residential care,,,,Children Homes & Care Services,"<tr><td>Mihiri Gedara Children Home<div class=""e-mail""></div></td><td>Southern Province</td><td>Galle</td><td><a href=""tel:"" class=""phone-link""></a><div class=""phone-secondary""></div></td><td>Free</td></tr>",,,,
1030,Military Hospital Colombo,Mental Health + Elder Care,Private Hospital,Paid,011-2697218,011-5430000; 070-2371591,info@lankahospitals.com,Western Province,Colombo,Colombo,Maharagama,"578 Elvitigala Mawatha, Narahenpita, Colombo 05",Mental Health clinic,Call/online booking for current schedule,Psychiatrists / Psychologists,https://www.lankahospitals.lk/contact/,Elders' Homes & Care Services,"<tr><td>Military Hospital Colombo<div class=""e-mail"">info@lankahospitals.com</div></td><td>Western Province</td><td>Colombo</td><td><a href=""tel:011-2697218"" class=""phone-link"">011-2697218</a><div class=""phone-secondary"">011-5430000; 070-2371591</div></td><td>Paid<div> <a href=""https://www.lankahospitals.lk/contact/"" class=""web-site""target=""_blank"" style=""text-decoration: none;"">Web Site  🔗</a></div></td></tr>",,,,
1031,Ministry of Women & Child Affairs - Women's Helpline,Women / Protection / Counseling,Government Helpline,Free,1938,,,National,Island wide,Island wide,Island-wide access,,Support/referral for women requiring assistance,24-Jul,,https://www.hithawathi.lk/how-to-get-help/useful-contact-information/,,"<tr><td>Ministry of Women & Child Affairs - Women's Helpline<div class=""e-mail""></div></td><td>National</td><td>Island wide</td><td><a href=""tel:1938"" class=""phone-link"">1938</a><div class=""phone-secondary""></div></td><td>Free<div> <a href=""https://www.hithawathi.lk/how-to-get-help/useful-contact-information/"" class=""web-site""target=""_blank"" style=""text-decoration: none;"">Web Site  🔗</a></div></td></tr>",,,,
1032,Miracle Health Hospital - Kurunegala,Mental Health / Private Channeling,Private Hospital,Paid,037-7390350,037-2223524,info@miraclehospitals.lk,North Western Province,Kurunegala,Kurunegala,Kurunegala,"No. 223, Dambulla Road, Kurunegala","Psychiatrist channeling; counselors; addiction, anxiety/depression and memory-clinic related specialist appointments; 24/7 OPD and pharmacy",24/7 OPD; psychiatry/counseling by appointment,Visiting psychiatrists / counselors,,Hospital contact: https://miraclehospitals.lk/; current psychiatrist/counselor listings: https://www.doc.lk/search?hospital=52&specialization=0,"<tr><td>Miracle Health Hospital - Kurunegala<div class=""e-mail"">info@miraclehospitals.lk</div></td><td>North Western Province</td><td>Kurunegala</td><td><a href=""tel:037-7390350"" class=""phone-link"">037-7390350</a><div class=""phone-secondary"">037-2223524</div></td><td>Paid</td></tr>",,,,
1033,Mishpa Home (8720,Mental Health,Government,Free,,,,Western Province,Gampaha,011 4896383,011 4896383,Residential care,Mishpa Home,,,,Non-Governmental Organizations,"<tr><td>Mishpa Home (8720<div class=""e-mail""></div></td><td>Western Province</td><td>Gampaha</td><td><a href=""tel:"" class=""phone-link""></a><div class=""phone-secondary""></div></td><td>Free</td></tr>",,,,
1034,Missionary of Therapy,Elder Care,Government,Free,091-3903151,,,Southern Province,Galle,Bope-Poddala,Bope-Poddala,,Residential care,,,,Elders' Homes & Care Services,"<tr><td>Missionary of Therapy<div class=""e-mail""></div></td><td>Southern Province</td><td>Galle</td><td><a href=""tel:091-3903151"" class=""phone-link"">091-3903151</a><div class=""phone-secondary""></div></td><td>Free</td></tr>",,,,
1035,Mithra Balika Children’s Home,Child Protection / Counseling,Private,Paid,025-2237544,,,North Central Province,Anuradhapura,Nuwaragam Palatha Central,Nuwaragam Palatha Central,,Residential care,,,,Children Homes & Care Services,"<tr><td>Mithra Balika Children’s Home<div class=""e-mail""></div></td><td>North Central Province</td><td>Anuradhapura</td><td><a href=""tel:025-2237544"" class=""phone-link"">025-2237544</a><div class=""phone-secondary""></div></td><td>Paid</td></tr>",,,,
1036,Mithuru Mithuro (DIC,Rehabilitation,Government,Free,011-3098368,,,Western Province,Colombo,Thimbirigasyaya,Thimbirigasyaya,,Rehabilitation of drug users,,,,Non-Governmental Organizations,"<tr><td>Mithuru Mithuro (DIC<div class=""e-mail""></div></td><td>Western Province</td><td>Colombo</td><td><a href=""tel:011-3098368"" class=""phone-link"">011-3098368</a><div class=""phone-secondary""></div></td><td>Free</td></tr>",,,,
1037,Mithuru Mithuro Organization,Counseling + Rehabilitation,Government,Free,045-2276000,,,Sabaragamuwa Province,Ratnapura,Palmadulla,Palmadulla,,Counselling Rehabilitation of substance abused,,,,Other Government Institutions,"<tr><td>Mithuru Mithuro Organization<div class=""e-mail""></div></td><td>Sabaragamuwa Province</td><td>Ratnapura</td><td><a href=""tel:045-2276000"" class=""phone-link"">045-2276000</a><div class=""phone-secondary""></div></td><td>Free</td></tr>",,,,
1038,Miyani Boys’ Town Home,Child Protection / Counseling,Government,Free,065-2241212,,,Eastern Province,Batticaloa,Thannamunai,Thannamunai,,Residential care,,,,Children Homes & Care Services,"<tr><td>Miyani Boys’ Town Home<div class=""e-mail""></div></td><td>Eastern Province</td><td>Batticaloa</td><td><a href=""tel:065-2241212"" class=""phone-link"">065-2241212</a><div class=""phone-secondary""></div></td><td>Free</td></tr>",,,,
1039,Miyani Girls’ Town Home,Child Protection / Counseling,Government,Free,065-2241213,,,Eastern Province,Batticaloa,Thannamunai,Thannamunai,,Residential care,,,,Children Homes & Care Services,"<tr><td>Miyani Girls’ Town Home<div class=""e-mail""></div></td><td>Eastern Province</td><td>Batticaloa</td><td><a href=""tel:065-2241213"" class=""phone-link"">065-2241213</a><div class=""phone-secondary""></div></td><td>Free</td></tr>",,,,
1040,Morawinna Child Development Centre,Child Protection / Counseling,Government,Free,,,,Western Province,Kalutara,Panadura,Panadura,328 Morawinna Panadura,Residential care,,,,Children Homes & Care Services,"<tr><td>Morawinna Child Development Centre<div class=""e-mail""></div></td><td>Western Province</td><td>Kalutara</td><td><a href=""tel:"" class=""phone-link""></a><div class=""phone-secondary""></div></td><td>Free</td></tr>",,,,
1041,Mother Theresa Freedom Home,Elder Care,Government,Free,,,,Northern Province,Jaffna,Kopay,Kopay,Kondawil Road Kopai,Residential care,,,,Elders' Homes & Care Services,"<tr><td>Mother Theresa Freedom Home<div class=""e-mail""></div></td><td>Northern Province</td><td>Jaffna</td><td><a href=""tel:"" class=""phone-link""></a><div class=""phone-secondary""></div></td><td>Free</td></tr>",,,,
1042,Mount Madonna Child Development Centre,Rehabilitation + Child Mental Health,Government,Free,066-3134814,,,Central Province,Matale,Galewela,Galewela,,Residential care Rehabilitation,,,,Children Homes & Care Services,"<tr><td>Mount Madonna Child Development Centre<div class=""e-mail""></div></td><td>Central Province</td><td>Matale</td><td><a href=""tel:066-3134814"" class=""phone-link"">066-3134814</a><div class=""phone-secondary""></div></td><td>Free</td></tr>",,,,
1043,Muditha Child Development Centre,Child Protection / Counseling,Private,Paid,031-7201117,,,Western Province,Gampaha,Divulapitiya,Divulapitiya,,Residential care,,,,Children Homes & Care Services,"<tr><td>Muditha Child Development Centre<div class=""e-mail""></div></td><td>Western Province</td><td>Gampaha</td><td><a href=""tel:031-7201117"" class=""phone-link"">031-7201117</a><div class=""phone-secondary""></div></td><td>Paid</td></tr>",,,,
1044,Muditha Volunteer,Child Protection / Counseling,Government,Free,,,,North Western Province,Kurunegala,Panduwasnuwara,Panduwasnuwara,Galkanda,Residential care,,,,Children Homes & Care Services,"<tr><td>Muditha Volunteer<div class=""e-mail""></div></td><td>North Western Province</td><td>Kurunegala</td><td><a href=""tel:"" class=""phone-link""></a><div class=""phone-secondary""></div></td><td>Free</td></tr>",,,,
1045,Muhandiram Emes and Emiliya Chandrasekara Senior Citizen Home,Elder Care,Government,Free,045-2265607,,,Sabaragamuwa Province,Ratnapura,Kiriella,Kiriella,,Residential care,,,,Elders' Homes & Care Services,"<tr><td>Muhandiram Emes and Emiliya Chandrasekara Senior Citizen Home<div class=""e-mail""></div></td><td>Sabaragamuwa Province</td><td>Ratnapura</td><td><a href=""tel:045-2265607"" class=""phone-link"">045-2265607</a><div class=""phone-secondary""></div></td><td>Free</td></tr>",,,,
1046,Muslim Balika Child Development Centre,Mental Health,Government,Free,011-2854109,,,Western Province,Colombo,Thimbirigasyaya,Thimbirigasyaya,,Residential care,,,,Non-Governmental Organizations,"<tr><td>Muslim Balika Child Development Centre<div class=""e-mail""></div></td><td>Western Province</td><td>Colombo</td><td><a href=""tel:011-2854109"" class=""phone-link"">011-2854109</a><div class=""phone-secondary""></div></td><td>Free</td></tr>",,,,
1047,Muslim Boys’ Child Development Centre,Child Protection / Counseling,Private,Paid,011-2913262,,,Western Province,Gampaha,Biyagama,Biyagama,,Residential care,,,,Children Homes & Care Services,"<tr><td>Muslim Boys’ Child Development Centre<div class=""e-mail""></div></td><td>Western Province</td><td>Gampaha</td><td><a href=""tel:011-2913262"" class=""phone-link"">011-2913262</a><div class=""phone-secondary""></div></td><td>Paid</td></tr>",,,,
1048,Muslim Foundation for cultural & development,Child Protection / Counseling,Private,Paid,001-1535738,,,Western Province,Gampaha,Gampaha,Gampaha,,Social support,,,,Children Homes & Care Services,"<tr><td>Muslim Foundation for cultural & development<div class=""e-mail""></div></td><td>Western Province</td><td>Gampaha</td><td><a href=""tel:001-1535738"" class=""phone-link"">001-1535738</a><div class=""phone-secondary""></div></td><td>Paid</td></tr>",,,,
1049,My Father Boys’ Home,Child Protection / Counseling,Government,Free,026-2226861,,,Eastern Province,Trincomalee,Trincomalee Town & Gravets,Trincomalee Town & Gravets,,Residential care,,,,Children Homes & Care Services,"<tr><td>My Father Boys’ Home<div class=""e-mail""></div></td><td>Eastern Province</td><td>Trincomalee</td><td><a href=""tel:026-2226861"" class=""phone-link"">026-2226861</a><div class=""phone-secondary""></div></td><td>Free</td></tr>",,,,
1050,Nallayan Child Development Centre,Child Protection / Counseling,Government,Free,,,,Northern Province,Mullaitivu,Mankulam,Mankulam,Jaffna Road Mankulam,Residential care,,,,Children Homes & Care Services,"<tr><td>Nallayan Child Development Centre<div class=""e-mail""></div></td><td>Northern Province</td><td>Mullaitivu</td><td><a href=""tel:"" class=""phone-link""></a><div class=""phone-secondary""></div></td><td>Free</td></tr>",,,,
1051,Nanasarana Children Home,Child Protection / Counseling,Government,Free,055-4936327,,,Uva Province,Monaragala,Kataragama,Kataragama,,Residential care,,,,Children Homes & Care Services,"<tr><td>Nanasarana Children Home<div class=""e-mail""></div></td><td>Uva Province</td><td>Monaragala</td><td><a href=""tel:055-4936327"" class=""phone-link"">055-4936327</a><div class=""phone-secondary""></div></td><td>Free</td></tr>",,,,
1052,Nandawanam Eldres’ Home,Elder Care,Government,Free,,,,Eastern Province,Batticaloa,Kaluwanchikudi,Kaluwanchikudi,Kovil Road Kaluwanchikudi 09,Residential care,,,,Elders' Homes & Care Services,"<tr><td>Nandawanam Eldres’ Home<div class=""e-mail""></div></td><td>Eastern Province</td><td>Batticaloa</td><td><a href=""tel:"" class=""phone-link""></a><div class=""phone-secondary""></div></td><td>Free</td></tr>",,,,
1053,Nanthavanam,Counseling + Child Mental Health,Government,Free,021-2282688,,,Northern Province,Kilinochchi,Karachchi,Karachchi,,Counselling Women empowerment,,,,Children Homes & Care Services,"<tr><td>Nanthavanam<div class=""e-mail""></div></td><td>Northern Province</td><td>Kilinochchi</td><td><a href=""tel:021-2282688"" class=""phone-link"">021-2282688</a><div class=""phone-secondary""></div></td><td>Free</td></tr>",,,,
1054,National Apprentice and Industrial Training Authority (NAITA),Mental Health,Government,Free,011-2888782,,,Western Province,Colombo,"Sri Jayawardenepura, Kotte","Sri Jayawardenepura, Kotte",,Vocational training,,,,Other Government Institutions,"<tr><td>National Apprentice and Industrial Training Authority (NAITA)<div class=""e-mail""></div></td><td>Western Province</td><td>Colombo</td><td><a href=""tel:011-2888782"" class=""phone-link"">011-2888782</a><div class=""phone-secondary""></div></td><td>Free</td></tr>",,,,
1055,National Child Protection Authority - Childline,Child Protection / Counseling,Government Authority,Free,1929,,ncpa@childprotection.gov.lk,National,Island wide,Island wide,Island-wide access,,"Child protection complaints, advice, emotional support and referral; Sinhala/Tamil/English",24-Jul,,,https://childprotection.gov.lk/en/what-we-do/1929-call-centre-helpline,"<tr><td>National Child Protection Authority - Childline<div class=""e-mail"">ncpa@childprotection.gov.lk</div></td><td>National</td><td>Island wide</td><td><a href=""tel:1929"" class=""phone-link"">1929</a><div class=""phone-secondary""></div></td><td>Free</td></tr>",,,,
1056,National Dangerous Drugs Control Board,Counseling + Rehabilitation,Government,Free,,,,Eastern Province,Trincomalee,Trincomalee,Trincomalee,Hot line (1927),Drug Counselling Rehabilitation Follow up Hot line service,,,,Other Government Institutions,"<tr><td>National Dangerous Drugs Control Board<div class=""e-mail""></div></td><td>Eastern Province</td><td>Trincomalee</td><td><a href=""tel:"" class=""phone-link""></a><div class=""phone-secondary""></div></td><td>Free</td></tr>",,,,
1057,National Dangerous Drugs Control Board,Counseling + Rehabilitation,Government,Free,,,,Uva Province,Badulla,Badulla,Badulla,District Secretariat Office Badulla,Counselling Rehabilitation,,,,Other Government Institutions,"<tr><td>National Dangerous Drugs Control Board<div class=""e-mail""></div></td><td>Uva Province</td><td>Badulla</td><td><a href=""tel:"" class=""phone-link""></a><div class=""phone-secondary""></div></td><td>Free</td></tr>",,,,
1058,National Dangerous Drugs Control Board,Counseling,Government Institution,Free,011-2868794,011-2868794,mail@nddcb.gov.lk,Western Province,Colombo,"Sri Jayawardenepura, Kotte","Sri Jayawardenepura, Kotte","No 383, Kotte Road, Rajagiriya.","Prevention, counselling screening & investigations (Lab) for drug use",24 hours,NA,https://www.nddcb.gov.lk,Other Government Institutions,"<tr><td>National Dangerous Drugs Control Board<div class=""e-mail"">mail@nddcb.gov.lk</div></td><td>Western Province</td><td>Colombo</td><td><a href=""tel:011-2868794"" class=""phone-link"">011-2868794</a><div class=""phone-secondary"">011-2868794</div></td><td>Free<div> <a href=""https://www.nddcb.gov.lk"" class=""web-site""target=""_blank"" style=""text-decoration: none;"">Web Site  🔗</a></div></td></tr>",,,,
1059,National Dangerous Drugs Control Board (NDDCB,Counseling + Elder Care,Government,Free,,,,Western Province,Kalutara,Kalutara,Kalutara,Helpline 1927,Counselling,,,,Elders' Homes & Care Services,"<tr><td>National Dangerous Drugs Control Board (NDDCB<div class=""e-mail""></div></td><td>Western Province</td><td>Kalutara</td><td><a href=""tel:"" class=""phone-link""></a><div class=""phone-secondary""></div></td><td>Free</td></tr>",,,,
1060,National Hospital Kandy,Mental Health,Government National / Teaching Hospital,Free,081-2222261,,dirnhkandy@health.gov.lk,Central Province,Kandy,Kandy,Gangawatakoralaya,"National Hospital Kandy, Kandy 20000",Psychiatry Inward facilities Mental Health clinic Mithuru Piyasa,24/7 hospital emergency; mental-health clinic schedule confirm locally,Dr. G.S. Abeywardana; Dr. (Mrs) I.J.M.H.A.P. Jayasekara; Dr. Gihan Abeywardhena; Dr. Shyama Arambepola; Dr. Surangi Jayarathna (Consultant Psychiatrists),https://nhkandy.org,Government Hospitals,"<tr><td>National Hospital Kandy<div class=""e-mail"">dirnhkandy@health.gov.lk</div></td><td>Central Province</td><td>Kandy</td><td><a href=""tel:081-2222261"" class=""phone-link"">081-2222261</a><div class=""phone-secondary""></div></td><td>Free<div> <a href=""https://nhkandy.org"" class=""web-site""target=""_blank"" style=""text-decoration: none;"">Web Site  🔗</a></div></td></tr>",,,,
1061,National Hospital of Sri Lanka (NHSL,Mental Health + Child Mental Health,Government National Hospital,Free,011-2691111,011-2693510,,Western Province,Colombo,Colombo,Colombo,"National Hospital of Sri Lanka, Colombo 10",Psychiatry Inward facilities Mental Health clinic Mithuru Piyasa Yowun Piyasa,24/7 hospital emergency; psychiatry clinic schedule confirm locally,Consultant Psychiatry Team,https://www.mentalhealth.health.gov.lk/index.php?option=com_content&view=article&id=36&Itemid=196&lang=en; https://nhsl.health.gov.lk/web/index.php?option=com_foxcontact&view=foxcontact&Itemid=213&lang=en,Government Hospitals,"<tr><td>National Hospital of Sri Lanka (NHSL<div class=""e-mail""></div></td><td>Western Province</td><td>Colombo</td><td><a href=""tel:011-2691111"" class=""phone-link"">011-2691111</a><div class=""phone-secondary"">011-2693510</div></td><td>Free<div> <a href=""https://www.mentalhealth.health.gov.lk/index.php?option=com_content&view=article&id=36&Itemid=196&lang=en; https://nhsl.health.gov.lk/web/index.php?option=com_foxcontact&view=foxcontact&Itemid=213&lang=en"" class=""web-site""target=""_blank"" style=""text-decoration: none;"">Web Site  🔗</a></div></td></tr>",,,,
1062,National Institute of Mental Health (NIMH,Mental Health + Counseling + Child Mental Health,Government Specialized Hospital,Free,011-2578234,011-2578234; 075-5551926,info@nimh.health.gov.lk,Western Province,Colombo,Kolonnawa,Kolonnawa,Mulleriyawa New Town,Psychiatry Inward facilities Mental Health clinic Gender Based Violence prevention Counselling Unit Yowun Piyasa,24-Jul,Director: Dr. Dammika Alahapperuma; multiple Consultant Psychiatrists,https://www.nimh.health.gov.lk/,Government Hospitals,"<tr><td>National Institute of Mental Health (NIMH<div class=""e-mail"">info@nimh.health.gov.lk</div></td><td>Western Province</td><td>Colombo</td><td><a href=""tel:011-2578234"" class=""phone-link"">011-2578234</a><div class=""phone-secondary"">011-2578234; 075-5551926</div></td><td>Free<div> <a href=""https://www.nimh.health.gov.lk/"" class=""web-site""target=""_blank"" style=""text-decoration: none;"">Web Site  🔗</a></div></td></tr>",,,,
1063,National Institute of Social Development (NISD),Counseling,Government,Free,,,,Eastern Province,Ampara,Ampara,Ampara,NISD Regional Office Ampara,Counselling Education Social development research,,,,Non-Governmental Organizations,"<tr><td>National Institute of Social Development (NISD)<div class=""e-mail""></div></td><td>Eastern Province</td><td>Ampara</td><td><a href=""tel:"" class=""phone-link""></a><div class=""phone-secondary""></div></td><td>Free</td></tr>",,,,
1064,National Mental Health Helpline,Mental Health,Government National Helpline,Free,1926,,,National,Island wide,Island wide,,National Institute of Mental Health / Directorate of Mental Health,24/7 National Mental Health Helpline; crisis support; counseling referral,24/7,Trained counselors / MH professionals,https://mentalhealth.health.gov.lk,Operated by NIMH / Directorate of Mental Health,"<tr><td>National Mental Health Helpline<div class=""e-mail""></div></td><td>National</td><td>Island wide</td><td><a href=""tel:1926"" class=""phone-link"">1926</a><div class=""phone-secondary""></div></td><td>Free<div> <a href=""https://mentalhealth.health.gov.lk"" class=""web-site""target=""_blank"" style=""text-decoration: none;"">Web Site  🔗</a></div></td></tr>",,,,
1065,National Secretariat for Elders,Elder Care,Government,Free,011-2054164,011-2578234; 075-5551926,nsemss@gmail.com,Western Province,Colombo,Kaduwela,Kaduwela,Mulleriyawa New Town,Elderly care services,24-Jul,,https://www.nimh.health.gov.lk/,Elders' Homes & Care Services,"<tr><td>National Secretariat for Elders<div class=""e-mail"">nsemss@gmail.com</div></td><td>Western Province</td><td>Colombo</td><td><a href=""tel:011-2054164"" class=""phone-link"">011-2054164</a><div class=""phone-secondary"">011-2578234; 075-5551926</div></td><td>Free<div> <a href=""https://www.nimh.health.gov.lk/"" class=""web-site""target=""_blank"" style=""text-decoration: none;"">Web Site  🔗</a></div></td></tr>",,,,
1066,National STD/AIDS Control Programme - Central Clinic,HIV / STI Testing,Government Sexual Health Clinic,Free,011-2667163,011-2667029,,National,Island wide,Colombo,Island-wide access,"29 De Saram Place, Colombo 10","Confidential HIV/STI testing, treatment and care, counselling, HIV self-testing support, PrEP and PEPSE",Mon-Fri 8am-4pm; Sat 8am-12pm; check Sunday PrEP schedule,,,https://aidscontrol.gov.lk/index.php?lang=en,"<tr><td>National STD/AIDS Control Programme - Central Clinic<div class=""e-mail""></div></td><td>National</td><td>Island wide</td><td><a href=""tel:011-2667163"" class=""phone-link"">011-2667163</a><div class=""phone-secondary"">011-2667029</div></td><td>Free</td></tr>",,,,
1067,National Training and Counselling Centre for children of probation department,Counseling + Elder Care,Government,Free,038-2297353,,,Western Province,Kalutara,Panadura,Panadura,,Training and counselling,,,,Elders' Homes & Care Services,"<tr><td>National Training and Counselling Centre for children of probation department<div class=""e-mail""></div></td><td>Western Province</td><td>Kalutara</td><td><a href=""tel:038-2297353"" class=""phone-link"">038-2297353</a><div class=""phone-secondary""></div></td><td>Free</td></tr>",,,,
1068,National Youth Services Council,Mental Health,Government,Free,011-2850986,011-2868794,mail@nddcb.gov.lk,Western Province,Colombo,Maharagama,Maharagama,"No 383, Kotte Road, Rajagiriya.",Youth development activities,24 hours,NA,https://www.nddcb.gov.lk,Other Government Institutions,"<tr><td>National Youth Services Council<div class=""e-mail"">mail@nddcb.gov.lk</div></td><td>Western Province</td><td>Colombo</td><td><a href=""tel:011-2850986"" class=""phone-link"">011-2850986</a><div class=""phone-secondary"">011-2868794</div></td><td>Free<div> <a href=""https://www.nddcb.gov.lk"" class=""web-site""target=""_blank"" style=""text-decoration: none;"">Web Site  🔗</a></div></td></tr>",,,,
1069,Navajeewana Tangalle,Counseling + Child Mental Health,Government,Free,047-2242718,,,Southern Province,Hambantota,Galle,Tangalle,"Tangalle, Hambantota District",Counselling services Psychosocial support Special Needs Education Speech and Language Therapy,Call ahead to confirm current clinic/consultant hours,,,Children Homes & Care Services,"<tr><td>Navajeewana Tangalle<div class=""e-mail""></div></td><td>Southern Province</td><td>Hambantota</td><td><a href=""tel:047-2242718"" class=""phone-link"">047-2242718</a><div class=""phone-secondary""></div></td><td>Free</td></tr>",,,,
1070,Navinna Channel Centre - Kurunegala,Private Healthcare / Referral,Private Hospital / Channel Centre,Paid,037-2223111,037-2222102,,North Western Province,Kurunegala,Kurunegala,Kurunegala,Kurunegala,Private hospital/channeling services; call to verify current psychiatrist or counseling availability,Call ahead to confirm current clinic/consultant hours,,,Current institution/contact listed by Kurunegala Divisional Secretariat: http://kurunegala.ds.gov.lk/index.php/en/hospitals.html. Dedicated psychiatry availability not independently confirmed.,"<tr><td>Navinna Channel Centre - Kurunegala<div class=""e-mail""></div></td><td>North Western Province</td><td>Kurunegala</td><td><a href=""tel:037-2223111"" class=""phone-link"">037-2223111</a><div class=""phone-secondary"">037-2222102</div></td><td>Paid</td></tr>",,,,
1071,Nawaloka Hospitals PLC - Colombo,Mental Health / Private Channeling,Private Hospital,Paid,011-5777777,011-5577111,,Western Province,Colombo,Colombo 02,Colombo,"23 Deshamanya H. K. Dharmadasa Mawatha, Colombo 02",Consultant psychiatrist channeling; emergency/hospital services,24/7 hospital; psychiatrist sessions by appointment,Visiting Consultant Psychiatrists,https://www.nawaloka.com,https://frame.doc.lk:8090/all/channel/5160,"<tr><td>Nawaloka Hospitals PLC - Colombo<div class=""e-mail""></div></td><td>Western Province</td><td>Colombo</td><td><a href=""tel:011-5777777"" class=""phone-link"">011-5777777</a><div class=""phone-secondary"">011-5577111</div></td><td>Paid<div> <a href=""https://www.nawaloka.com"" class=""web-site""target=""_blank"" style=""text-decoration: none;"">Web Site  🔗</a></div></td></tr>",,,,
1072,Nawaloka Medicare - Gampaha,Mental Health / Private Channeling,Private Medical Centre,Paid,033-5777777,,,Western Province,Gampaha,Gampaha,Gampaha,Gampaha,"Psychiatrist channeling; psycho-counseling / psychotherapy; ETU, laboratory, imaging and pharmacy",By appointment; call centre/online booking recommended,Visiting psychiatrist / psycho-counselor,,Facility services: https://nawalokamedicare.com/nawaloka-medicare-gampaha-2/; psychiatrist and psycho-counselor listings: https://frame.doc.lk:8090/all/channel/7191?specialization=29,"<tr><td>Nawaloka Medicare - Gampaha<div class=""e-mail""></div></td><td>Western Province</td><td>Gampaha</td><td><a href=""tel:033-5777777"" class=""phone-link"">033-5777777</a><div class=""phone-secondary""></div></td><td>Paid</td></tr>",,,,
1073,New District General Hospital Kamburugamuwa,Mental Health,Government,Free,041-2235712,,,Southern Province,Matara,Matara,Matara,,Mental Health clinic,,,,Government Hospitals,"<tr><td>New District General Hospital Kamburugamuwa<div class=""e-mail""></div></td><td>Southern Province</td><td>Matara</td><td><a href=""tel:041-2235712"" class=""phone-link"">041-2235712</a><div class=""phone-secondary""></div></td><td>Free</td></tr>",,,,
1074,New Mount Hospital - Hatton,Mental Health / Private Channeling,Private Hospital,Paid,051-2222445,,,Central Province,Nuwara Eliya,Hatton,Ambagamuwa,"275 Dimbulla Road, Hatton",Psychiatrist channeling has been listed for Hatton; private medical and inpatient services,Call to confirm psychiatrist availability before referral,Visiting Psychiatrist,,https://docreview.lk/specialties/psychiatrist/nuwara-eliya,"<tr><td>New Mount Hospital - Hatton<div class=""e-mail""></div></td><td>Central Province</td><td>Nuwara Eliya</td><td><a href=""tel:051-2222445"" class=""phone-link"">051-2222445</a><div class=""phone-secondary""></div></td><td>Paid</td></tr>",,,,
1075,Nilwala Sewana (>19 yrs),Mental Health,Government,Free,011-2755963,,,Western Province,Colombo,Homagama,Homagama,,Long stay residential care for mentally retarded persons,,,,Non-Governmental Organizations,"<tr><td>Nilwala Sewana (>19 yrs)<div class=""e-mail""></div></td><td>Western Province</td><td>Colombo</td><td><a href=""tel:011-2755963"" class=""phone-link"">011-2755963</a><div class=""phone-secondary""></div></td><td>Free</td></tr>",,,,
1076,Nisala Sevana Handicapped Rehabilitation Centre,Rehabilitation,Government,Free,035-2248616,,,Sabaragamuwa Province,Kegalle,Mawanella,Mawanella,,Rehabilitation activities for mentally unstable individuals Social Service,,,,Non-Governmental Organizations,"<tr><td>Nisala Sevana Handicapped Rehabilitation Centre<div class=""e-mail""></div></td><td>Sabaragamuwa Province</td><td>Kegalle</td><td><a href=""tel:035-2248616"" class=""phone-link"">035-2248616</a><div class=""phone-secondary""></div></td><td>Free</td></tr>",,,,
1077,Nisansala Day Centre for Mentally Retarded Young Adults,Child Protection / Counseling,Private,Paid,011-2237360,,,Western Province,Gampaha,Ja-Ela,Ja-Ela,,Day care,,,,Children Homes & Care Services,"<tr><td>Nisansala Day Centre for Mentally Retarded Young Adults<div class=""e-mail""></div></td><td>Western Province</td><td>Gampaha</td><td><a href=""tel:011-2237360"" class=""phone-link"">011-2237360</a><div class=""phone-secondary""></div></td><td>Paid</td></tr>",,,,
1078,Niwahana Society,Counseling,Government,Free,,,,Central Province,Kandy,Gangawatakoralaya,Gangawatakoralaya,376/D Pahala Eriyagama Peradeniya,Counselling training,,,,Non-Governmental Organizations,"<tr><td>Niwahana Society<div class=""e-mail""></div></td><td>Central Province</td><td>Kandy</td><td><a href=""tel:"" class=""phone-link""></a><div class=""phone-secondary""></div></td><td>Free</td></tr>",,,,
1079,Noguchi Child Development Centre,Mental Health,Government,Free,,,,Western Province,Colombo,Kesbewa,Kesbewa,473 Pepiliyana Boralesgamuwa,Residential care,,,,Non-Governmental Organizations,"<tr><td>Noguchi Child Development Centre<div class=""e-mail""></div></td><td>Western Province</td><td>Colombo</td><td><a href=""tel:"" class=""phone-link""></a><div class=""phone-secondary""></div></td><td>Free</td></tr>",,,,
1080,Northern Central Hospital - Jaffna,Mental Health / Private Channeling,Private Hospital,Paid,021-2219988,021-2219977,info@nchjaffna.com,Northern Province,Jaffna,Jaffna / Thirunelvely,Nallur area,"342, Palali Road, Jaffna",Private specialist channeling; psychiatrist referral/channeling available; 24-hour walk-in clinic and emergency,24-hour walk-in/emergency; psychiatrist schedule confirm by phone,Visiting specialists,,Current hospital contacts/services: http://nchjaffna.com/contact_us.php; Jaffna psychiatrist listing identifies Northern Central Hospital as a practice location: https://www.dialus.lk/list/Jaffna/-/psychiatrists/C_201,"<tr><td>Northern Central Hospital - Jaffna<div class=""e-mail"">info@nchjaffna.com</div></td><td>Northern Province</td><td>Jaffna</td><td><a href=""tel:021-2219988"" class=""phone-link"">021-2219988</a><div class=""phone-secondary"">021-2219977</div></td><td>Paid</td></tr>",,,,
1081,NSACP Community Sexual Health Centre - Wellawatte,STD / HIV,Government Community Sexual Health Centre,Free,011-2667163,071-6479192,infonsacpsim@gmail.com,Western Province,Colombo,Wellawatte,Colombo,"No.29, De Saram Place, Colombo 10,",Community-based confidential sexual-health/STI/HIV services,Contact NSACP central clinic for current hours,,,https://aidscontrol.gov.lk/index.php?option=com_content&view=article&id=6&Itemid=127&lang=en,"<tr><td>NSACP Community Sexual Health Centre - Wellawatte<div class=""e-mail"">infonsacpsim@gmail.com</div></td><td>Western Province</td><td>Colombo</td><td><a href=""tel:011-2667163"" class=""phone-link"">011-2667163</a><div class=""phone-secondary"">071-6479192</div></td><td>Free</td></tr>",,,,
1082,Nursing Home - Matale,Mental Health / Private Channeling,Private Hospital,Paid,,,,Central Province,Matale,Matale,,"Matale, Matale District",Psychiatrist channeling; call to confirm current session,Call ahead to confirm current clinic/consultant hours,,https://www.echannelling.com/doctor-search/D4080-H602,,"<tr><td>Nursing Home - Matale<div class=""e-mail""></div></td><td>Central Province</td><td>Matale</td><td><a href=""tel:"" class=""phone-link""></a><div class=""phone-secondary""></div></td><td>Paid<div> <a href=""https://www.echannelling.com/doctor-search/D4080-H602"" class=""web-site""target=""_blank"" style=""text-decoration: none;"">Web Site  🔗</a></div></td></tr>",,,,
1083,Oba Mama Children’s Home,Child Protection / Counseling,Private,Paid,041-2264573,,,Southern Province,Matara,Matara,Matara,,Residential care Free of charge,,,,Children Homes & Care Services,"<tr><td>Oba Mama Children’s Home<div class=""e-mail""></div></td><td>Southern Province</td><td>Matara</td><td><a href=""tel:041-2264573"" class=""phone-link"">041-2264573</a><div class=""phone-secondary""></div></td><td>Paid</td></tr>",,,,
1084,Occupational Therapy Centre Habaraduwa,Counseling,Government,Free,091-2282002,,,Southern Province,Galle,Habaraduwa,Habaraduwa,,Counselling Outpatient & residential care,,,,Government Hospitals,"<tr><td>Occupational Therapy Centre Habaraduwa<div class=""e-mail""></div></td><td>Southern Province</td><td>Galle</td><td><a href=""tel:091-2282002"" class=""phone-link"">091-2282002</a><div class=""phone-secondary""></div></td><td>Free</td></tr>",,,,
1085,Organization of People for Engagement and Enterprise (OPENE),Counseling,Government,Free,023-2051604,,,Northern Province,Mannar,Mannar,Mannar,,Psychosocial support,,,,Non-Governmental Organizations,"<tr><td>Organization of People for Engagement and Enterprise (OPENE)<div class=""e-mail""></div></td><td>Northern Province</td><td>Mannar</td><td><a href=""tel:023-2051604"" class=""phone-link"">023-2051604</a><div class=""phone-secondary""></div></td><td>Free</td></tr>",,,,
1086,Orhan,Child Protection / Counseling,Government,Free,024-2051204,"077-7343531, 077-4132349",orhanvavuniya@gmail.com,Northern Province,Vavuniya,Vavuniya,Vavuniya,"2nd Lane, Balavinayagar Road, Thavasikulam, Vavuniya",Special needs children education,,,www.orhansrilanka.org,Non-Governmental Organizations,"<tr><td>Orhan<div class=""e-mail"">orhanvavuniya@gmail.com</div></td><td>Northern Province</td><td>Vavuniya</td><td><a href=""tel:024-2051204"" class=""phone-link"">024-2051204</a><div class=""phone-secondary"">077-7343531, 077-4132349</div></td><td>Free<div> <a href=""www.orhansrilanka.org"" class=""web-site""target=""_blank"" style=""text-decoration: none;"">Web Site  🔗</a></div></td></tr>",,,,
1087,Ozanam centre,Child Protection / Counseling,Government,Free,077-8321982,065-3658636,,Eastern Province,Batticaloa,Batticaloa,Batticaloa,,Residential care for special need children,,,,Children Homes & Care Services,"<tr><td>Ozanam centre<div class=""e-mail""></div></td><td>Eastern Province</td><td>Batticaloa</td><td><a href=""tel:077-8321982"" class=""phone-link"">077-8321982</a><div class=""phone-secondary"">065-3658636</div></td><td>Free</td></tr>",,,,
1088,P. D. Karunarathna Child Development Centre,Child Protection / Counseling,Government,Free,,,,Western Province,Kalutara,Kalutara,Kalutara,Maputugala Poruwadanda,Residential care,,,,Children Homes & Care Services,"<tr><td>P. D. Karunarathna Child Development Centre<div class=""e-mail""></div></td><td>Western Province</td><td>Kalutara</td><td><a href=""tel:"" class=""phone-link""></a><div class=""phone-secondary""></div></td><td>Free</td></tr>",,,,
1089,Pahamune Children Home (Girls,Child Protection / Counseling,Government,Free,037-2247733,,,North Western Province,Kurunegala,Katupotha,Katupotha,,Residential care,,,,Children Homes & Care Services,"<tr><td>Pahamune Children Home (Girls<div class=""e-mail""></div></td><td>North Western Province</td><td>Kurunegala</td><td><a href=""tel:037-2247733"" class=""phone-link"">037-2247733</a><div class=""phone-secondary""></div></td><td>Free</td></tr>",,,,
1090,Pahan Piyasa Mental Health Rehabilitation Centre,Counseling + Rehabilitation + Elder Care,Government,Free,071-6680947,038-2282979,pahanadee@gmail.com,Western Province,Kalutara,Panadura,Panadura,Morontuduwa Road Melagama Wadduwa,Rehabilitation Residential care Counselling,,,,Elders' Homes & Care Services,"<tr><td>Pahan Piyasa Mental Health Rehabilitation Centre<div class=""e-mail"">pahanadee@gmail.com</div></td><td>Western Province</td><td>Kalutara</td><td><a href=""tel:071-6680947"" class=""phone-link"">071-6680947</a><div class=""phone-secondary"">038-2282979</div></td><td>Free</td></tr>",,,,
1091,PALM Foundation,Mental Health,Government,Free,052-2222839,077-4361079,palm@slt.lk,Central Province,Nuwara Eliya,Nuwara Eliya,Nuwara Eliya,"133, Lady McCullam's, Nuwara Eliya, Sri Lanka",Community development activities,,,https://palmfoundation.lk/,Non-Governmental Organizations,"<tr><td>PALM Foundation<div class=""e-mail"">palm@slt.lk</div></td><td>Central Province</td><td>Nuwara Eliya</td><td><a href=""tel:052-2222839"" class=""phone-link"">052-2222839</a><div class=""phone-secondary"">077-4361079</div></td><td>Free<div> <a href=""https://palmfoundation.lk/"" class=""web-site""target=""_blank"" style=""text-decoration: none;"">Web Site  🔗</a></div></td></tr>",,,,
1092,Pamunugama Child Development Centre,Child Protection / Counseling,Private,Paid,011-2242622,,,Western Province,Gampaha,Wattala,Wattala,,Residential care,,,,Children Homes & Care Services,"<tr><td>Pamunugama Child Development Centre<div class=""e-mail""></div></td><td>Western Province</td><td>Gampaha</td><td><a href=""tel:011-2242622"" class=""phone-link"">011-2242622</a><div class=""phone-secondary""></div></td><td>Paid</td></tr>",,,,
1093,Paradise Government Children’s Home,Child Protection / Counseling,Government,Free,045-2262117,,,Sabaragamuwa Province,Ratnapura,Kuruwita,Kuruwita,,Residential care,,,,Children Homes & Care Services,"<tr><td>Paradise Government Children’s Home<div class=""e-mail""></div></td><td>Sabaragamuwa Province</td><td>Ratnapura</td><td><a href=""tel:045-2262117"" class=""phone-link"">045-2262117</a><div class=""phone-secondary""></div></td><td>Free</td></tr>",,,,
1094,Parakrama Child Development Centre,Child Protection / Counseling,Private,Paid,011-2956685,,,Western Province,Gampaha,Ragama,Ragama,,Residential care,,,,Children Homes & Care Services,"<tr><td>Parakrama Child Development Centre<div class=""e-mail""></div></td><td>Western Province</td><td>Gampaha</td><td><a href=""tel:011-2956685"" class=""phone-link"">011-2956685</a><div class=""phone-secondary""></div></td><td>Paid</td></tr>",,,,
1095,Parakum Balika Children’s Home,Child Protection / Counseling,Government,Free,027-2222805,,,North Central Province,Polonnaruwa,Polonnaruwa,Polonnaruwa,,Residential care,,,,Children Homes & Care Services,"<tr><td>Parakum Balika Children’s Home<div class=""e-mail""></div></td><td>North Central Province</td><td>Polonnaruwa</td><td><a href=""tel:027-2222805"" class=""phone-link"">027-2222805</a><div class=""phone-secondary""></div></td><td>Free</td></tr>",,,,
1096,Paralyses Nursing Home,Child Protection / Counseling,NGO,Free,021-2282201,,,Northern Province,Mannar,Karachchi,Karachchi,,Residential care for physically challenged children,,,,Children Homes & Care Services,"<tr><td>Paralyses Nursing Home<div class=""e-mail""></div></td><td>Northern Province</td><td>Mannar</td><td><a href=""tel:021-2282201"" class=""phone-link"">021-2282201</a><div class=""phone-secondary""></div></td><td>Free</td></tr>",,,,
1097,Parami Elder’s Home – Dodangoda,Elder Care,Private,Paid,034-2281654,,,Western Province,Kalutara,Dodangoda,Dodangoda,Ranaweera Watta Kandanagoda,Residential care,Call to confirm,,,Elders' Homes & Care Services,"<tr><td>Parami Elder’s Home – Dodangoda<div class=""e-mail""></div></td><td>Western Province</td><td>Kalutara</td><td><a href=""tel:034-2281654"" class=""phone-link"">034-2281654</a><div class=""phone-secondary""></div></td><td>Paid</td></tr>",,,,
1098,Pari Mahalir Child Development Centre,Child Protection / Counseling,Government,Free,,,,Northern Province,Mullaitivu,Mullaithivu,Mullaithivu,Mulliyavalai Mullaithivu,Residential care,,,,Children Homes & Care Services,"<tr><td>Pari Mahalir Child Development Centre<div class=""e-mail""></div></td><td>Northern Province</td><td>Mullaitivu</td><td><a href=""tel:"" class=""phone-link""></a><div class=""phone-secondary""></div></td><td>Free</td></tr>",,,,
1099,Peiris Children Home,Child Protection / Counseling,Government,Free,037-4907437,,,North Western Province,Kurunegala,Katupotha,Katupotha,,Residential care,,,,Children Homes & Care Services,"<tr><td>Peiris Children Home<div class=""e-mail""></div></td><td>North Western Province</td><td>Kurunegala</td><td><a href=""tel:037-4907437"" class=""phone-link"">037-4907437</a><div class=""phone-secondary""></div></td><td>Free</td></tr>",,,,
1100,Peter Weerasekara Child Development Centre,Child Protection / Counseling,Private,Paid,033-2222095,,,Western Province,Gampaha,Mahara,Mahara,,Residential care,,,,Children Homes & Care Services,"<tr><td>Peter Weerasekara Child Development Centre<div class=""e-mail""></div></td><td>Western Province</td><td>Gampaha</td><td><a href=""tel:033-2222095"" class=""phone-link"">033-2222095</a><div class=""phone-secondary""></div></td><td>Paid</td></tr>",,,,
1101,Police Bureau for Investigation of Abuse of Children & Women,Police / Protection,Government Police Bureau,Free,011-2444444,,cwb.online@police.gov.lk,National,Island wide,Colombo / Island-wide coordination,Island-wide access,"Grandpass Road, Colombo",Complaints and investigation support concerning violence/abuse involving children and women; coordinates with police stations,Public complaint room operates 24 hours,,https://www.police.lk/?page_id=12126&lang=ta,,"<tr><td>Police Bureau for Investigation of Abuse of Children & Women<div class=""e-mail"">cwb.online@police.gov.lk</div></td><td>National</td><td>Island wide</td><td><a href=""tel:011-2444444"" class=""phone-link"">011-2444444</a><div class=""phone-secondary""></div></td><td>Free<div> <a href=""https://www.police.lk/?page_id=12126&lang=ta"" class=""web-site""target=""_blank"" style=""text-decoration: none;"">Web Site  🔗</a></div></td></tr>",,,,
1102,Police Hospital Colombo,Mental Health + Elder Care,Private Hospital,Paid,011-2501385,011-5430000; 070-2371591,info@lankahospitals.com,Western Province,Colombo,Colombo,Thimbirigasyaya,"578 Elvitigala Mawatha, Narahenpita, Colombo 05",Mental Health clinic,Call/online booking for current schedule,Psychiatrists / Psychologists,https://www.lankahospitals.lk/contact/,Elders' Homes & Care Services,"<tr><td>Police Hospital Colombo<div class=""e-mail"">info@lankahospitals.com</div></td><td>Western Province</td><td>Colombo</td><td><a href=""tel:011-2501385"" class=""phone-link"">011-2501385</a><div class=""phone-secondary"">011-5430000; 070-2371591</div></td><td>Paid<div> <a href=""https://www.lankahospitals.lk/contact/"" class=""web-site""target=""_blank"" style=""text-decoration: none;"">Web Site  🔗</a></div></td></tr>",,,,
1103,Prabhodha Hospital Pvt Ltd,Mental Health / Private Channeling,Private Hospital,Paid,063-2223606,,,Eastern Province,Ampara,Ampara,Ampara,"No. 21, Pandukabaya Mawatha, Ampara 32000",Psychiatrist channeling; private hospital services,Psychiatry by appointment; call for current session,Visiting Psychiatrists,https://www.echannelling.com/doctor-search?hospital_code=H197,,"<tr><td>Prabhodha Hospital Pvt Ltd<div class=""e-mail""></div></td><td>Eastern Province</td><td>Ampara</td><td><a href=""tel:063-2223606"" class=""phone-link"">063-2223606</a><div class=""phone-secondary""></div></td><td>Paid<div> <a href=""https://www.echannelling.com/doctor-search?hospital_code=H197"" class=""web-site""target=""_blank"" style=""text-decoration: none;"">Web Site  🔗</a></div></td></tr>",,,,
1104,Pradeepaloka Girls’ Child Development Centre,Rehabilitation + Child Mental Health,Private,Paid,066-2223758,,,Central Province,Matale,Matale,Matale,,Residential care Rehabilitation,,,,Children Homes & Care Services,"<tr><td>Pradeepaloka Girls’ Child Development Centre<div class=""e-mail""></div></td><td>Central Province</td><td>Matale</td><td><a href=""tel:066-2223758"" class=""phone-link"">066-2223758</a><div class=""phone-secondary""></div></td><td>Paid</td></tr>",,,,
1105,Prajapathi Home (Below 3years,Child Protection / Counseling,Government,Free,038-2232638,,,Western Province,Kalutara,Panadura,Panadura,,Residential care,,,,Children Homes & Care Services,"<tr><td>Prajapathi Home (Below 3years<div class=""e-mail""></div></td><td>Western Province</td><td>Kalutara</td><td><a href=""tel:038-2232638"" class=""phone-link"">038-2232638</a><div class=""phone-secondary""></div></td><td>Free</td></tr>",,,,
1106,Prathya by Hashtag Generation,Cyber Violence Support,NGO,Free,077-7955900,,,National,Island wide,Online,National,Sri Lanka,Online violence support,,,https://www.hashtaggeneration.org/,,"<tr><td>Prathya by Hashtag Generation<div class=""e-mail""></div></td><td>National</td><td>Island wide</td><td><a href=""tel:077-7955900"" class=""phone-link"">077-7955900</a><div class=""phone-secondary""></div></td><td>Free<div> <a href=""https://www.hashtaggeneration.org/"" class=""web-site""target=""_blank"" style=""text-decoration: none;"">Web Site  🔗</a></div></td></tr>",,,,
1107,Praveena Ranaviru Niwasaya,Elder Care,Private,Paid,,,,Western Province,Gampaha,Katana,Katana,Bolagala Katana,Residential care,,,,Elders' Homes & Care Services,"<tr><td>Praveena Ranaviru Niwasaya<div class=""e-mail""></div></td><td>Western Province</td><td>Gampaha</td><td><a href=""tel:"" class=""phone-link""></a><div class=""phone-secondary""></div></td><td>Paid</td></tr>",,,,
1108,"Pre School for the Deaf Children, National Council for the Deaf (2 1/2 -6 years",Mental Health,Government,Free,011-2865080,011-2863145,,Western Province,Colombo,"Sri Jayawardenepura, Kotte","Sri Jayawardenepura, Kotte",,Residential care,,,,Non-Governmental Organizations,"<tr><td>Pre School for the Deaf Children, National Council for the Deaf (2 1/2 -6 years<div class=""e-mail""></div></td><td>Western Province</td><td>Colombo</td><td><a href=""tel:011-2865080"" class=""phone-link"">011-2865080</a><div class=""phone-secondary"">011-2863145</div></td><td>Free</td></tr>",,,,
1109,PREDO,Child Protection / Counseling,NGO,Free,,,,Central Province,Nuwara Eliya,Ambagamuwa,Ambagamuwa,7 Temple Road Bogawanthalawa,Child development,,,,Children Homes & Care Services,"<tr><td>PREDO<div class=""e-mail""></div></td><td>Central Province</td><td>Nuwara Eliya</td><td><a href=""tel:"" class=""phone-link""></a><div class=""phone-secondary""></div></td><td>Free</td></tr>",,,,
1110,Preethi Balika Children’s Home,Child Protection / Counseling,Private,Paid,025-2276170,,,North Central Province,Anuradhapura,Thalawa,Thalawa,,Residential care,,,,Children Homes & Care Services,"<tr><td>Preethi Balika Children’s Home<div class=""e-mail""></div></td><td>North Central Province</td><td>Anuradhapura</td><td><a href=""tel:025-2276170"" class=""phone-link"">025-2276170</a><div class=""phone-secondary""></div></td><td>Paid</td></tr>",,,,
1111,Preethi Pura Home (Below 5 years boys / girls,Child Protection / Counseling,Private,Paid,011-2930635,,,Western Province,Gampaha,Wattala,Wattala,,Residential care,,,,Children Homes & Care Services,"<tr><td>Preethi Pura Home (Below 5 years boys / girls<div class=""e-mail""></div></td><td>Western Province</td><td>Gampaha</td><td><a href=""tel:011-2930635"" class=""phone-link"">011-2930635</a><div class=""phone-secondary""></div></td><td>Paid</td></tr>",,,,
1112,Premier care,Counseling,Private,Paid,076-5588588,,info@premiercare.lk,Western Province,Colombo,Colombo 05,Colombo,"34/6, Kirula RoadColombo 05 Sri Lanka",Physiotherapy; Psychological Counseling; Clinical Psychology,,Dr. Hafeeza Begum; Dr. Nimeera Weerarathne,https://www.premiercare.lk/,,"<tr><td>Premier care<div class=""e-mail"">info@premiercare.lk</div></td><td>Western Province</td><td>Colombo</td><td><a href=""tel:076-5588588"" class=""phone-link"">076-5588588</a><div class=""phone-secondary""></div></td><td>Paid<div> <a href=""https://www.premiercare.lk/"" class=""web-site""target=""_blank"" style=""text-decoration: none;"">Web Site  🔗</a></div></td></tr>",,,,
1113,Primary Medical Care Unit - Aluthgama,Mental Health,Government,Free,037-3619961,,,North Western Province,Puttalam,Kaluwaragaswewa,Kaluwaragaswewa,,Mental Health clinic,,,,Government Hospitals,"<tr><td>Primary Medical Care Unit - Aluthgama<div class=""e-mail""></div></td><td>North Western Province</td><td>Puttalam</td><td><a href=""tel:037-3619961"" class=""phone-link"">037-3619961</a><div class=""phone-secondary""></div></td><td>Free</td></tr>",,,,
1114,Primary Medical Care Unit - Beralihela,Mental Health,Government Primary Medical Care Unit,Free,047-3473211,,,Southern Province,Hambantota,Lunugamwehera,Lunugamwehera,"Beralihela, Hambantota District",Mental Health clinic,Call ahead to confirm current clinic/consultant hours,,,Government Hospitals,"<tr><td>Primary Medical Care Unit - Beralihela<div class=""e-mail""></div></td><td>Southern Province</td><td>Hambantota</td><td><a href=""tel:047-3473211"" class=""phone-link"">047-3473211</a><div class=""phone-secondary""></div></td><td>Free</td></tr>",,,,
1115,Primary Medical Care Unit - Devinuwara,Mental Health,Government Primary Medical Care Unit,Free,041-3444954,041-2222533,,Southern Province,Matara,Devinuwara,Devinuwara,"Devinuvara, Matara District",Mental Health clinic,Call ahead to confirm current clinic/consultant hours,,https://www.mentalhealth.health.gov.lk/index.php?option=com_content&view=article&id=48&Itemid=207&lang=en ; https://lankainformation.lk/directory/health/list-of-hospitals-in-sri-lanka/matara-district,Government Hospitals,"<tr><td>Primary Medical Care Unit - Devinuwara<div class=""e-mail""></div></td><td>Southern Province</td><td>Matara</td><td><a href=""tel:041-3444954"" class=""phone-link"">041-3444954</a><div class=""phone-secondary"">041-2222533</div></td><td>Free<div> <a href=""https://www.mentalhealth.health.gov.lk/index.php?option=com_content&view=article&id=48&Itemid=207&lang=en ; https://lankainformation.lk/directory/health/list-of-hospitals-in-sri-lanka/matara-district"" class=""web-site""target=""_blank"" style=""text-decoration: none;"">Web Site  🔗</a></div></td></tr>",,,,
1116,Primary Medical Care Unit - Hakmana,Mental Health,Government Primary Medical Care Unit,Free,041-2282261,041-2288025,,Southern Province,Matara,Hakmana,Hakmana,"Hakmana, Matara District",Mental Health clinic,Call ahead to confirm current clinic/consultant hours,,https://www.mentalhealth.health.gov.lk/index.php?option=com_content&view=article&id=48&Itemid=207&lang=en ; https://lankainformation.lk/directory/health/list-of-hospitals-in-sri-lanka/matara-district,Government Hospitals,"<tr><td>Primary Medical Care Unit - Hakmana<div class=""e-mail""></div></td><td>Southern Province</td><td>Matara</td><td><a href=""tel:041-2282261"" class=""phone-link"">041-2282261</a><div class=""phone-secondary"">041-2288025</div></td><td>Free<div> <a href=""https://www.mentalhealth.health.gov.lk/index.php?option=com_content&view=article&id=48&Itemid=207&lang=en ; https://lankainformation.lk/directory/health/list-of-hospitals-in-sri-lanka/matara-district"" class=""web-site""target=""_blank"" style=""text-decoration: none;"">Web Site  🔗</a></div></td></tr>",,,,
1117,Primary Medical Care Unit - Iyankankulam,Mental Health,Government Hospital,Free,021-5204994,,,Northern Province,Mullaitivu,Mallavi,Mallavi,"Mulliyavalai, Mullaitivu District",Mental Health clinic,Call ahead to confirm current clinic/consultant hours,,,Government Hospitals,"<tr><td>Primary Medical Care Unit - Iyankankulam<div class=""e-mail""></div></td><td>Northern Province</td><td>Mullaitivu</td><td><a href=""tel:021-5204994"" class=""phone-link"">021-5204994</a><div class=""phone-secondary""></div></td><td>Free</td></tr>",,,,
1118,Primary Medical Care Unit - Jeyapuram,Mental Health,Government,Free,021-3208064,,,Northern Province,Kilinochchi,Poonakary,Poonakary,"Kilinochchi, Kilinochchi District",Mental Health clinic,Call ahead to confirm current clinic/consultant hours,,https://www.dialus.lk/all/list/Kilinochchi/medical-clinics,Government Hospitals,"<tr><td>Primary Medical Care Unit - Jeyapuram<div class=""e-mail""></div></td><td>Northern Province</td><td>Kilinochchi</td><td><a href=""tel:021-3208064"" class=""phone-link"">021-3208064</a><div class=""phone-secondary""></div></td><td>Free<div> <a href=""https://www.dialus.lk/all/list/Kilinochchi/medical-clinics"" class=""web-site""target=""_blank"" style=""text-decoration: none;"">Web Site  🔗</a></div></td></tr>",,,,
1119,Primary Medical Care Unit - Kaduwela,Mental Health + Elder Care,Government,Free,036-2251308,,,Western Province,Colombo,Kaduwela,Kaduwela,,Mental Health clinic,,,,Elders' Homes & Care Services,"<tr><td>Primary Medical Care Unit - Kaduwela<div class=""e-mail""></div></td><td>Western Province</td><td>Colombo</td><td><a href=""tel:036-2251308"" class=""phone-link"">036-2251308</a><div class=""phone-secondary""></div></td><td>Free</td></tr>",,,,
1120,Primary Medical Care Unit - Kalagedihena,Mental Health / Community Support,Government Primary Medical Care Unit,Free,,,,Western Province,Gampaha,Kalagedihena,Attanagalla area,"Kalagedihena, Gampaha District",Mental Health Clinic; Community Support Centre,Call ahead to confirm current clinic/consultant hours,,,Official Directorate of Mental Health listing: https://mentalhealth.health.gov.lk/index.php?option=com_content&view=article&id=38&Itemid=219&lang=en,"<tr><td>Primary Medical Care Unit - Kalagedihena<div class=""e-mail""></div></td><td>Western Province</td><td>Gampaha</td><td><a href=""tel:"" class=""phone-link""></a><div class=""phone-secondary""></div></td><td>Free</td></tr>",,,,
1121,Primary Medical Care Unit - Kamburugamuwa,Mental Health,Government,Free,041-2222589,,,Southern Province,Matara,Matara,Matara,"Hakmana, Matara District",Mental Health clinic,Call ahead to confirm current clinic/consultant hours,,https://www.mentalhealth.health.gov.lk/index.php?option=com_content&view=article&id=48&Itemid=207&lang=en ; https://lankainformation.lk/directory/health/list-of-hospitals-in-sri-lanka/matara-district,Government Hospitals,"<tr><td>Primary Medical Care Unit - Kamburugamuwa<div class=""e-mail""></div></td><td>Southern Province</td><td>Matara</td><td><a href=""tel:041-2222589"" class=""phone-link"">041-2222589</a><div class=""phone-secondary""></div></td><td>Free<div> <a href=""https://www.mentalhealth.health.gov.lk/index.php?option=com_content&view=article&id=48&Itemid=207&lang=en ; https://lankainformation.lk/directory/health/list-of-hospitals-in-sri-lanka/matara-district"" class=""web-site""target=""_blank"" style=""text-decoration: none;"">Web Site  🔗</a></div></td></tr>",,,,
1122,Primary Medical Care Unit - Koralawella,Mental Health + Elder Care,Government,Free,011-2643087,,,Western Province,Colombo,Moratuwa,Moratuwa,,Mental Health clinic,,,,Elders' Homes & Care Services,"<tr><td>Primary Medical Care Unit - Koralawella<div class=""e-mail""></div></td><td>Western Province</td><td>Colombo</td><td><a href=""tel:011-2643087"" class=""phone-link"">011-2643087</a><div class=""phone-secondary""></div></td><td>Free</td></tr>",,,,
1123,Primary Medical Care Unit - Kottantiv,Mental Health,Government,Free,032-3297813,,,North Western Province,Puttalam,Mundel,Mundel,,Mental Health clinic,,,,Government Hospitals,"<tr><td>Primary Medical Care Unit - Kottantiv<div class=""e-mail""></div></td><td>North Western Province</td><td>Puttalam</td><td><a href=""tel:032-3297813"" class=""phone-link"">032-3297813</a><div class=""phone-secondary""></div></td><td>Free</td></tr>",,,,
1124,Primary Medical Care Unit - Kumulamunai,Mental Health,Government Hospital,Free,021-3900004,,,Northern Province,Mullaitivu,Mullaitivu,Mullaitivu,"Kumulumunai, Mullaitivu District",Mental Health clinic,Call ahead to confirm current clinic/consultant hours,,,Government Hospitals,"<tr><td>Primary Medical Care Unit - Kumulamunai<div class=""e-mail""></div></td><td>Northern Province</td><td>Mullaitivu</td><td><a href=""tel:021-3900004"" class=""phone-link"">021-3900004</a><div class=""phone-secondary""></div></td><td>Free</td></tr>",,,,
1125,Primary Medical Care Unit - Madiwela,Mental Health + Elder Care,Government,Free,011-2799585,,,Western Province,Colombo,"Sri Jayawardenepura, Kotte","Sri Jayawardenepura, Kotte",,Mental Health clinic,,,,Elders' Homes & Care Services,"<tr><td>Primary Medical Care Unit - Madiwela<div class=""e-mail""></div></td><td>Western Province</td><td>Colombo</td><td><a href=""tel:011-2799585"" class=""phone-link"">011-2799585</a><div class=""phone-secondary""></div></td><td>Free</td></tr>",,,,
1126,Primary medical Care unit - Meegoda,Mental Health + Elder Care,Government,Free,011-2175977,,,Western Province,Colombo,Homagama,Homagama,,Mental Health clinic,,,,Elders' Homes & Care Services,"<tr><td>Primary medical Care unit - Meegoda<div class=""e-mail""></div></td><td>Western Province</td><td>Colombo</td><td><a href=""tel:011-2175977"" class=""phone-link"">011-2175977</a><div class=""phone-secondary""></div></td><td>Free</td></tr>",,,,
1127,Primary Medical Care Unit - Mirissa,Mental Health,Government Primary Medical Care Unit,Free,041-2250261,041-2250269,,Southern Province,Matara,Mirissa,Mirissa,"Mirissa, Matara District",Mental Health clinic,Call ahead to confirm current clinic/consultant hours,,https://www.mentalhealth.health.gov.lk/index.php?option=com_content&view=article&id=48&Itemid=207&lang=en ; https://lankainformation.lk/directory/health/list-of-hospitals-in-sri-lanka/matara-district,Government Hospitals,"<tr><td>Primary Medical Care Unit - Mirissa<div class=""e-mail""></div></td><td>Southern Province</td><td>Matara</td><td><a href=""tel:041-2250261"" class=""phone-link"">041-2250261</a><div class=""phone-secondary"">041-2250269</div></td><td>Free<div> <a href=""https://www.mentalhealth.health.gov.lk/index.php?option=com_content&view=article&id=48&Itemid=207&lang=en ; https://lankainformation.lk/directory/health/list-of-hospitals-in-sri-lanka/matara-district"" class=""web-site""target=""_blank"" style=""text-decoration: none;"">Web Site  🔗</a></div></td></tr>",,,,
1128,Primary Medical Care Unit - Moraweva,Mental Health,Government Hospital,Free,026-2225861,,,Eastern Province,Trincomalee,Moraweva,Moraweva,"Morawewa, Trincomalee District",Mental Health clinic,Call ahead to confirm current clinic/consultant hours,,https://www.mentalhealth.health.gov.lk/index.php?option=com_content&view=article&id=54&Itemid=213&lang=en,Government Hospitals,"<tr><td>Primary Medical Care Unit - Moraweva<div class=""e-mail""></div></td><td>Eastern Province</td><td>Trincomalee</td><td><a href=""tel:026-2225861"" class=""phone-link"">026-2225861</a><div class=""phone-secondary""></div></td><td>Free<div> <a href=""https://www.mentalhealth.health.gov.lk/index.php?option=com_content&view=article&id=54&Itemid=213&lang=en"" class=""web-site""target=""_blank"" style=""text-decoration: none;"">Web Site  🔗</a></div></td></tr>",,,,
1129,Primary Medical Care Unit - Mulliyan,Mental Health,Government Primary Medical Care Unit,Free,021-3203796,,,Northern Province,Jaffna,Maruthankeny,Maruthankeny,"Primary Medical Care Unit, Mulliyan",Mental Health clinic,Call ahead to confirm current clinic/consultant hours,,,Government Hospitals,"<tr><td>Primary Medical Care Unit - Mulliyan<div class=""e-mail""></div></td><td>Northern Province</td><td>Jaffna</td><td><a href=""tel:021-3203796"" class=""phone-link"">021-3203796</a><div class=""phone-secondary""></div></td><td>Free</td></tr>",,,,
1130,Primary Medical Care Unit - Naduoothu,Mental Health,Government,Free,026-3123245,,,Eastern Province,Trincomalee,Kinniya,Kinniya,,Mental Health clinic,,,,Government Hospitals,"<tr><td>Primary Medical Care Unit - Naduoothu<div class=""e-mail""></div></td><td>Eastern Province</td><td>Trincomalee</td><td><a href=""tel:026-3123245"" class=""phone-link"">026-3123245</a><div class=""phone-secondary""></div></td><td>Free</td></tr>",,,,
1131,Primary Medical Care Unit - Nawagaththegama,Mental Health,Government,Free,032-2252990,,,North Western Province,Puttalam,Nawagaththegama,Nawagaththegama,,Mental Health clinic,,,,Government Hospitals,"<tr><td>Primary Medical Care Unit - Nawagaththegama<div class=""e-mail""></div></td><td>North Western Province</td><td>Puttalam</td><td><a href=""tel:032-2252990"" class=""phone-link"">032-2252990</a><div class=""phone-secondary""></div></td><td>Free</td></tr>",,,,
1132,"Primary Medical Care Unit - Obeysekarapura, Rajagiriya",Mental Health + Elder Care,Government,Free,011-2870748,,,Western Province,Colombo,"Sri Jayawardenepura, Kotte","Sri Jayawardenepura, Kotte",,Mental Health clinic,,,,Elders' Homes & Care Services,"<tr><td>Primary Medical Care Unit - Obeysekarapura, Rajagiriya<div class=""e-mail""></div></td><td>Western Province</td><td>Colombo</td><td><a href=""tel:011-2870748"" class=""phone-link"">011-2870748</a><div class=""phone-secondary""></div></td><td>Free</td></tr>",,,,
1133,Primary Medical Care Unit - Pallama,Mental Health,Government,Free,032-2051561,,,North Western Province,Puttalam,Pallama,Pallama,,Mental Health clinic,,,,Government Hospitals,"<tr><td>Primary Medical Care Unit - Pallama<div class=""e-mail""></div></td><td>North Western Province</td><td>Puttalam</td><td><a href=""tel:032-2051561"" class=""phone-link"">032-2051561</a><div class=""phone-secondary""></div></td><td>Free</td></tr>",,,,
1134,Primary Medical Care Unit - Ridiyagama,Mental Health,Government Primary Medical Care Unit,Free,047-3489253,,,Southern Province,Hambantota,Ambalantota,Ambalantota,Ridiyagama Ambalantota,Mental Health clinic,Call ahead to confirm current clinic/consultant hours,,,Government Hospitals,"<tr><td>Primary Medical Care Unit - Ridiyagama<div class=""e-mail""></div></td><td>Southern Province</td><td>Hambantota</td><td><a href=""tel:047-3489253"" class=""phone-link"">047-3489253</a><div class=""phone-secondary""></div></td><td>Free</td></tr>",,,,
1135,Primary Medical Care Unit - Rukmalgama,Mental Health + Elder Care,Government,Free,011-2189997,,,Western Province,Colombo,Maharagama,Maharagama,,Mental Health clinic,,,,Elders' Homes & Care Services,"<tr><td>Primary Medical Care Unit - Rukmalgama<div class=""e-mail""></div></td><td>Western Province</td><td>Colombo</td><td><a href=""tel:011-2189997"" class=""phone-link"">011-2189997</a><div class=""phone-secondary""></div></td><td>Free</td></tr>",,,,
1136,Primary Medical Care Unit - Thevipuram,Mental Health,Government,Free,021-3900006,,,Northern Province,Mullaitivu,Puthukkudiyiruppu,Puthukkudiyiruppu,"Mulliyavalai, Mullaitivu District",Mental Health clinic,Call ahead to confirm current clinic/consultant hours,,,Government Hospitals,"<tr><td>Primary Medical Care Unit - Thevipuram<div class=""e-mail""></div></td><td>Northern Province</td><td>Mullaitivu</td><td><a href=""tel:021-3900006"" class=""phone-link"">021-3900006</a><div class=""phone-secondary""></div></td><td>Free</td></tr>",,,,
1137,Primary Medical Care Unit - Thoduwawa,Mental Health,Government,Free,032-2256162,,,North Western Province,Puttalam,Mahawewa,Mahawewa,,Mental Health clinic,,,,Government Hospitals,"<tr><td>Primary Medical Care Unit - Thoduwawa<div class=""e-mail""></div></td><td>North Western Province</td><td>Puttalam</td><td><a href=""tel:032-2256162"" class=""phone-link"">032-2256162</a><div class=""phone-secondary""></div></td><td>Free</td></tr>",,,,
1138,Primary Medical Care Unit - Thunmodara,Mental Health + Elder Care,Government,Free,036-2251308,,,Western Province,Colombo,Seethawaka,Seethawaka,,Mental Health clinic,,,,Elders' Homes & Care Services,"<tr><td>Primary Medical Care Unit - Thunmodara<div class=""e-mail""></div></td><td>Western Province</td><td>Colombo</td><td><a href=""tel:036-2251308"" class=""phone-link"">036-2251308</a><div class=""phone-secondary""></div></td><td>Free</td></tr>",,,,
1139,Primary Medical Care Unit - Udappuwa,Mental Health,Government,Free,032-2258635,,,North Western Province,Puttalam,Mundel,Mundel,,Mental Health clinic,,,,Government Hospitals,"<tr><td>Primary Medical Care Unit - Udappuwa<div class=""e-mail""></div></td><td>North Western Province</td><td>Puttalam</td><td><a href=""tel:032-2258635"" class=""phone-link"">032-2258635</a><div class=""phone-secondary""></div></td><td>Free</td></tr>",,,,
1140,Primary Medical Care Unit - Wadduwa,Mental Health,Government Primary Medical Care Unit,Free,038-2232027,,,Western Province,Kalutara,Wadduwa,Panadura area,"Wadduwa, Kalutara District",Mental Health Clinic,Call to confirm,,,,"<tr><td>Primary Medical Care Unit - Wadduwa<div class=""e-mail""></div></td><td>Western Province</td><td>Kalutara</td><td><a href=""tel:038-2232027"" class=""phone-link"">038-2232027</a><div class=""phone-secondary""></div></td><td>Free</td></tr>",,,,
1141,Primary Medical Care Unit - Wanathawilluwa,Mental Health,Government,Free,032-3297391,,,North Western Province,Puttalam,Kaluwaragaswewa,Kaluwaragaswewa,,Mental Health clinic,,,,Government Hospitals,"<tr><td>Primary Medical Care Unit - Wanathawilluwa<div class=""e-mail""></div></td><td>North Western Province</td><td>Puttalam</td><td><a href=""tel:032-3297391"" class=""phone-link"">032-3297391</a><div class=""phone-secondary""></div></td><td>Free</td></tr>",,,,
1142,Primary Medical Care Unit Agaliya,Mental Health,Government,Free,091-3090515,,,Southern Province,Galle,Welivitiya- Divithura,Welivitiya- Divithura,,Mental Health clinic,,,,Government Hospitals,"<tr><td>Primary Medical Care Unit Agaliya<div class=""e-mail""></div></td><td>Southern Province</td><td>Galle</td><td><a href=""tel:091-3090515"" class=""phone-link"">091-3090515</a><div class=""phone-secondary""></div></td><td>Free</td></tr>",,,,
1143,Primary Medical Care Unit Ambagahawella,Mental Health,Government PMCU,Free,,,,Eastern Province,Ampara,Lahugala,Lahugala,PMCU Ambagahawella Ampara,Mental Health clinic,Call ahead to confirm current clinic/consultant hours,,,Government Hospitals,"<tr><td>Primary Medical Care Unit Ambagahawella<div class=""e-mail""></div></td><td>Eastern Province</td><td>Ampara</td><td><a href=""tel:"" class=""phone-link""></a><div class=""phone-secondary""></div></td><td>Free</td></tr>",,,,
1144,Primary Medical Care Unit- Galbokka,Mental Health,Government Primary Medical Care Unit,Free,041-2250161,,,Southern Province,Matara,Galbokka,Galbokka,"Galbokka, Matara District",Mental Health clinic,Call ahead to confirm current clinic/consultant hours,,https://www.mentalhealth.health.gov.lk/index.php?option=com_content&view=article&id=48&Itemid=207&lang=en ; https://lankainformation.lk/directory/health/list-of-hospitals-in-sri-lanka/matara-district,Government Hospitals,"<tr><td>Primary Medical Care Unit- Galbokka<div class=""e-mail""></div></td><td>Southern Province</td><td>Matara</td><td><a href=""tel:041-2250161"" class=""phone-link"">041-2250161</a><div class=""phone-secondary""></div></td><td>Free<div> <a href=""https://www.mentalhealth.health.gov.lk/index.php?option=com_content&view=article&id=48&Itemid=207&lang=en ; https://lankainformation.lk/directory/health/list-of-hospitals-in-sri-lanka/matara-district"" class=""web-site""target=""_blank"" style=""text-decoration: none;"">Web Site  🔗</a></div></td></tr>",,,,
1145,Primary Medical Care Unit Gintota,Mental Health,Government,Free,,,,Southern Province,Galle,Bope-Poddala,Bope-Poddala,Ukwatta Road Ginthota,Mental Health clinic,,,,Government Hospitals,"<tr><td>Primary Medical Care Unit Gintota<div class=""e-mail""></div></td><td>Southern Province</td><td>Galle</td><td><a href=""tel:"" class=""phone-link""></a><div class=""phone-secondary""></div></td><td>Free</td></tr>",,,,
1146,Primary Medical Care Unit Pilana,Mental Health,Government,Free,,,,Southern Province,Galle,Akmeemana,Akmeemana,Akuressa Road Pilana,Mental Health clinic,,,,Government Hospitals,"<tr><td>Primary Medical Care Unit Pilana<div class=""e-mail""></div></td><td>Southern Province</td><td>Galle</td><td><a href=""tel:"" class=""phone-link""></a><div class=""phone-secondary""></div></td><td>Free</td></tr>",,,,
1147,Primary Medical Care Unit Piramanthanaru,Mental Health,Government,Free,077-6687778,,,Northern Province,Kilinochchi,Kandawalai,Kandawalai,Piramanthanaru Road Piramanthanaru,Mental Health clinic,Call ahead to confirm current clinic/consultant hours,,https://www.dialus.lk/all/list/Kilinochchi/medical-clinics,Government Hospitals,"<tr><td>Primary Medical Care Unit Piramanthanaru<div class=""e-mail""></div></td><td>Northern Province</td><td>Kilinochchi</td><td><a href=""tel:077-6687778"" class=""phone-link"">077-6687778</a><div class=""phone-secondary""></div></td><td>Free<div> <a href=""https://www.dialus.lk/all/list/Kilinochchi/medical-clinics"" class=""web-site""target=""_blank"" style=""text-decoration: none;"">Web Site  🔗</a></div></td></tr>",,,,
1148,Primary Medical Care Unit -Thunakkai,Mental Health,Government,Free,021-3900005,,,Northern Province,Mullaitivu,Thunakkai,Thunakkai,"Kumulumunai, Mullaitivu District",Mental Health clinic,Call ahead to confirm current clinic/consultant hours,,,Government Hospitals,"<tr><td>Primary Medical Care Unit -Thunakkai<div class=""e-mail""></div></td><td>Northern Province</td><td>Mullaitivu</td><td><a href=""tel:021-3900005"" class=""phone-link"">021-3900005</a><div class=""phone-secondary""></div></td><td>Free</td></tr>",,,,
1149,Primary Medical Care Unit Vannerikulam,Mental Health,Government,Free,021-3135652,,,Northern Province,Kilinochchi,Karachchi,Karachchi,"Kilinochchi, Kilinochchi District",Mental Health clinic,Call ahead to confirm current clinic/consultant hours,,https://www.dialus.lk/all/list/Kilinochchi/medical-clinics,Government Hospitals,"<tr><td>Primary Medical Care Unit Vannerikulam<div class=""e-mail""></div></td><td>Northern Province</td><td>Kilinochchi</td><td><a href=""tel:021-3135652"" class=""phone-link"">021-3135652</a><div class=""phone-secondary""></div></td><td>Free<div> <a href=""https://www.dialus.lk/all/list/Kilinochchi/medical-clinics"" class=""web-site""target=""_blank"" style=""text-decoration: none;"">Web Site  🔗</a></div></td></tr>",,,,
1150,Primary Medical Care Unit Wanduramba,Mental Health,Government,Free,091-2292361,,,Southern Province,Galle,Wanduramba,Wanduramba,,Mental Health clinic,,,,Government Hospitals,"<tr><td>Primary Medical Care Unit Wanduramba<div class=""e-mail""></div></td><td>Southern Province</td><td>Galle</td><td><a href=""tel:091-2292361"" class=""phone-link"">091-2292361</a><div class=""phone-secondary""></div></td><td>Free</td></tr>",,,,
1151,Primary Medical Care Unit Yakkalamulla,Mental Health,Government,Free,091-3090515,,,Southern Province,Galle,Yakkalamulla,Yakkalamulla,,Mental Health clinic,,,,Government Hospitals,"<tr><td>Primary Medical Care Unit Yakkalamulla<div class=""e-mail""></div></td><td>Southern Province</td><td>Galle</td><td><a href=""tel:091-3090515"" class=""phone-link"">091-3090515</a><div class=""phone-secondary""></div></td><td>Free</td></tr>",,,,
1152,Prison Hospital Colombo,Mental Health,Private Hospital,Paid,011-2501385,011-5430000; 070-2371591,info@lankahospitals.com,Western Province,Colombo,Colombo,Colombo,"578 Elvitigala Mawatha, Narahenpita, Colombo 05",Psychiatry Inward facilities Mental Health clinic,Call/online booking for current schedule,Psychiatrists / Psychologists,https://www.lankahospitals.lk/contact/,Government Hospitals,"<tr><td>Prison Hospital Colombo<div class=""e-mail"">info@lankahospitals.com</div></td><td>Western Province</td><td>Colombo</td><td><a href=""tel:011-2501385"" class=""phone-link"">011-2501385</a><div class=""phone-secondary"">011-5430000; 070-2371591</div></td><td>Paid<div> <a href=""https://www.lankahospitals.lk/contact/"" class=""web-site""target=""_blank"" style=""text-decoration: none;"">Web Site  🔗</a></div></td></tr>",,,,
1153,Prithipura Infant Home for Mentally Retarded/ Physically Disabled Children,Child Protection / Counseling,Private,Paid,011-2930635,,,Western Province,Gampaha,Wattala,Wattala,,Residential care (<5 years),,,,Children Homes & Care Services,"<tr><td>Prithipura Infant Home for Mentally Retarded/ Physically Disabled Children<div class=""e-mail""></div></td><td>Western Province</td><td>Gampaha</td><td><a href=""tel:011-2930635"" class=""phone-link"">011-2930635</a><div class=""phone-secondary""></div></td><td>Paid</td></tr>",,,,
1154,Probation Commissioner’s Office,Child Protection / Counseling,Government,Free,026-4931287,,probation@ep.gov.lk,Eastern Province,Trincomalee,Trincomalee Town & Gravets,Trincomalee Town & Gravets,,Child care & protection,,,,Other Government Institutions,"<tr><td>Probation Commissioner’s Office<div class=""e-mail"">probation@ep.gov.lk</div></td><td>Eastern Province</td><td>Trincomalee</td><td><a href=""tel:026-4931287"" class=""phone-link"">026-4931287</a><div class=""phone-secondary""></div></td><td>Free</td></tr>",,,,
1155,Probation Office,Counseling + Child Mental Health,Government,Free,026-4931293,,,Eastern Province,Trincomalee,Trincomalee Town & Gravets,Trincomalee Town & Gravets,,Counselling Child care & protection,,,,Other Government Institutions,"<tr><td>Probation Office<div class=""e-mail""></div></td><td>Eastern Province</td><td>Trincomalee</td><td><a href=""tel:026-4931293"" class=""phone-link"">026-4931293</a><div class=""phone-secondary""></div></td><td>Free</td></tr>",,,,
1156,Probation Office District,Counseling + Child Mental Health,Government,Free,,,,Eastern Province,Batticaloa,Chenkaladi,Chenkaladi,Karumariyamman Kovil Road Eravur Chenkaladi,District child safe house Child care Counselling,,,,Children Homes & Care Services,"<tr><td>Probation Office District<div class=""e-mail""></div></td><td>Eastern Province</td><td>Batticaloa</td><td><a href=""tel:"" class=""phone-link""></a><div class=""phone-secondary""></div></td><td>Free</td></tr>",,,,
1157,Probation Office POIC Area - Eravur,Counseling + Child Mental Health,Government,Free,,,,Eastern Province,Batticaloa,Eravur,Eravur,Karumariyamman Kovil Road Eravur Chenkaladi,Child care Counselling,,,,Children Homes & Care Services,"<tr><td>Probation Office POIC Area - Eravur<div class=""e-mail""></div></td><td>Eastern Province</td><td>Batticaloa</td><td><a href=""tel:"" class=""phone-link""></a><div class=""phone-secondary""></div></td><td>Free</td></tr>",,,,
1158,Probation Office POIC Area - Kaluwanchikudi,Counseling + Child Mental Health,Government,Free,065-4929440,,,Eastern Province,Batticaloa,Kaluwanchikudi,Kaluwanchikudi,,Child care Counselling,,,,Children Homes & Care Services,"<tr><td>Probation Office POIC Area - Kaluwanchikudi<div class=""e-mail""></div></td><td>Eastern Province</td><td>Batticaloa</td><td><a href=""tel:065-4929440"" class=""phone-link"">065-4929440</a><div class=""phone-secondary""></div></td><td>Free</td></tr>",,,,
1159,Probation Office POIC Area - Valaichchenai,Counseling + Child Mental Health,Government,Free,065-4929438,,,Eastern Province,Batticaloa,Valaichenai,Valaichenai,"Valaichchenai, Batticaloa District",Child care Counselling,Call ahead to confirm current clinic hours,,https://www.mentalhealth.health.gov.lk/index.php?option=com_content&view=article&id=35&Itemid=195&lang=en,Children Homes & Care Services,"<tr><td>Probation Office POIC Area - Valaichchenai<div class=""e-mail""></div></td><td>Eastern Province</td><td>Batticaloa</td><td><a href=""tel:065-4929438"" class=""phone-link"">065-4929438</a><div class=""phone-secondary""></div></td><td>Free<div> <a href=""https://www.mentalhealth.health.gov.lk/index.php?option=com_content&view=article&id=35&Itemid=195&lang=en"" class=""web-site""target=""_blank"" style=""text-decoration: none;"">Web Site  🔗</a></div></td></tr>",,,,
1160,Probation Office POIC Area –Batticaloa,Counseling + Child Mental Health,Government,Free,065-4929437,,stdclinic.batticaloa@gmail.com,Eastern Province,Batticaloa,Batticaloa,Batticaloa,"STD Clinic, Teaching Hospital, Batticaloa",Child care Counselling,Mon-Fri 8:00am-4:00pm; Sat 8:00am-12:00pm; confirm locally,Medical Officer / STD Clinic Team,,Children Homes & Care Services,"<tr><td>Probation Office POIC Area –Batticaloa<div class=""e-mail"">stdclinic.batticaloa@gmail.com</div></td><td>Eastern Province</td><td>Batticaloa</td><td><a href=""tel:065-4929437"" class=""phone-link"">065-4929437</a><div class=""phone-secondary""></div></td><td>Free</td></tr>",,,,
1161,Probation Office POIC Area-Vaharai,Counseling + Child Mental Health,Government,Free,065-7284835,,,Eastern Province,Batticaloa,Vaharai,Vaharai,,Child care Counselling,,,,Children Homes & Care Services,"<tr><td>Probation Office POIC Area-Vaharai<div class=""e-mail""></div></td><td>Eastern Province</td><td>Batticaloa</td><td><a href=""tel:065-7284835"" class=""phone-link"">065-7284835</a><div class=""phone-secondary""></div></td><td>Free</td></tr>",,,,
1162,Professional Psychological Counselling Centre (PPCC,Counseling,Government,Free,065-2226469,,,Eastern Province,Batticaloa,Batticaloa,Batticaloa,,Counselling,,,,Non-Governmental Organizations,"<tr><td>Professional Psychological Counselling Centre (PPCC<div class=""e-mail""></div></td><td>Eastern Province</td><td>Batticaloa</td><td><a href=""tel:065-2226469"" class=""phone-link"">065-2226469</a><div class=""phone-secondary""></div></td><td>Free</td></tr>",,,,
1163,Providance Children Home (Boys,Child Protection / Counseling,Government,Free,037-3617260,,,North Western Province,Kurunegala,Mawathagama,Mawathagama,,Residential care,,,,Children Homes & Care Services,"<tr><td>Providance Children Home (Boys<div class=""e-mail""></div></td><td>North Western Province</td><td>Kurunegala</td><td><a href=""tel:037-3617260"" class=""phone-link"">037-3617260</a><div class=""phone-secondary""></div></td><td>Free</td></tr>",,,,
1164,Providance Children Home (Girls,Child Protection / Counseling,Government,Free,037-2299079,,,North Western Province,Kurunegala,Mawathagama,Mawathagama,,Residential care,,,,Children Homes & Care Services,"<tr><td>Providance Children Home (Girls<div class=""e-mail""></div></td><td>North Western Province</td><td>Kurunegala</td><td><a href=""tel:037-2299079"" class=""phone-link"">037-2299079</a><div class=""phone-secondary""></div></td><td>Free</td></tr>",,,,
1165,Provincial Department of Education,Counseling,Government,Free,045-2222184,,,Sabaragamuwa Province,Ratnapura,Ratnapura,Ratnapura,,Training teachers on counselling,,,,Other Government Institutions,"<tr><td>Provincial Department of Education<div class=""e-mail""></div></td><td>Sabaragamuwa Province</td><td>Ratnapura</td><td><a href=""tel:045-2222184"" class=""phone-link"">045-2222184</a><div class=""phone-secondary""></div></td><td>Free</td></tr>",,,,
1166,Provincial Education Office,Counseling,Government,Free,037-2223211,037-2223669,,North Western Province,Kurunegala,Kurunegala,Kurunegala,,Counselling,,,,Other Government Institutions,"<tr><td>Provincial Education Office<div class=""e-mail""></div></td><td>North Western Province</td><td>Kurunegala</td><td><a href=""tel:037-2223211"" class=""phone-link"">037-2223211</a><div class=""phone-secondary"">037-2223669</div></td><td>Free</td></tr>",,,,
1167,Provincial General Hospital Badulla,Mental Health,Government Tertiary Hospital,Free,055-2222261,055-2222262,info@badullapgh.org,Uva Province,Badulla,Badulla,Badulla,"Daya Gunasekara Mawatha, Badulla",Psychiatry Inward facilities Mental Health clinic Mithuru Piyasa,"OPD Clinics: Mon 8am-12pm, Tue 7am-12pm, Thu/Fri/Sat 8am-12pm; Hospital 24/7 emergency","Dr. Kamal Walgama (MBBS, MSc Clinical Psychology, MD Psychiatry); Dr. P.D.L.R. Wijesinghe / Dr. Danoja Wijesinghe (MBBS, MD Psychiatry); Historical: Dr. Pubudu Pandithasekara, Dr. Ranjith Siriwardana",,Government Hospitals,"<tr><td>Provincial General Hospital Badulla<div class=""e-mail"">info@badullapgh.org</div></td><td>Uva Province</td><td>Badulla</td><td><a href=""tel:055-2222261"" class=""phone-link"">055-2222261</a><div class=""phone-secondary"">055-2222262</div></td><td>Free</td></tr>",,,,
1168,Psycho-social Centre (Etram,Mental Health + Counseling + Child Mental Health,Government,Free,065-2222990,065-2224465,,Eastern Province,Batticaloa,Batticaloa,Batticaloa,,Counselling Psychiatry emergency response Child & Adolescent wellbeing clinic,,,,Government Hospitals,"<tr><td>Psycho-social Centre (Etram<div class=""e-mail""></div></td><td>Eastern Province</td><td>Batticaloa</td><td><a href=""tel:065-2222990"" class=""phone-link"">065-2222990</a><div class=""phone-secondary"">065-2224465</div></td><td>Free</td></tr>",,,,
1169,Quazi Court Kinniya,Counseling,Government,Free,026-2236261,,,Eastern Province,Trincomalee,Kinniya,Kinniya,Ministry of Justice,Family counselling,Call ahead to confirm current clinic/consultant hours,,https://www.mentalhealth.health.gov.lk/index.php?option=com_content&view=article&id=54&Itemid=213&lang=en,Other Government Institutions,"<tr><td>Quazi Court Kinniya<div class=""e-mail""></div></td><td>Eastern Province</td><td>Trincomalee</td><td><a href=""tel:026-2236261"" class=""phone-link"">026-2236261</a><div class=""phone-secondary""></div></td><td>Free<div> <a href=""https://www.mentalhealth.health.gov.lk/index.php?option=com_content&view=article&id=54&Itemid=213&lang=en"" class=""web-site""target=""_blank"" style=""text-decoration: none;"">Web Site  🔗</a></div></td></tr>",,,,
1170,Queen's Hospital - Nuwara Eliya,Mental Health / Private Channeling,Private Hospital,Paid,077-7741188,,,Central Province,Nuwara Eliya,Nuwara Eliya,Nuwara Eliya,"Queen's Hospital, Nuwara Eliya",Psychiatrist channeling; private medical consultations and hospital services,Psychiatry by appointment; call to confirm current session,Visiting Psychiatrist,https://www.doc.lk/channel/36442?hospital=0&specialization=29,,"<tr><td>Queen's Hospital - Nuwara Eliya<div class=""e-mail""></div></td><td>Central Province</td><td>Nuwara Eliya</td><td><a href=""tel:077-7741188"" class=""phone-link"">077-7741188</a><div class=""phone-secondary""></div></td><td>Paid<div> <a href=""https://www.doc.lk/channel/36442?hospital=0&specialization=29"" class=""web-site""target=""_blank"" style=""text-decoration: none;"">Web Site  🔗</a></div></td></tr>",,,,
1171,Rahama (L.147006,Rehabilitation + Child Mental Health,Government,Free,024-2222287,,,Northern Province,Kilinochchi,Kilinochchi,Kilinochchi,,Rehabilitation Gender Empowerment Child Development,,,,Non-Governmental Organizations,"<tr><td>Rahama (L.147006<div class=""e-mail""></div></td><td>Northern Province</td><td>Kilinochchi</td><td><a href=""tel:024-2222287"" class=""phone-link"">024-2222287</a><div class=""phone-secondary""></div></td><td>Free</td></tr>",,,,
1172,Rainbow Child Development Centre,Child Protection / Counseling,Private,Paid,,,,Central Province,Nuwara Eliya,Kotagala,Kotagala,Drayton Estate Kotagala,Residential care,,,,Children Homes & Care Services,"<tr><td>Rainbow Child Development Centre<div class=""e-mail""></div></td><td>Central Province</td><td>Nuwara Eliya</td><td><a href=""tel:"" class=""phone-link""></a><div class=""phone-secondary""></div></td><td>Paid</td></tr>",,,,
1173,Rainbow Child Development Centre,Child Protection / Counseling,Private,Paid,011-4952620,,,Western Province,Gampaha,Kelaniya,Kelaniya,,Residential care,,,,Children Homes & Care Services,"<tr><td>Rainbow Child Development Centre<div class=""e-mail""></div></td><td>Western Province</td><td>Gampaha</td><td><a href=""tel:011-4952620"" class=""phone-link"">011-4952620</a><div class=""phone-secondary""></div></td><td>Paid</td></tr>",,,,
1174,Rajarata Praja Kendraya (NCP/17/1/3/NGO/17,Mental Health,Government,Free,025-2264982,,,North Central Province,Anuradhapura,Kekirawa,Kekirawa,,Residential care for victims of Gender Based Violence,,,,Other Government Institutions,"<tr><td>Rajarata Praja Kendraya (NCP/17/1/3/NGO/17<div class=""e-mail""></div></td><td>North Central Province</td><td>Anuradhapura</td><td><a href=""tel:025-2264982"" class=""phone-link"">025-2264982</a><div class=""phone-secondary""></div></td><td>Free</td></tr>",,,,
1175,Rama Krishna Sarada Mission Child Development Centre,Mental Health,Government,Free,,,,Western Province,Colombo,Thimbirigasyaya,Thimbirigasyaya,52/1 Vivekananda Road Wellawatta,Residential care,,,,Non-Governmental Organizations,"<tr><td>Rama Krishna Sarada Mission Child Development Centre<div class=""e-mail""></div></td><td>Western Province</td><td>Colombo</td><td><a href=""tel:"" class=""phone-link""></a><div class=""phone-secondary""></div></td><td>Free</td></tr>",,,,
1176,Ramakrishna Mission Boys’ home,Child Protection / Counseling,Government,Free,065-2222752,,,Eastern Province,Batticaloa,Kallady,Kallady,,Residential care,,,,Children Homes & Care Services,"<tr><td>Ramakrishna Mission Boys’ home<div class=""e-mail""></div></td><td>Eastern Province</td><td>Batticaloa</td><td><a href=""tel:065-2222752"" class=""phone-link"">065-2222752</a><div class=""phone-secondary""></div></td><td>Free</td></tr>",,,,
1177,Ramakrishna Mission Girls’ home,Child Protection / Counseling,Government,Free,065-2050714,,,Eastern Province,Batticaloa,Kallady,Kallady,,Residential care,,,,Children Homes & Care Services,"<tr><td>Ramakrishna Mission Girls’ home<div class=""e-mail""></div></td><td>Eastern Province</td><td>Batticaloa</td><td><a href=""tel:065-2050714"" class=""phone-link"">065-2050714</a><div class=""phone-secondary""></div></td><td>Free</td></tr>",,,,
1178,Rangiri Dambulu Senior Citizen Home,Rehabilitation + Elder Care,Private,Paid,066-2283017,,,Central Province,Matale,Dambulla,Dambulla,,Residential care Rehabilitation,,,,Elders' Homes & Care Services,"<tr><td>Rangiri Dambulu Senior Citizen Home<div class=""e-mail""></div></td><td>Central Province</td><td>Matale</td><td><a href=""tel:066-2283017"" class=""phone-link"">066-2283017</a><div class=""phone-secondary""></div></td><td>Paid</td></tr>",,,,
1179,Ratmalana Blind School (Boys / Girls,Mental Health,Government,Free,011-2634226,,,Western Province,Colombo,Ratmalana,Ratmalana,,Residential care,,,,Non-Governmental Organizations,"<tr><td>Ratmalana Blind School (Boys / Girls<div class=""e-mail""></div></td><td>Western Province</td><td>Colombo</td><td><a href=""tel:011-2634226"" class=""phone-link"">011-2634226</a><div class=""phone-secondary""></div></td><td>Free</td></tr>",,,,
1180,Ratmalana Deaf School (Boys / Girls,Mental Health,Government,Free,011-2636351,,,Western Province,Colombo,Ratmalana,Ratmalana,,Residential care,,,,Non-Governmental Organizations,"<tr><td>Ratmalana Deaf School (Boys / Girls<div class=""e-mail""></div></td><td>Western Province</td><td>Colombo</td><td><a href=""tel:011-2636351"" class=""phone-link"">011-2636351</a><div class=""phone-secondary""></div></td><td>Free</td></tr>",,,,
1181,Ravisanka Senior Citizen Home,Elder Care,Private,Paid,031-2235055,,,Western Province,Gampaha,Negombo,Negombo,,Residential care,,,,Elders' Homes & Care Services,"<tr><td>Ravisanka Senior Citizen Home<div class=""e-mail""></div></td><td>Western Province</td><td>Gampaha</td><td><a href=""tel:031-2235055"" class=""phone-link"">031-2235055</a><div class=""phone-secondary""></div></td><td>Paid</td></tr>",,,,
1182,Ravishankar Voluntary Children’s Home,Child Protection / Counseling,Private,Paid,055-2274962,,,Uva Province,Monaragala,Wellawaya,Wellawaya,,Residential care,,,,Children Homes & Care Services,"<tr><td>Ravishankar Voluntary Children’s Home<div class=""e-mail""></div></td><td>Uva Province</td><td>Monaragala</td><td><a href=""tel:055-2274962"" class=""phone-link"">055-2274962</a><div class=""phone-secondary""></div></td><td>Paid</td></tr>",,,,
1183,Rawlthul Athfal Child Development Centre,Child Protection / Counseling,Government,Free,,,,Eastern Province,Trincomalee,Trincomalee Town & Gravets,Trincomalee Town & Gravets,Rice Mill Road Muthur,Residential care,,,,Children Homes & Care Services,"<tr><td>Rawlthul Athfal Child Development Centre<div class=""e-mail""></div></td><td>Eastern Province</td><td>Trincomalee</td><td><a href=""tel:"" class=""phone-link""></a><div class=""phone-secondary""></div></td><td>Free</td></tr>",,,,
1184,RDF,Mental Health,Government,Free,,,,Northern Province,Vavuniya,Vavuniya,Vavuniya,tsasvata@gmail. com,Outpatient services,,,,Non-Governmental Organizations,"<tr><td>RDF<div class=""e-mail""></div></td><td>Northern Province</td><td>Vavuniya</td><td><a href=""tel:"" class=""phone-link""></a><div class=""phone-secondary""></div></td><td>Free</td></tr>",,,,
1185,Reach Children Home,Child Protection / Counseling,NGO,Free,032-2248306,,,North Western Province,Puttalam,Chilaw,Chilaw,,Residential care Free of charge,,,,Children Homes & Care Services,"<tr><td>Reach Children Home<div class=""e-mail""></div></td><td>North Western Province</td><td>Puttalam</td><td><a href=""tel:032-2248306"" class=""phone-link"">032-2248306</a><div class=""phone-secondary""></div></td><td>Free</td></tr>",,,,
1186,Refugee Children Home,Counseling + Rehabilitation + Child Mental Health,NGO,Free,081-3800920,,,Central Province,Kandy,Theldeniya,Theldeniya,,Residential care Counselling Rehabilitation,,,,Children Homes & Care Services,"<tr><td>Refugee Children Home<div class=""e-mail""></div></td><td>Central Province</td><td>Kandy</td><td><a href=""tel:081-3800920"" class=""phone-link"">081-3800920</a><div class=""phone-secondary""></div></td><td>Free</td></tr>",,,,
1187,Regional Director of Health Services (RDHS) Ampara,Mental Health Coordination,Government Health Administration,Free,063-2222991,063-2222990,planning@hsampara.ep.gov.lk,Eastern Province,Ampara,Ampara,Ampara,"RDHS Office, Dharmapala Mawatha, Ampara",District mental-health coordination; Mental Health Focal Point; referral/event coordination,Weekday office hours (confirm),Medical Officer / Mental Health Focal Point,,https://mentalhealth.health.gov.lk/index.php?option=com_content&view=article&id=32:ampara-district&catid=18&Itemid=192&lang=en; http://www.ampara.dist.gov.lk/index.php/en/hospitals.html,"<tr><td>Regional Director of Health Services (RDHS) Ampara<div class=""e-mail"">planning@hsampara.ep.gov.lk</div></td><td>Eastern Province</td><td>Ampara</td><td><a href=""tel:063-2222991"" class=""phone-link"">063-2222991</a><div class=""phone-secondary"">063-2222990</div></td><td>Free</td></tr>",,,,
1188,Regional Director of Health Services (RDHS) Anuradhapura,Mental Health Coordination,Government Health Administration,Free,025-2222260,,reanuradhapura@gmail.com,North Central Province,Anuradhapura,Anuradhapura,Anuradhapura,"RDHS Office, Kandy Road, Anuradhapura",District mental-health coordination; Mental Health Focal Point; referrals/event coordination,Weekday office hours (confirm),Medical Officer / Mental Health Focal Point,http://www.mentalhealth.health.gov.lk/index.php?option=com_content&view=article&id=33&Itemid=193&lang=en,,"<tr><td>Regional Director of Health Services (RDHS) Anuradhapura<div class=""e-mail"">reanuradhapura@gmail.com</div></td><td>North Central Province</td><td>Anuradhapura</td><td><a href=""tel:025-2222260"" class=""phone-link"">025-2222260</a><div class=""phone-secondary""></div></td><td>Free<div> <a href=""http://www.mentalhealth.health.gov.lk/index.php?option=com_content&view=article&id=33&Itemid=193&lang=en"" class=""web-site""target=""_blank"" style=""text-decoration: none;"">Web Site  🔗</a></div></td></tr>",,,,
1189,Regional Director of Health Services (RDHS) Badulla,Mental Health Coordination,Government Health Administration,Free,055-2222355,,badullardhs@yahoo.com,Uva Province,Badulla,Badulla,Badulla,"Office of Regional Director of Health Services, Badulla",District-wide coordination of MH services; Focal Point for Mental Health; permissions & planning support for events,Office hours (weekdays),Medical Officer Mental Health Focal Point (historical: Dr. Janaki Wijayakulasooriya); current via RDHS,,"Essential first contact for official PFA event coordination, permissions and updated institutional lists.","<tr><td>Regional Director of Health Services (RDHS) Badulla<div class=""e-mail"">badullardhs@yahoo.com</div></td><td>Uva Province</td><td>Badulla</td><td><a href=""tel:055-2222355"" class=""phone-link"">055-2222355</a><div class=""phone-secondary""></div></td><td>Free</td></tr>",,,,
1190,Regional Director of Health Services (RDHS) Galle,Mental Health Coordination,Government Health Administration,Free,091-2234078,091-2250680,momhfpgalle@gmail.com,Southern Province,Galle,Unawatuna / Galle,Galle,"Office of Regional Director of Health Services, Galle",District mental-health coordination; Mental Health Focal Point; referral/event coordination,Weekday office hours (confirm),Medical Officer / Mental Health Focal Point,,Official Directorate of Mental Health contact: https://www.mentalhealth.health.gov.lk/index.php?option=com_content&view=article&id=37:galle-district&catid=18&Itemid=197&lang=en,"<tr><td>Regional Director of Health Services (RDHS) Galle<div class=""e-mail"">momhfpgalle@gmail.com</div></td><td>Southern Province</td><td>Galle</td><td><a href=""tel:091-2234078"" class=""phone-link"">091-2234078</a><div class=""phone-secondary"">091-2250680</div></td><td>Free</td></tr>",,,,
1191,Regional Director of Health Services (RDHS) Gampaha,Mental Health Coordination,Government Health Administration,Free,033-2222874,033-2225738,gampaha.rdhs@gmail.com,Western Province,Gampaha,Gampaha,Gampaha,"Kachcheri Complex, Gampaha",District mental-health coordination; Mental Health Unit; referrals and event coordination,Weekday office hours (confirm),Medical Officer - Mental Health / RDHS Team,,RDHS mental-health unit: https://rdhsofficegampaha.org/mental-health-unit/; current office contacts: https://rdhsofficegampaha.org/hospital-clinic-schedules/,"<tr><td>Regional Director of Health Services (RDHS) Gampaha<div class=""e-mail"">gampaha.rdhs@gmail.com</div></td><td>Western Province</td><td>Gampaha</td><td><a href=""tel:033-2222874"" class=""phone-link"">033-2222874</a><div class=""phone-secondary"">033-2225738</div></td><td>Free</td></tr>",,,,
1192,Regional Director of Health Services (RDHS) Jaffna,Mental Health Coordination,Government Health Administration,Free,021-2222278,,rdhsjaffna15@gmail.com,Northern Province,Jaffna,Jaffna,Jaffna,"No. 572/3, Hospital Road, Jaffna",District mental-health coordination; Mental Health Focal Point; referral/event coordination,Weekday office hours (confirm),Medical Officer / Mental Health Focal Point,,Official Directorate contact: https://mentalhealth.health.gov.lk/index.php?option=com_content&view=article&id=40&Itemid=199&lang=en,"<tr><td>Regional Director of Health Services (RDHS) Jaffna<div class=""e-mail"">rdhsjaffna15@gmail.com</div></td><td>Northern Province</td><td>Jaffna</td><td><a href=""tel:021-2222278"" class=""phone-link"">021-2222278</a><div class=""phone-secondary""></div></td><td>Free</td></tr>",,,,
1193,Regional Director of Health Services (RDHS) Kalutara,Mental Health Coordination,Government Health Administration,Free,034-2222367,,rdhskalutara@yahoo.com,Western Province,Kalutara,Kalutara,Kalutara,"Office of Regional Director of Health Services, Kalutara",District mental health coordination; focal point; event coordination,Weekday office hours (confirm),Medical Officer / Mental Health Focal Point,,Recommended first contact for district-level coordination.,"<tr><td>Regional Director of Health Services (RDHS) Kalutara<div class=""e-mail"">rdhskalutara@yahoo.com</div></td><td>Western Province</td><td>Kalutara</td><td><a href=""tel:034-2222367"" class=""phone-link"">034-2222367</a><div class=""phone-secondary""></div></td><td>Free</td></tr>",,,,
1194,Regional Director of Health Services (RDHS) Kandy,Mental Health Coordination,Government Health Administration,Free,081-2234238,,rdhskandy@gmail.com,Central Province,Kandy,Kandy,Kandy,"Office of Regional Director of Health Services, P.O. Box 56, Yatinuwara Veediya, Kandy",District mental-health coordination; Mental Health Focal Point; referral/event coordination,Weekday office hours (confirm),Medical Officer / Mental Health Focal Point,,Sources: http://www.mentalhealth.health.gov.lk/index.php?option=com_content&view=article&id=42:kandy-district&catid=18&Itemid=201&lang=en ; https://healthdept.cp.gov.lk/contact-us/general-contact-numbers.html?view=article&id=55&catid=36,"<tr><td>Regional Director of Health Services (RDHS) Kandy<div class=""e-mail"">rdhskandy@gmail.com</div></td><td>Central Province</td><td>Kandy</td><td><a href=""tel:081-2234238"" class=""phone-link"">081-2234238</a><div class=""phone-secondary""></div></td><td>Free</td></tr>",,,,
1195,Regional Director of Health Services (RDHS) Kilinochchi,Mental Health Coordination,Government Health Administration,Free,021-2285517,,rdhskoc@gmail.com,Northern Province,Kilinochchi,Kilinochchi,Kilinochchi,"Kilinochchi, Kilinochchi District",Mental-health coordination / referral,Call ahead to confirm current clinic/consultant hours,,https://www.mentalhealth.health.gov.lk/index.php?option=com_content&view=article&id=44&Itemid=203&lang=en,,"<tr><td>Regional Director of Health Services (RDHS) Kilinochchi<div class=""e-mail"">rdhskoc@gmail.com</div></td><td>Northern Province</td><td>Kilinochchi</td><td><a href=""tel:021-2285517"" class=""phone-link"">021-2285517</a><div class=""phone-secondary""></div></td><td>Free<div> <a href=""https://www.mentalhealth.health.gov.lk/index.php?option=com_content&view=article&id=44&Itemid=203&lang=en"" class=""web-site""target=""_blank"" style=""text-decoration: none;"">Web Site  🔗</a></div></td></tr>",,,,
1196,Regional Director of Health Services (RDHS) Kurunegala,Mental Health Coordination,Government Health Administration,Free,037-2222278,037-2228027,dpdhskur@yahoo.com,North Western Province,Kurunegala,Kurunegala,Kurunegala,"RDHS Office, Negombo Road / Mills Road, Kurunegala",District mental-health coordination; Mental Health Focal Point; referrals and PFA event coordination,Weekday office hours (confirm),Medical Officer / Mental Health Focal Point,,Official Directorate contact: https://www.mentalhealth.health.gov.lk/index.php?option=com_content&view=article&id=45:kurunegala-district&catid=18&Itemid=204&lang=en,"<tr><td>Regional Director of Health Services (RDHS) Kurunegala<div class=""e-mail"">dpdhskur@yahoo.com</div></td><td>North Western Province</td><td>Kurunegala</td><td><a href=""tel:037-2222278"" class=""phone-link"">037-2222278</a><div class=""phone-secondary"">037-2228027</div></td><td>Free</td></tr>",,,,
1197,Regional Director of Health Services (RDHS) Mannar,Mental Health Coordination,Government Health Administration,Free,023-2222916,,rdhsmnr@gmail.com,Northern Province,Mannar,Mannar,Mannar,"Mannar, Mannar District",Mental-health coordination / referral,Call ahead to confirm current clinic/consultant hours,,,https://mentalhealth.health.gov.lk/index.php?option=com_content&view=article&id=46&Itemid=205&lang=en,"<tr><td>Regional Director of Health Services (RDHS) Mannar<div class=""e-mail"">rdhsmnr@gmail.com</div></td><td>Northern Province</td><td>Mannar</td><td><a href=""tel:023-2222916"" class=""phone-link"">023-2222916</a><div class=""phone-secondary""></div></td><td>Free</td></tr>",,,,
1198,Regional Director of Health Services (RDHS) Matale,Mental Health Coordination,Government Health Administration,Free,066-2226503,066-2222483,rdhsmatale@health.gov.lk,Central Province,Matale,Matale,Matale,"Matale, Matale District",Mental-health coordination / referral,Call ahead to confirm current clinic/consultant hours,,https://www.mentalhealth.health.gov.lk/index.php?option=com_content&view=article&id=47&Itemid=206&lang=en,,"<tr><td>Regional Director of Health Services (RDHS) Matale<div class=""e-mail"">rdhsmatale@health.gov.lk</div></td><td>Central Province</td><td>Matale</td><td><a href=""tel:066-2226503"" class=""phone-link"">066-2226503</a><div class=""phone-secondary"">066-2222483</div></td><td>Free<div> <a href=""https://www.mentalhealth.health.gov.lk/index.php?option=com_content&view=article&id=47&Itemid=206&lang=en"" class=""web-site""target=""_blank"" style=""text-decoration: none;"">Web Site  🔗</a></div></td></tr>",,,,
1199,Regional Director of Health Services (RDHS) Matara,Mental Health Coordination,Government Health Administration,Free,041-2222154,,matarardhs@yahoo.com,Southern Province,Matara,Matara,Matara,"Matara, Matara District",District mental-health coordination; Mental Health Focal Point; referral/event coordination,Call ahead to confirm current clinic/consultant hours,,https://www.mentalhealth.health.gov.lk/index.php?option=com_content&view=article&id=48&Itemid=207&lang=en,,"<tr><td>Regional Director of Health Services (RDHS) Matara<div class=""e-mail"">matarardhs@yahoo.com</div></td><td>Southern Province</td><td>Matara</td><td><a href=""tel:041-2222154"" class=""phone-link"">041-2222154</a><div class=""phone-secondary""></div></td><td>Free<div> <a href=""https://www.mentalhealth.health.gov.lk/index.php?option=com_content&view=article&id=48&Itemid=207&lang=en"" class=""web-site""target=""_blank"" style=""text-decoration: none;"">Web Site  🔗</a></div></td></tr>",,,,
1200,Regional Director of Health Services (RDHS) Monaragala,Mental Health Coordination,Government Health Administration,Free,055-2276268,,rdhsmonaragala@gmail.com,Uva Province,Monaragala,Monaragala,Monaragala,"RDHS Office, Monaragala",District mental-health coordination; referrals; PFA/event coordination,Weekday office hours (confirm),Medical Officer / Mental Health Focal Point,,http://mentalhealth.health.gov.lk/index.php?option=com_content&view=article&id=49&Itemid=208&lang=en,"<tr><td>Regional Director of Health Services (RDHS) Monaragala<div class=""e-mail"">rdhsmonaragala@gmail.com</div></td><td>Uva Province</td><td>Monaragala</td><td><a href=""tel:055-2276268"" class=""phone-link"">055-2276268</a><div class=""phone-secondary""></div></td><td>Free</td></tr>",,,,
1201,Regional Director of Health Services (RDHS) Mullaitivu,Mental Health Coordination,Government Health Administration,Free,021-2290105,,rdhsmtv@gmail.com,Northern Province,Mullaitivu,Mullaitivu,Mullaitivu,"Mullaitivu, Mullaitivu District",Mental-health coordination / referral,Call ahead to confirm current clinic/consultant hours,,,https://mentalhealth.health.gov.lk/index.php?option=com_content&view=article&id=50&Itemid=209&lang=en,"<tr><td>Regional Director of Health Services (RDHS) Mullaitivu<div class=""e-mail"">rdhsmtv@gmail.com</div></td><td>Northern Province</td><td>Mullaitivu</td><td><a href=""tel:021-2290105"" class=""phone-link"">021-2290105</a><div class=""phone-secondary""></div></td><td>Free</td></tr>",,,,
1202,Regional Director of Health Services (RDHS) Nuwara Eliya,Mental Health Coordination,Government Health Administration,Free,052-2223413,052-2222966,planning_nuwaraeliyacpc@yahoo.com,Central Province,Nuwara Eliya,Nuwara Eliya,Nuwara Eliya,"Regional Director of Health Services, Nuwara Eliya",District mental-health coordination; Mental Health Focal Point; referrals/event coordination,Weekday office hours (confirm),Medical Officer of Mental Health,https://www.mentalhealth.health.gov.lk/index.php?option=com_content&view=article&id=51&Itemid=210&lang=en; https://www.healthdept.cp.gov.lk/home/about-us.html?view=article&id=57:regional-director-of-health-services-nuwara-eliya&catid=36,,"<tr><td>Regional Director of Health Services (RDHS) Nuwara Eliya<div class=""e-mail"">planning_nuwaraeliyacpc@yahoo.com</div></td><td>Central Province</td><td>Nuwara Eliya</td><td><a href=""tel:052-2223413"" class=""phone-link"">052-2223413</a><div class=""phone-secondary"">052-2222966</div></td><td>Free<div> <a href=""https://www.mentalhealth.health.gov.lk/index.php?option=com_content&view=article&id=51&Itemid=210&lang=en; https://www.healthdept.cp.gov.lk/home/about-us.html?view=article&id=57:regional-director-of-health-services-nuwara-eliya&catid=36"" class=""web-site""target=""_blank"" style=""text-decoration: none;"">Web Site  🔗</a></div></td></tr>",,,,
1203,Regional Director of Health Services (RDHS) Puttalam,Mental Health Coordination,Government Health Administration,Free,032-2247261,,dpdhs_puttlam@yahoo.com,North Western Province,Puttalam,Puttalam,Puttalam,"RDHS Office, Puttalam",District mental-health coordination; Mental Health Focal Point; referrals and event coordination,Weekday office hours (confirm),Medical Officer / Mental Health Focal Point,https://www.mentalhealth.health.gov.lk/index.php?option=com_content&view=article&id=52&Itemid=211&lang=en,,"<tr><td>Regional Director of Health Services (RDHS) Puttalam<div class=""e-mail"">dpdhs_puttlam@yahoo.com</div></td><td>North Western Province</td><td>Puttalam</td><td><a href=""tel:032-2247261"" class=""phone-link"">032-2247261</a><div class=""phone-secondary""></div></td><td>Free<div> <a href=""https://www.mentalhealth.health.gov.lk/index.php?option=com_content&view=article&id=52&Itemid=211&lang=en"" class=""web-site""target=""_blank"" style=""text-decoration: none;"">Web Site  🔗</a></div></td></tr>",,,,
1204,Regional Director of Health Services (RDHS) Trincomalee,Mental Health Coordination,Government Health Administration,Free,026-2222263,,rdhstrinco@health.gov.lk,Eastern Province,Trincomalee,Trincomalee,Trincomalee,"Trincomalee, Trincomalee District",Mental-health coordination / referral,Call ahead to confirm current clinic/consultant hours,,https://www.mentalhealth.health.gov.lk/index.php?option=com_content&view=article&id=54&Itemid=213&lang=en,,"<tr><td>Regional Director of Health Services (RDHS) Trincomalee<div class=""e-mail"">rdhstrinco@health.gov.lk</div></td><td>Eastern Province</td><td>Trincomalee</td><td><a href=""tel:026-2222263"" class=""phone-link"">026-2222263</a><div class=""phone-secondary""></div></td><td>Free<div> <a href=""https://www.mentalhealth.health.gov.lk/index.php?option=com_content&view=article&id=54&Itemid=213&lang=en"" class=""web-site""target=""_blank"" style=""text-decoration: none;"">Web Site  🔗</a></div></td></tr>",,,,
1205,Regional Director of Health Services (RDHS) Vavuniya,Mental Health Coordination,Government Health Administration,Free,024-2222893,,rdhsvavuniya@gmail.com,Northern Province,Vavuniya,Vavuniya,Vavuniya,"Vavuniya, Vavuniya District",Mental-health coordination / referral,Call ahead to confirm current clinic/consultant hours,,,https://mentalhealth.health.gov.lk/index.php?option=com_content&view=article&id=55:vavuniya-district-ta&catid=18&Itemid=214&lang=si,"<tr><td>Regional Director of Health Services (RDHS) Vavuniya<div class=""e-mail"">rdhsvavuniya@gmail.com</div></td><td>Northern Province</td><td>Vavuniya</td><td><a href=""tel:024-2222893"" class=""phone-link"">024-2222893</a><div class=""phone-secondary""></div></td><td>Free</td></tr>",,,,
1206,Rehabilitation Centre for Communication Impaired,Rehabilitation + Child Mental Health,Government,Free,011-2819310,,,Western Province,Colombo,"Sri Jayawardenepura, Kotte","Sri Jayawardenepura, Kotte",,Rehabilitation of children and adults with communication disabilities,,,,Non-Governmental Organizations,"<tr><td>Rehabilitation Centre for Communication Impaired<div class=""e-mail""></div></td><td>Western Province</td><td>Colombo</td><td><a href=""tel:011-2819310"" class=""phone-link"">011-2819310</a><div class=""phone-secondary""></div></td><td>Free</td></tr>",,,,
1207,Rehabilitation Centre Kandakadu,Mental Health + Rehabilitation,Government Rehabilitation Centre,Free,025-3230194,024-3244959; 011-2883891,,North Central Province,Polonnaruwa,Welikanda,Welikanda,"Kandakaduwa, Polonnaruwa District",Residential care for drug addicts Rehabilitation Mental Health clinic,Call ahead to confirm current clinic hours,,,Other Government Institutions,"<tr><td>Rehabilitation Centre Kandakadu<div class=""e-mail""></div></td><td>North Central Province</td><td>Polonnaruwa</td><td><a href=""tel:025-3230194"" class=""phone-link"">025-3230194</a><div class=""phone-secondary"">024-3244959; 011-2883891</div></td><td>Free</td></tr>",,,,
1208,Rehabilitation Centre Senapura,Mental Health + Rehabilitation,Government Rehabilitation Centre,Free,027-2051404,011-2883891,,North Central Province,Polonnaruwa,Welikanda,Welikanda,"Kandakaduwa, Polonnaruwa District",Residential care for drug addicts Rehabilitation Mental Health clinic,Call ahead to confirm current clinic hours,,,Other Government Institutions,"<tr><td>Rehabilitation Centre Senapura<div class=""e-mail""></div></td><td>North Central Province</td><td>Polonnaruwa</td><td><a href=""tel:027-2051404"" class=""phone-link"">027-2051404</a><div class=""phone-secondary"">011-2883891</div></td><td>Free</td></tr>",,,,
1209,Rehabilitation Hospital Digana,Mental Health + Rehabilitation,Government,Free,081-2374213,,info@asiri.lk,Central Province,Kandy,Kundasale,Kundasale,"No. 907, Peradeniya Road, Kandy",Rehabilitation Mental Health clinic,24-hour emergency; psychiatry by appointment,Visiting psychiatrists / counselors,,Government Hospitals,"<tr><td>Rehabilitation Hospital Digana<div class=""e-mail"">info@asiri.lk</div></td><td>Central Province</td><td>Kandy</td><td><a href=""tel:081-2374213"" class=""phone-link"">081-2374213</a><div class=""phone-secondary""></div></td><td>Free</td></tr>",,,,
1210,Rewatha Children Home,Child Protection / Counseling,Government,Free,026-2242328,,,Eastern Province,Trincomalee,Trincomalee Town & Gravets,Trincomalee Town & Gravets,,Residential care,,,,Children Homes & Care Services,"<tr><td>Rewatha Children Home<div class=""e-mail""></div></td><td>Eastern Province</td><td>Trincomalee</td><td><a href=""tel:026-2242328"" class=""phone-link"">026-2242328</a><div class=""phone-secondary""></div></td><td>Free</td></tr>",,,,
1211,Rissho Kosel Damma foundation (L 149604,Counseling + Child Mental Health,Private,Paid,011-2982405,,,Western Province,Gampaha,Gampaha,Gampaha,,Counselling Social support,,,,Children Homes & Care Services,"<tr><td>Rissho Kosel Damma foundation (L 149604<div class=""e-mail""></div></td><td>Western Province</td><td>Gampaha</td><td><a href=""tel:011-2982405"" class=""phone-link"">011-2982405</a><div class=""phone-secondary""></div></td><td>Paid</td></tr>",,,,
1212,Rooth Child Development Centre,Mental Health,Government,Free,,,,Western Province,Colombo,Dehiwala,Dehiwala,307 Attidiya Road Dehiwala,Residential care,,,,Non-Governmental Organizations,"<tr><td>Rooth Child Development Centre<div class=""e-mail""></div></td><td>Western Province</td><td>Colombo</td><td><a href=""tel:"" class=""phone-link""></a><div class=""phone-secondary""></div></td><td>Free</td></tr>",,,,
1213,Rotary Club of Uva Hills,Counseling,Service Club / NGO,Free,,,,Uva Province,Badulla,Badulla,Badulla,Capital City Hotel 5 Bank Road Badulla,Counselling,As per club activities,Volunteers,,Other Government Institutions,"<tr><td>Rotary Club of Uva Hills<div class=""e-mail""></div></td><td>Uva Province</td><td>Badulla</td><td><a href=""tel:"" class=""phone-link""></a><div class=""phone-secondary""></div></td><td>Free</td></tr>",,,,
1214,Royal Nursing Home Pvt. LTD.,Elder Care,Government,Free,011-2804040,,,Western Province,Colombo,Maharagama,Maharagama,,Residential care,,,,Elders' Homes & Care Services,"<tr><td>Royal Nursing Home Pvt. LTD.<div class=""e-mail""></div></td><td>Western Province</td><td>Colombo</td><td><a href=""tel:011-2804040"" class=""phone-link"">011-2804040</a><div class=""phone-secondary""></div></td><td>Free</td></tr>",,,,
1215,Ruhunu Children 's Home,Child Protection / Counseling,Government,Free,091-2222960,091-4936727,,Southern Province,Galle,Galle,Galle,Galle,Residential care,Call ahead to confirm current clinic/consultant hours,,,Children Homes & Care Services,"<tr><td>Ruhunu Children 's Home<div class=""e-mail""></div></td><td>Southern Province</td><td>Galle</td><td><a href=""tel:091-2222960"" class=""phone-link"">091-2222960</a><div class=""phone-secondary"">091-4936727</div></td><td>Free</td></tr>",,,,
1216,Ruhunu Medi Hospital / Medi House - Hambantota,Mental Health / Private Channeling,Private Hospital,Paid,047-2220378,047-2220035; 070-7004700,ruhunu.medihospitalhambantota@gmail.com,Southern Province,Hambantota,Hambantota,Hambantota,"Hambantota, Hambantota District",Psychiatrist channeling; 24-hour OPD; ETU; inpatient care; diagnostics and specialist services,Call ahead to confirm current clinic/consultant hours,,,https://ruhunumedihospital.com/ruhunu-medi-hospital-hambantota/ ; https://www.doc.lk/search?hospital=221&specialization=0,"<tr><td>Ruhunu Medi Hospital / Medi House - Hambantota<div class=""e-mail"">ruhunu.medihospitalhambantota@gmail.com</div></td><td>Southern Province</td><td>Hambantota</td><td><a href=""tel:047-2220378"" class=""phone-link"">047-2220378</a><div class=""phone-secondary"">047-2220035; 070-7004700</div></td><td>Paid</td></tr>",,,,
1217,Ruhunu Suwa Niwahana,Mental Health + Rehabilitation,Government,Free,047-2220378,047-2220035; 070-7004700,ruhunu.medihospitalhambantota@gmail.com,Southern Province,Hambantota,Ambalantota,Ambalantota,Ridiyagama Ambalantota,Mental Health rehabilitation,Call ahead to confirm current clinic/consultant hours,,,Government Hospitals,"<tr><td>Ruhunu Suwa Niwahana<div class=""e-mail"">ruhunu.medihospitalhambantota@gmail.com</div></td><td>Southern Province</td><td>Hambantota</td><td><a href=""tel:047-2220378"" class=""phone-link"">047-2220378</a><div class=""phone-secondary"">047-2220035; 070-7004700</div></td><td>Free</td></tr>",,,,
1218,S.K Arivucholai Children’s Home (KR/DS/NGO/ 2011/04,Child Protection / Counseling,NGO,Free,021-2283313,,,Northern Province,Mannar,Kilinochchi,Kilinochchi,,Residential care,,,,Children Homes & Care Services,"<tr><td>S.K Arivucholai Children’s Home (KR/DS/NGO/ 2011/04<div class=""e-mail""></div></td><td>Northern Province</td><td>Mannar</td><td><a href=""tel:021-2283313"" class=""phone-link"">021-2283313</a><div class=""phone-secondary""></div></td><td>Free</td></tr>",,,,
1219,S.O.S. Children' s Village,Child Protection / Counseling,Government,Free,091-2234607,,,Southern Province,Galle,Galle,Galle,,Residential care,,,,Children Homes & Care Services,"<tr><td>S.O.S. Children' s Village<div class=""e-mail""></div></td><td>Southern Province</td><td>Galle</td><td><a href=""tel:091-2234607"" class=""phone-link"">091-2234607</a><div class=""phone-secondary""></div></td><td>Free</td></tr>",,,,
1220,Sabaragamuwa Province Psychosocial and Intervention Counselling Resource Centre,Counseling,Government,Free,045-2262167,,,Sabaragamuwa Province,Ratnapura,Kuruwita,Kuruwita,,Training teachers on counselling,,,,Other Government Institutions,"<tr><td>Sabaragamuwa Province Psychosocial and Intervention Counselling Resource Centre<div class=""e-mail""></div></td><td>Sabaragamuwa Province</td><td>Ratnapura</td><td><a href=""tel:045-2262167"" class=""phone-link"">045-2262167</a><div class=""phone-secondary""></div></td><td>Free</td></tr>",,,,
1221,Safe House Kalmunai,Child Protection / Counseling,Government,Free,067-4929201,,,Eastern Province,Trincomalee,Kalmunai,Kalmunai,,Residential care Legal support Referral to welfare & other services,,,,Children Homes & Care Services,"<tr><td>Safe House Kalmunai<div class=""e-mail""></div></td><td>Eastern Province</td><td>Trincomalee</td><td><a href=""tel:067-4929201"" class=""phone-link"">067-4929201</a><div class=""phone-secondary""></div></td><td>Free</td></tr>",,,,
1222,Sahabandu Children Home,Child Protection / Counseling,Government,Free,,,,Southern Province,Galle,Wanduramba,Wanduramba,Urala Wanduramba,Residential care,,,,Children Homes & Care Services,"<tr><td>Sahabandu Children Home<div class=""e-mail""></div></td><td>Southern Province</td><td>Galle</td><td><a href=""tel:"" class=""phone-link""></a><div class=""phone-secondary""></div></td><td>Free</td></tr>",,,,
1223,Sahana Udaya Elders’ Residence,Elder Care,Government,Free,011-2761832,,,Western Province,Colombo,Dehiwala,Dehiwala,,Residential care,,,,Elders' Homes & Care Services,"<tr><td>Sahana Udaya Elders’ Residence<div class=""e-mail""></div></td><td>Western Province</td><td>Colombo</td><td><a href=""tel:011-2761832"" class=""phone-link"">011-2761832</a><div class=""phone-secondary""></div></td><td>Free</td></tr>",,,,
1224,Sahanaya,Counseling + Rehabilitation,Government,Free,038-2297702,038-2297703,,Western Province,Kalutara,Panadura,Panadura,,Short- & medium-term residential rehabilitation Counselling,,,,Non-Governmental Organizations,"<tr><td>Sahanaya<div class=""e-mail""></div></td><td>Western Province</td><td>Kalutara</td><td><a href=""tel:038-2297702"" class=""phone-link"">038-2297702</a><div class=""phone-secondary"">038-2297703</div></td><td>Free</td></tr>",,,,
1225,Sahanaya Day Centre (National Council for Mental Health,Mental Health,Government,Free,011-2685960,011-2685950,,Western Province,Colombo,Thimbirigasyaya,Thimbirigasyaya,Mulleriyawa New Town,Residential care,24-Jul,,https://www.nimh.health.gov.lk/,Non-Governmental Organizations,"<tr><td>Sahanaya Day Centre (National Council for Mental Health<div class=""e-mail""></div></td><td>Western Province</td><td>Colombo</td><td><a href=""tel:011-2685960"" class=""phone-link"">011-2685960</a><div class=""phone-secondary"">011-2685950</div></td><td>Free<div> <a href=""https://www.nimh.health.gov.lk/"" class=""web-site""target=""_blank"" style=""text-decoration: none;"">Web Site  🔗</a></div></td></tr>",,,,
1226,SAHANAYA- National Council for Mental Health,Counseling,Government,Free,011-2685960,011-2695950,,Western Province,Colombo,Thimbirigasyaya,Thimbirigasyaya,Mulleriyawa New Town,Counselling,24-Jul,,https://www.nimh.health.gov.lk/,Non-Governmental Organizations,"<tr><td>SAHANAYA- National Council for Mental Health<div class=""e-mail""></div></td><td>Western Province</td><td>Colombo</td><td><a href=""tel:011-2685960"" class=""phone-link"">011-2685960</a><div class=""phone-secondary"">011-2695950</div></td><td>Free<div> <a href=""https://www.nimh.health.gov.lk/"" class=""web-site""target=""_blank"" style=""text-decoration: none;"">Web Site  🔗</a></div></td></tr>",,,,
1227,Sajalom Child Development Centre,Rehabilitation + Child Mental Health,Private,Paid,,,,Central Province,Matale,Matale,Matale,64 Ambangangawatta Road Kawatayamuna Kaudupalalla,Residential care Rehabilitation,,,,Children Homes & Care Services,"<tr><td>Sajalom Child Development Centre<div class=""e-mail""></div></td><td>Central Province</td><td>Matale</td><td><a href=""tel:"" class=""phone-link""></a><div class=""phone-secondary""></div></td><td>Paid</td></tr>",,,,
1228,Salem Villas Sanhida Child Development Centre,Mental Health,Government,Free,,,,Western Province,Colombo,Dehiwala,Dehiwala,28/9 Divulapitiya Bellanwilla Road Dehiwala Mount Lavinia,Residential care,,,,Non-Governmental Organizations,"<tr><td>Salem Villas Sanhida Child Development Centre<div class=""e-mail""></div></td><td>Western Province</td><td>Colombo</td><td><a href=""tel:"" class=""phone-link""></a><div class=""phone-secondary""></div></td><td>Free</td></tr>",,,,
1229,Salvatarion Child Development Centre,Child Protection / Counseling,Private,Paid,024-3244577,,,Northern Province,Vavuniya,Cheddikulam,Cheddikulam,,Residential care,,,,Children Homes & Care Services,"<tr><td>Salvatarion Child Development Centre<div class=""e-mail""></div></td><td>Northern Province</td><td>Vavuniya</td><td><a href=""tel:024-3244577"" class=""phone-link"">024-3244577</a><div class=""phone-secondary""></div></td><td>Paid</td></tr>",,,,
1230,Salvation Army Balika Child Development Centre,Mental Health,Government,Free,,,,Western Province,Colombo,Dehiwala,Dehiwala,12 Railway Station Road School Lane Dehiwala,Residential care,,,,Non-Governmental Organizations,"<tr><td>Salvation Army Balika Child Development Centre<div class=""e-mail""></div></td><td>Western Province</td><td>Colombo</td><td><a href=""tel:"" class=""phone-link""></a><div class=""phone-secondary""></div></td><td>Free</td></tr>",,,,
1231,Samadhi Child Development Centre,Child Protection / Counseling,Private,Paid,033-2243101,,,Western Province,Gampaha,Kelaniya,Kelaniya,,Residential care,,,,Children Homes & Care Services,"<tr><td>Samadhi Child Development Centre<div class=""e-mail""></div></td><td>Western Province</td><td>Gampaha</td><td><a href=""tel:033-2243101"" class=""phone-link"">033-2243101</a><div class=""phone-secondary""></div></td><td>Paid</td></tr>",,,,
1232,Sanasa Sewana Child Development Centre,Child Protection / Counseling,Private,Paid,011-2972129,,,Western Province,Gampaha,Mahara,Mahara,,Residential care,,,,Children Homes & Care Services,"<tr><td>Sanasa Sewana Child Development Centre<div class=""e-mail""></div></td><td>Western Province</td><td>Gampaha</td><td><a href=""tel:011-2972129"" class=""phone-link"">011-2972129</a><div class=""phone-secondary""></div></td><td>Paid</td></tr>",,,,
1233,Sanctuary Child Development Centre,Mental Health,Government,Free,,,,Western Province,Colombo,Kaduwela,Kaduwela,51/8 Ladubima Horahena Road Hokandara,Residential care,,,,Non-Governmental Organizations,"<tr><td>Sanctuary Child Development Centre<div class=""e-mail""></div></td><td>Western Province</td><td>Colombo</td><td><a href=""tel:"" class=""phone-link""></a><div class=""phone-secondary""></div></td><td>Free</td></tr>",,,,
1234,Sandella Elderly Care Centre,Elder Care,Private,Paid,031-4902509,,,Western Province,Gampaha,Mirigama,Mirigama,,Residential care,,,,Elders' Homes & Care Services,"<tr><td>Sandella Elderly Care Centre<div class=""e-mail""></div></td><td>Western Province</td><td>Gampaha</td><td><a href=""tel:031-4902509"" class=""phone-link"">031-4902509</a><div class=""phone-secondary""></div></td><td>Paid</td></tr>",,,,
1235,Sanhida Child Development Centre,Mental Health,Government,Free,,,,Western Province,Colombo,Padukka,Padukka,195B Atigala Road Watareka Padukka,Residential care,,,,Non-Governmental Organizations,"<tr><td>Sanhida Child Development Centre<div class=""e-mail""></div></td><td>Western Province</td><td>Colombo</td><td><a href=""tel:"" class=""phone-link""></a><div class=""phone-secondary""></div></td><td>Free</td></tr>",,,,
1236,Santhana Child Development Centre,Child Protection / Counseling,Private,Paid,031-2234184,,,Western Province,Gampaha,Katana,Katana,,Residential care,,,,Children Homes & Care Services,"<tr><td>Santhana Child Development Centre<div class=""e-mail""></div></td><td>Western Province</td><td>Gampaha</td><td><a href=""tel:031-2234184"" class=""phone-link"">031-2234184</a><div class=""phone-secondary""></div></td><td>Paid</td></tr>",,,,
1237,Santhiham (L-145605,Counseling,Government,Free,021-2213338,,,Northern Province,Kilinochchi,Kilinochchi,Kilinochchi,,Counselling,,,,Non-Governmental Organizations,"<tr><td>Santhiham (L-145605<div class=""e-mail""></div></td><td>Northern Province</td><td>Kilinochchi</td><td><a href=""tel:021-2213338"" class=""phone-link"">021-2213338</a><div class=""phone-secondary""></div></td><td>Free</td></tr>",,,,
1238,Saradha Mission Child Development Centre,Rehabilitation + Child Mental Health,Private,Paid,066-3925241,,,Central Province,Matale,Matale,Matale,,Residential care Rehabilitation,,,,Children Homes & Care Services,"<tr><td>Saradha Mission Child Development Centre<div class=""e-mail""></div></td><td>Central Province</td><td>Matale</td><td><a href=""tel:066-3925241"" class=""phone-link"">066-3925241</a><div class=""phone-secondary""></div></td><td>Paid</td></tr>",,,,
1239,Sarana Sevana Children’s Home,Child Protection / Counseling,Government,Free,081-2210671,081-2223223,info@suwasevana.lk,Central Province,Kandy,Gangawatakoralaya,Gangawatakoralaya,"No. 532, Peradeniya Road, Kandy",Residential care,24/7 hotline; psychiatrist appointments by schedule,Visiting psychiatrists,,Children Homes & Care Services,"<tr><td>Sarana Sevana Children’s Home<div class=""e-mail"">info@suwasevana.lk</div></td><td>Central Province</td><td>Kandy</td><td><a href=""tel:081-2210671"" class=""phone-link"">081-2210671</a><div class=""phone-secondary"">081-2223223</div></td><td>Free</td></tr>",,,,
1240,Sarana Sewana Balika Children’s Home,Child Protection / Counseling,Private,Paid,025-2221581,,,North Central Province,Anuradhapura,Nuwaragam Palatha East Anuradhapura,Nuwaragam Palatha East Anuradhapura,,Residential care,,,,Children Homes & Care Services,"<tr><td>Sarana Sewana Balika Children’s Home<div class=""e-mail""></div></td><td>North Central Province</td><td>Anuradhapura</td><td><a href=""tel:025-2221581"" class=""phone-link"">025-2221581</a><div class=""phone-secondary""></div></td><td>Paid</td></tr>",,,,
1241,Sarath Ukwatte Children’s Home,Child Protection / Counseling,Private,Paid,036-2260000,,,Sabaragamuwa Province,Ratnapura,Eheliyagoda,Eheliyagoda,,Residential care,,,,Children Homes & Care Services,"<tr><td>Sarath Ukwatte Children’s Home<div class=""e-mail""></div></td><td>Sabaragamuwa Province</td><td>Ratnapura</td><td><a href=""tel:036-2260000"" class=""phone-link"">036-2260000</a><div class=""phone-secondary""></div></td><td>Paid</td></tr>",,,,
1242,Sarvodaya,Mental Health,Government,Free,066-4935631,,,Central Province,Matale,Matale,Matale,,Vocational training,,,,Non-Governmental Organizations,"<tr><td>Sarvodaya<div class=""e-mail""></div></td><td>Central Province</td><td>Matale</td><td><a href=""tel:066-4935631"" class=""phone-link"">066-4935631</a><div class=""phone-secondary""></div></td><td>Free</td></tr>",,,,
1243,Sarvodaya,Counseling,Government,Free,055-2222581,,,Uva Province,Badulla,Badulla,Badulla,"47, Spring Valley Road, Badulla",Counselling,As per programmes (contact for current),Community workers / counselors,,Other Government Institutions,"<tr><td>Sarvodaya<div class=""e-mail""></div></td><td>Uva Province</td><td>Badulla</td><td><a href=""tel:055-2222581"" class=""phone-link"">055-2222581</a><div class=""phone-secondary""></div></td><td>Free</td></tr>",,,,
1244,Sarvodaya,Mental Health,Government,Free,011-2655255,,,Western Province,Colombo,Moratuwa,Moratuwa,,Social support,,,,Non-Governmental Organizations,"<tr><td>Sarvodaya<div class=""e-mail""></div></td><td>Western Province</td><td>Colombo</td><td><a href=""tel:011-2655255"" class=""phone-link"">011-2655255</a><div class=""phone-secondary""></div></td><td>Free</td></tr>",,,,
1245,Sarvodaya (L-12501,Counseling,Government,Free,021-2211213,,,Northern Province,Jaffna,Nallur,Nallur,,Counselling,,,,Non-Governmental Organizations,"<tr><td>Sarvodaya (L-12501<div class=""e-mail""></div></td><td>Northern Province</td><td>Jaffna</td><td><a href=""tel:021-2211213"" class=""phone-link"">021-2211213</a><div class=""phone-secondary""></div></td><td>Free</td></tr>",,,,
1246,Sarvodaya District Centre,Mental Health,Government,Free,035-4935220,,,Sabaragamuwa Province,Kegalle,Rambukkana,Rambukkana,,Social support,,,,Non-Governmental Organizations,"<tr><td>Sarvodaya District Centre<div class=""e-mail""></div></td><td>Sabaragamuwa Province</td><td>Kegalle</td><td><a href=""tel:035-4935220"" class=""phone-link"">035-4935220</a><div class=""phone-secondary""></div></td><td>Free</td></tr>",,,,
1247,Sarvodaya District Centre,Counseling,Government,Free,045-2270218,,,Sabaragamuwa Province,Ratnapura,Kahawatta,Kahawatta,,Counselling,,,,Other Government Institutions,"<tr><td>Sarvodaya District Centre<div class=""e-mail""></div></td><td>Sabaragamuwa Province</td><td>Ratnapura</td><td><a href=""tel:045-2270218"" class=""phone-link"">045-2270218</a><div class=""phone-secondary""></div></td><td>Free</td></tr>",,,,
1248,Sarvodaya Masewana (pregnant female below 18 years,Mental Health,Government,Free,011-2647761,,,Western Province,Colombo,Moratuwa,Moratuwa,,Residential care,,,,Non-Governmental Organizations,"<tr><td>Sarvodaya Masewana (pregnant female below 18 years<div class=""e-mail""></div></td><td>Western Province</td><td>Colombo</td><td><a href=""tel:011-2647761"" class=""phone-link"">011-2647761</a><div class=""phone-secondary""></div></td><td>Free</td></tr>",,,,
1249,Sarvodaya Susitha Suwasetha Foundation (L 167504,Child Protection / Counseling,Government,Free,033-2235613,,,Western Province,Gampaha,Gampaha,Gampaha,,Health and sanitation Protection of child rights,,,,Non-Governmental Organizations,"<tr><td>Sarvodaya Susitha Suwasetha Foundation (L 167504<div class=""e-mail""></div></td><td>Western Province</td><td>Gampaha</td><td><a href=""tel:033-2235613"" class=""phone-link"">033-2235613</a><div class=""phone-secondary""></div></td><td>Free</td></tr>",,,,
1250,Sarvodaya Suwasetha Boys’ Children Home,Child Protection / Counseling,Government,Free,091-2292207,,,Southern Province,Galle,Baddegama,Baddegama,,Residential care,,,,Children Homes & Care Services,"<tr><td>Sarvodaya Suwasetha Boys’ Children Home<div class=""e-mail""></div></td><td>Southern Province</td><td>Galle</td><td><a href=""tel:091-2292207"" class=""phone-link"">091-2292207</a><div class=""phone-secondary""></div></td><td>Free</td></tr>",,,,
1251,Sarvodaya Suwasetha Centre of Nutrition (0-5 years,Mental Health,Government,Free,011-2647158,071-6479192,infonsacpsim@gmail.com,Western Province,Colombo,Moratuwa,Moratuwa,55 De Zoysa Road Rawathawatta Moratuwa,Residential care,Contact NSACP central clinic for current hours,,,Non-Governmental Organizations,"<tr><td>Sarvodaya Suwasetha Centre of Nutrition (0-5 years<div class=""e-mail"">infonsacpsim@gmail.com</div></td><td>Western Province</td><td>Colombo</td><td><a href=""tel:011-2647158"" class=""phone-link"">011-2647158</a><div class=""phone-secondary"">071-6479192</div></td><td>Free</td></tr>",,,,
1252,Sarvodaya Suwasetha Child Development Centre (0-5yrs,Child Protection / Counseling,Government,Free,011-3043327,,,Western Province,Colombo,Moratuwa,Moratuwa,46 Uyana Road Lunawa Moratuwa,Residential care for Mentally Retarded Children,,,,Non-Governmental Organizations,"<tr><td>Sarvodaya Suwasetha Child Development Centre (0-5yrs<div class=""e-mail""></div></td><td>Western Province</td><td>Colombo</td><td><a href=""tel:011-3043327"" class=""phone-link"">011-3043327</a><div class=""phone-secondary""></div></td><td>Free</td></tr>",,,,
1253,Sarvodaya Suwasetha Children Home (Boys,Child Protection / Counseling,Government,Free,091-3781112,,,Southern Province,Galle,Balapitiya,Balapitiya,,Residential care,,,,Children Homes & Care Services,"<tr><td>Sarvodaya Suwasetha Children Home (Boys<div class=""e-mail""></div></td><td>Southern Province</td><td>Galle</td><td><a href=""tel:091-3781112"" class=""phone-link"">091-3781112</a><div class=""phone-secondary""></div></td><td>Free</td></tr>",,,,
1254,Sarvodaya Suwasetha Children Home (Girls,Child Protection / Counseling,Government,Free,037-2293549,,,North Western Province,Kurunegala,Wariyapola,Wariyapola,,Residential care,,,,Children Homes & Care Services,"<tr><td>Sarvodaya Suwasetha Children Home (Girls<div class=""e-mail""></div></td><td>North Western Province</td><td>Kurunegala</td><td><a href=""tel:037-2293549"" class=""phone-link"">037-2293549</a><div class=""phone-secondary""></div></td><td>Free</td></tr>",,,,
1255,Sarvodaya Suwasetha Girls’ Home,Child Protection / Counseling,Government,Free,041-2283125,,,Southern Province,Matara,Akuressa,Akuressa,,Residential care Free of charge,,,,Children Homes & Care Services,"<tr><td>Sarvodaya Suwasetha Girls’ Home<div class=""e-mail""></div></td><td>Southern Province</td><td>Matara</td><td><a href=""tel:041-2283125"" class=""phone-link"">041-2283125</a><div class=""phone-secondary""></div></td><td>Free</td></tr>",,,,
1256,Sarvodaya Suwasetha Home for differently-abled females,Rehabilitation,Government,Free,041-2265790,,,Southern Province,Matara,Matara,Matara,,Rehabilitation care,,,,Non-Governmental Organizations,"<tr><td>Sarvodaya Suwasetha Home for differently-abled females<div class=""e-mail""></div></td><td>Southern Province</td><td>Matara</td><td><a href=""tel:041-2265790"" class=""phone-link"">041-2265790</a><div class=""phone-secondary""></div></td><td>Free</td></tr>",,,,
1257,Sasanawardhana Boys’ Home (5-16 years,Child Protection / Counseling,Government,Free,033-2273432,,,Western Province,Gampaha,Mirigama,Mirigama,Ambanawaththa Mirigama,Residential care,,,,Children Homes & Care Services,"<tr><td>Sasanawardhana Boys’ Home (5-16 years<div class=""e-mail""></div></td><td>Western Province</td><td>Gampaha</td><td><a href=""tel:033-2273432"" class=""phone-link"">033-2273432</a><div class=""phone-secondary""></div></td><td>Free</td></tr>",,,,
1258,Save the Children,Mental Health,Government,Free,,,,Central Province,Nuwara Eliya,Nuwara Eliya,Nuwara Eliya,198/5 Jayasiripura Nuwara Eliya Road Thalawakelle,Health & Vocational training,,,,Non-Governmental Organizations,"<tr><td>Save the Children<div class=""e-mail""></div></td><td>Central Province</td><td>Nuwara Eliya</td><td><a href=""tel:"" class=""phone-link""></a><div class=""phone-secondary""></div></td><td>Free</td></tr>",,,,
1259,Save the Children,Child Protection / Counseling,Government,Free,,,,Uva Province,Badulla,Badulla,Badulla,300/13 Keppetipola Road Badulla,Residential care,,,,Children Homes & Care Services,"<tr><td>Save the Children<div class=""e-mail""></div></td><td>Uva Province</td><td>Badulla</td><td><a href=""tel:"" class=""phone-link""></a><div class=""phone-secondary""></div></td><td>Free</td></tr>",,,,
1260,School for Deaf and Blind Children,Child Protection / Counseling,Government,Free,047-2240310,,,Southern Province,Hambantota,Tangalle,Tangalle,,Learning facilities for Deaf and Blind Children,,,,Children Homes & Care Services,"<tr><td>School for Deaf and Blind Children<div class=""e-mail""></div></td><td>Southern Province</td><td>Hambantota</td><td><a href=""tel:047-2240310"" class=""phone-link"">047-2240310</a><div class=""phone-secondary""></div></td><td>Free</td></tr>",,,,
1261,Sebamalai Mariyannai Child Development Centre,Child Protection / Counseling,Private,Paid,023-3230870,,,Northern Province,Mannar,Mannar,Mannar,,Residential care,,,,Children Homes & Care Services,"<tr><td>Sebamalai Mariyannai Child Development Centre<div class=""e-mail""></div></td><td>Northern Province</td><td>Mannar</td><td><a href=""tel:023-3230870"" class=""phone-link"">023-3230870</a><div class=""phone-secondary""></div></td><td>Paid</td></tr>",,,,
1262,SEDEC,Mental Health,Government,Free,011-2691885,070-4734322,sedec@caritaslk.org,Western Province,Colombo,Colombo,Colombo,"133, Kynsey Road, Colombo 08.",Community empowerment,,,https://www.caritaslk.org/,Non-Governmental Organizations,"<tr><td>SEDEC<div class=""e-mail"">sedec@caritaslk.org</div></td><td>Western Province</td><td>Colombo</td><td><a href=""tel:011-2691885"" class=""phone-link"">011-2691885</a><div class=""phone-secondary"">070-4734322</div></td><td>Free<div> <a href=""https://www.caritaslk.org/"" class=""web-site""target=""_blank"" style=""text-decoration: none;"">Web Site  🔗</a></div></td></tr>",,,,
1263,SEED,Child Protection / Counseling,Government,Free,024-2222911,,seedva@sltnet.lk,Northern Province,Vavuniya,Vavuniya,Vavuniya,,Outpatient services Special needs children education,,,,Non-Governmental Organizations,"<tr><td>SEED<div class=""e-mail"">seedva@sltnet.lk</div></td><td>Northern Province</td><td>Vavuniya</td><td><a href=""tel:024-2222911"" class=""phone-link"">024-2222911</a><div class=""phone-secondary""></div></td><td>Free</td></tr>",,,,
1264,Seelawathi Maatha Memorial Maw Piya Sewana,Elder Care,Private,Paid,,,,Western Province,Gampaha,Attanagalla,Attanagalla,240 Fanland Wattha Indaragoda Road Weyangoda,Residential care,,,,Elders' Homes & Care Services,"<tr><td>Seelawathi Maatha Memorial Maw Piya Sewana<div class=""e-mail""></div></td><td>Western Province</td><td>Gampaha</td><td><a href=""tel:"" class=""phone-link""></a><div class=""phone-secondary""></div></td><td>Paid</td></tr>",,,,
1265,Seerpathathevi Child Development Centre,Child Protection / Counseling,Private,Paid,067-2261144,,,Eastern Province,Trincomalee,Sammanthurai,Sammanthurai,,Residential care,,,,Children Homes & Care Services,"<tr><td>Seerpathathevi Child Development Centre<div class=""e-mail""></div></td><td>Eastern Province</td><td>Trincomalee</td><td><a href=""tel:067-2261144"" class=""phone-link"">067-2261144</a><div class=""phone-secondary""></div></td><td>Paid</td></tr>",,,,
1266,Senarath Gunawardena Child Development Centre,Mental Health,Government,Free,,,,Western Province,Colombo,Dehiwala,Dehiwala,Sri Saranankara Road Kalubowila Dehiwala,Residential care,,,,Non-Governmental Organizations,"<tr><td>Senarath Gunawardena Child Development Centre<div class=""e-mail""></div></td><td>Western Province</td><td>Colombo</td><td><a href=""tel:"" class=""phone-link""></a><div class=""phone-secondary""></div></td><td>Free</td></tr>",,,,
1267,Sencholai Children’s Home,Child Protection / Counseling,NGO,Free,021-3734848,,,Northern Province,Mannar,Kilinochchi,Kilinochchi,,Residential care,,,,Children Homes & Care Services,"<tr><td>Sencholai Children’s Home<div class=""e-mail""></div></td><td>Northern Province</td><td>Mannar</td><td><a href=""tel:021-3734848"" class=""phone-link"">021-3734848</a><div class=""phone-secondary""></div></td><td>Free</td></tr>",,,,
1268,Senehasa Counselling Services,Counseling + Rehabilitation,Government,Free,011-2613248,,,Western Province,Colombo,Kesbewa,Kesbewa,,Rehabilitation for drug addicts Counselling,,,,Non-Governmental Organizations,"<tr><td>Senehasa Counselling Services<div class=""e-mail""></div></td><td>Western Province</td><td>Colombo</td><td><a href=""tel:011-2613248"" class=""phone-link"">011-2613248</a><div class=""phone-secondary""></div></td><td>Free</td></tr>",,,,
1269,Senior Citizens’ Home,Elder Care,Private,Paid,041-2246143,,,Southern Province,Matara,Matara,Matara,,Residential care (Free of charge),,,,Elders' Homes & Care Services,"<tr><td>Senior Citizens’ Home<div class=""e-mail""></div></td><td>Southern Province</td><td>Matara</td><td><a href=""tel:041-2246143"" class=""phone-link"">041-2246143</a><div class=""phone-secondary""></div></td><td>Paid</td></tr>",,,,
1270,Senior Friends Home,Elder Care,Government,Free,011-4005411,,,Western Province,Colombo,"Sri Jayawardenepura, Kotte","Sri Jayawardenepura, Kotte",,Residential care,,,,Elders' Homes & Care Services,"<tr><td>Senior Friends Home<div class=""e-mail""></div></td><td>Western Province</td><td>Colombo</td><td><a href=""tel:011-4005411"" class=""phone-link"">011-4005411</a><div class=""phone-secondary""></div></td><td>Free</td></tr>",,,,
1271,Serenity Well-being Centre,Mental Health,Government,Free,011-2667163,071-6479192,infonsacpsim@gmail.com,Western Province,Colombo,Kesbewa,Kesbewa,20/17 Jayanthi Place Gangarama Road Werahera Boralesgamuwa,Empowering and educating on well-being best practices,Contact NSACP central clinic for current hours,,,Non-Governmental Organizations,"<tr><td>Serenity Well-being Centre<div class=""e-mail"">infonsacpsim@gmail.com</div></td><td>Western Province</td><td>Colombo</td><td><a href=""tel:011-2667163"" class=""phone-link"">011-2667163</a><div class=""phone-secondary"">071-6479192</div></td><td>Free</td></tr>",,,,
1272,Sevana Children's Home,Child Protection / Counseling,Government,Free,055-4936318,,,Uva Province,Monaragala,Bibile,Bibile,,Residential care,,,,Children Homes & Care Services,"<tr><td>Sevana Children's Home<div class=""e-mail""></div></td><td>Uva Province</td><td>Monaragala</td><td><a href=""tel:055-4936318"" class=""phone-link"">055-4936318</a><div class=""phone-secondary""></div></td><td>Free</td></tr>",,,,
1273,Shakthi elderly and disability Home,Elder Care,Private,Paid,,,,Southern Province,Matara,Kirinda,Kirinda,Ovitigamuwa South Kirinda Puhulwella,Residential care (Free of charge),,,,Elders' Homes & Care Services,"<tr><td>Shakthi elderly and disability Home<div class=""e-mail""></div></td><td>Southern Province</td><td>Matara</td><td><a href=""tel:"" class=""phone-link""></a><div class=""phone-secondary""></div></td><td>Paid</td></tr>",,,,
1274,Shakthi Girls’ Home,Child Protection / Counseling,Government,Free,065-2225402,,,Eastern Province,Batticaloa,Batticoloa,Batticoloa,,Residential care,,,,Children Homes & Care Services,"<tr><td>Shakthi Girls’ Home<div class=""e-mail""></div></td><td>Eastern Province</td><td>Batticaloa</td><td><a href=""tel:065-2225402"" class=""phone-link"">065-2225402</a><div class=""phone-secondary""></div></td><td>Free</td></tr>",,,,
1275,Shalani Children Home,Child Protection / Counseling,NGO,Free,032-2250601,,,North Western Province,Puttalam,Nattandiya,Nattandiya,,Residential care Free of charge,,,,Children Homes & Care Services,"<tr><td>Shalani Children Home<div class=""e-mail""></div></td><td>North Western Province</td><td>Puttalam</td><td><a href=""tel:032-2250601"" class=""phone-link"">032-2250601</a><div class=""phone-secondary""></div></td><td>Free</td></tr>",,,,
1276,Shalom Children Home,Child Protection / Counseling,Government,Free,052-2277445,,,Central Province,Nuwara Eliya,Maskeliya,Maskeliya,,Residential care,,,,Children Homes & Care Services,"<tr><td>Shalom Children Home<div class=""e-mail""></div></td><td>Central Province</td><td>Nuwara Eliya</td><td><a href=""tel:052-2277445"" class=""phone-link"">052-2277445</a><div class=""phone-secondary""></div></td><td>Free</td></tr>",,,,
1277,Shalom Children Home (Boys,Child Protection / Counseling,NGO,Free,032-2265680,,,North Western Province,Puttalam,Puttalam,Puttalam,,Residential care Free of charge,,,,Children Homes & Care Services,"<tr><td>Shalom Children Home (Boys<div class=""e-mail""></div></td><td>North Western Province</td><td>Puttalam</td><td><a href=""tel:032-2265680"" class=""phone-link"">032-2265680</a><div class=""phone-secondary""></div></td><td>Free</td></tr>",,,,
1278,Shanthi Bhawan Girls’ Home,Child Protection / Counseling,Government,Free,065-2225782,,,Eastern Province,Batticaloa,Batticaloa,Batticaloa,,Residential care,,,,Children Homes & Care Services,"<tr><td>Shanthi Bhawan Girls’ Home<div class=""e-mail""></div></td><td>Eastern Province</td><td>Batticaloa</td><td><a href=""tel:065-2225782"" class=""phone-link"">065-2225782</a><div class=""phone-secondary""></div></td><td>Free</td></tr>",,,,
1279,Shanthi Children’s Home,Child Protection / Counseling,Private,Paid,045-4933941,,,Sabaragamuwa Province,Ratnapura,Rakwana,Rakwana,,Residential care,,,,Children Homes & Care Services,"<tr><td>Shanthi Children’s Home<div class=""e-mail""></div></td><td>Sabaragamuwa Province</td><td>Ratnapura</td><td><a href=""tel:045-4933941"" class=""phone-link"">045-4933941</a><div class=""phone-secondary""></div></td><td>Paid</td></tr>",,,,
1280,Shanthi Home,Elder Care,Government,Free,021-2057040,,,Northern Province,Jaffna,Chavakachcheri,Chavakachcheri,,Residential care,,,,Elders' Homes & Care Services,"<tr><td>Shanthi Home<div class=""e-mail""></div></td><td>Northern Province</td><td>Jaffna</td><td><a href=""tel:021-2057040"" class=""phone-link"">021-2057040</a><div class=""phone-secondary""></div></td><td>Free</td></tr>",,,,
1281,Shanthi Home,Elder Care,Government,Free,011-2525995,,,Western Province,Colombo,Colombo,Colombo,,Residential care,,,,Elders' Homes & Care Services,"<tr><td>Shanthi Home<div class=""e-mail""></div></td><td>Western Province</td><td>Colombo</td><td><a href=""tel:011-2525995"" class=""phone-link"">011-2525995</a><div class=""phone-secondary""></div></td><td>Free</td></tr>",,,,
1282,Shanthi Maargam Helpline,Counseling,NGO,Free,011-2665126,071-7639898,,National,Island wide,Island wide,,National,Counseling helpline,Check current,Counselors,,,"<tr><td>Shanthi Maargam Helpline<div class=""e-mail""></div></td><td>National</td><td>Island wide</td><td><a href=""tel:011-2665126"" class=""phone-link"">011-2665126</a><div class=""phone-secondary"">071-7639898</div></td><td>Free</td></tr>",,,,
1283,Shanthiham,Counseling,Government,Free,021-2223338,,,Northern Province,Jaffna,Jaffna,Jaffna,,Counselling Psychosocial support,,,,Non-Governmental Organizations,"<tr><td>Shanthiham<div class=""e-mail""></div></td><td>Northern Province</td><td>Jaffna</td><td><a href=""tel:021-2223338"" class=""phone-link"">021-2223338</a><div class=""phone-secondary""></div></td><td>Free</td></tr>",,,,
1284,Shanthom,Elder Care,Private,Paid,,,,Northern Province,Mannar,Mannar,Mannar,Pattithottam Thanvupadu Road Mannar,Residential care,,,,Elders' Homes & Care Services,"<tr><td>Shanthom<div class=""e-mail""></div></td><td>Northern Province</td><td>Mannar</td><td><a href=""tel:"" class=""phone-link""></a><div class=""phone-secondary""></div></td><td>Paid</td></tr>",,,,
1285,Sharon Children Home,Child Protection / Counseling,NGO,Free,,,,North Western Province,Puttalam,Mundel,Mundel,Sembatta Madurankuliya,Residential care Free of charge,,,,Children Homes & Care Services,"<tr><td>Sharon Children Home<div class=""e-mail""></div></td><td>North Western Province</td><td>Puttalam</td><td><a href=""tel:"" class=""phone-link""></a><div class=""phone-secondary""></div></td><td>Free</td></tr>",,,,
1286,Shepherd Hearts Child Development Centre,Mental Health,Government,Free,,,,Western Province,Colombo,"Sri Jayawardenepura, Kotte","Sri Jayawardenepura, Kotte",42/3 Galpottha Road Nawala Rajagiriya,Residential care,,,,Non-Governmental Organizations,"<tr><td>Shepherd Hearts Child Development Centre<div class=""e-mail""></div></td><td>Western Province</td><td>Colombo</td><td><a href=""tel:"" class=""phone-link""></a><div class=""phone-secondary""></div></td><td>Free</td></tr>",,,,
1287,Shilpa Child Development Centre,Mental Health,Government,Free,,,,Western Province,Colombo,Thimbirigasyaya,Thimbirigasyaya,49/92 Nawala Road Narahenpita,Residential care,,,,Non-Governmental Organizations,"<tr><td>Shilpa Child Development Centre<div class=""e-mail""></div></td><td>Western Province</td><td>Colombo</td><td><a href=""tel:"" class=""phone-link""></a><div class=""phone-secondary""></div></td><td>Free</td></tr>",,,,
1288,Shriya Senehase Nawathena,Elder Care,Government,Free,011-2857758,,,Western Province,Colombo,Padukka,Padukka,,Residential care,,,,Elders' Homes & Care Services,"<tr><td>Shriya Senehase Nawathena<div class=""e-mail""></div></td><td>Western Province</td><td>Colombo</td><td><a href=""tel:011-2857758"" class=""phone-link"">011-2857758</a><div class=""phone-secondary""></div></td><td>Free</td></tr>",,,,
1289,Singhe Hospital,Counseling,Private,Paid,045-2222399,045-7555555,,Sabaragamuwa Province,Ratnapura,Ratnapura,Ratnapura,"362 Colombo Road, Ratnapura",Counselling,Psychiatry by appointment; call channeling service for current schedule,Visiting Consultant Psychiatrists,,Other Government Institutions,"<tr><td>Singhe Hospital<div class=""e-mail""></div></td><td>Sabaragamuwa Province</td><td>Ratnapura</td><td><a href=""tel:045-2222399"" class=""phone-link"">045-2222399</a><div class=""phone-secondary"">045-7555555</div></td><td>Paid</td></tr>",,,,
1290,Singithi Sevana Child Development Centre,Counseling + Rehabilitation + Child Mental Health,NGO,Free,081-2222000,,,Central Province,Kandy,KMC,KMC,,Residential care Counselling Rehabilitation,,,,Children Homes & Care Services,"<tr><td>Singithi Sevana Child Development Centre<div class=""e-mail""></div></td><td>Central Province</td><td>Kandy</td><td><a href=""tel:081-2222000"" class=""phone-link"">081-2222000</a><div class=""phone-secondary""></div></td><td>Free</td></tr>",,,,
1291,Sipsetha Lakdaru Foundation,Child Protection / Counseling,Private,Paid,033-3341690,,,Western Province,Gampaha,Gampaha,Gampaha,,Protection of children rights,,,,Children Homes & Care Services,"<tr><td>Sipsetha Lakdaru Foundation<div class=""e-mail""></div></td><td>Western Province</td><td>Gampaha</td><td><a href=""tel:033-3341690"" class=""phone-link"">033-3341690</a><div class=""phone-secondary""></div></td><td>Paid</td></tr>",,,,
1292,Sir J.P. Obeysekara Elders’ and Attanagalla Boys’ Child Development Centre,Elder Care,Private,Paid,033-2280329,,,Western Province,Gampaha,Attanagalla,Attanagalla,,Residential care,,,,Elders' Homes & Care Services,"<tr><td>Sir J.P. Obeysekara Elders’ and Attanagalla Boys’ Child Development Centre<div class=""e-mail""></div></td><td>Western Province</td><td>Gampaha</td><td><a href=""tel:033-2280329"" class=""phone-link"">033-2280329</a><div class=""phone-secondary""></div></td><td>Paid</td></tr>",,,,
1293,Sir James Peiris Lady Vaisheyer Home,Elder Care,Government,Free,011-2713426,,,Western Province,Colombo,Mount Lavinia,Mount Lavinia,,Residential care,,,,Elders' Homes & Care Services,"<tr><td>Sir James Peiris Lady Vaisheyer Home<div class=""e-mail""></div></td><td>Western Province</td><td>Colombo</td><td><a href=""tel:011-2713426"" class=""phone-link"">011-2713426</a><div class=""phone-secondary""></div></td><td>Free</td></tr>",,,,
1294,Sirikurusa Children Home (Girls,Child Protection / Counseling,NGO,Free,032-2255821,,,North Western Province,Puttalam,Mahawewa,Mahawewa,,Residential care Free of charge,,,,Children Homes & Care Services,"<tr><td>Sirikurusa Children Home (Girls<div class=""e-mail""></div></td><td>North Western Province</td><td>Puttalam</td><td><a href=""tel:032-2255821"" class=""phone-link"">032-2255821</a><div class=""phone-secondary""></div></td><td>Free</td></tr>",,,,
1295,Sirimavo Bandaranaike Specialized Children Hospital Peradeniya,Mental Health + Child Mental Health,Government Specialized Teaching Hospital,Free,081-2386770,081-2389110; 081-2389101; 081-2389103,,Central Province,Kandy,Gangawatakoralaya,Gangawatakoralaya,"Sirimavo Bandaranayake Specialized Children Hospital, Peradeniya",Mental Health clinic Mithuru Piyasa Yowun Piyasa,Call ahead to confirm current clinic/consultant hours,Child Psychiatry Team,http://www.mentalhealth.health.gov.lk/index.php?option=com_content&view=article&id=42:kandy-district&catid=18&Itemid=201&lang=en,Government Hospitals,"<tr><td>Sirimavo Bandaranaike Specialized Children Hospital Peradeniya<div class=""e-mail""></div></td><td>Central Province</td><td>Kandy</td><td><a href=""tel:081-2386770"" class=""phone-link"">081-2386770</a><div class=""phone-secondary"">081-2389110; 081-2389101; 081-2389103</div></td><td>Free<div> <a href=""http://www.mentalhealth.health.gov.lk/index.php?option=com_content&view=article&id=42:kandy-district&catid=18&Itemid=201&lang=en"" class=""web-site""target=""_blank"" style=""text-decoration: none;"">Web Site  🔗</a></div></td></tr>",,,,
1296,Siripa Sewana Ceylon Fundamental Rights Organization,Counseling,Government,Free,045-2263282,,,Sabaragamuwa Province,Ratnapura,Kuruwita,Kuruwita,,Counselling for drug addicts,,,,Other Government Institutions,"<tr><td>Siripa Sewana Ceylon Fundamental Rights Organization<div class=""e-mail""></div></td><td>Sabaragamuwa Province</td><td>Ratnapura</td><td><a href=""tel:045-2263282"" class=""phone-link"">045-2263282</a><div class=""phone-secondary""></div></td><td>Free</td></tr>",,,,
1297,Sirisangabo Voluntary Children’s Home,Child Protection / Counseling,Private,Paid,057-2222326,,,Uva Province,Badulla,Bandarawela,Bandarawela,,Residential care (Free of Charge),,,,Children Homes & Care Services,"<tr><td>Sirisangabo Voluntary Children’s Home<div class=""e-mail""></div></td><td>Uva Province</td><td>Badulla</td><td><a href=""tel:057-2222326"" class=""phone-link"">057-2222326</a><div class=""phone-secondary""></div></td><td>Paid</td></tr>",,,,
1298,Sirisanghabo Special Children’s Foundation (FL112604,Child Protection / Counseling,Private,Paid,033-2286387,,,Western Province,Gampaha,Mirigama,Mirigama,,Education for the disable children,,,,Children Homes & Care Services,"<tr><td>Sirisanghabo Special Children’s Foundation (FL112604<div class=""e-mail""></div></td><td>Western Province</td><td>Gampaha</td><td><a href=""tel:033-2286387"" class=""phone-link"">033-2286387</a><div class=""phone-secondary""></div></td><td>Paid</td></tr>",,,,
1299,Sisilasa Community Support Centre - NIHS Kalutara,Counseling / Community Mental Health,Government Community Support Centre,Free,034-2222264,,cscnihs@gmail.com,Western Province,Kalutara,Kalutara,Kalutara,"National Institute of Health Sciences, Kalutara",Community mental health support; referral; psychosocial support,Call to confirm,,,Listed by Directorate of Mental Health.,"<tr><td>Sisilasa Community Support Centre - NIHS Kalutara<div class=""e-mail"">cscnihs@gmail.com</div></td><td>Western Province</td><td>Kalutara</td><td><a href=""tel:034-2222264"" class=""phone-link"">034-2222264</a><div class=""phone-secondary""></div></td><td>Free</td></tr>",,,,
1300,Sithniwana Mental Health Rehabilitation and Counselling Centre,Rehabilitation + Elder Care,Government,Free,038-5684985,038-5686022,,Western Province,Kalutara,Horana,Horana,,Rehabilitation Residential care,,,,Elders' Homes & Care Services,"<tr><td>Sithniwana Mental Health Rehabilitation and Counselling Centre<div class=""e-mail""></div></td><td>Western Province</td><td>Kalutara</td><td><a href=""tel:038-5684985"" class=""phone-link"">038-5684985</a><div class=""phone-secondary"">038-5686022</div></td><td>Free</td></tr>",,,,
1301,Sivanarul Child Development Centre (Boys),Child Protection / Counseling,Private,Paid,023-2222483,,,Northern Province,Mannar,Mannar,Mannar,,Residential care,,,,Children Homes & Care Services,"<tr><td>Sivanarul Child Development Centre (Boys)<div class=""e-mail""></div></td><td>Northern Province</td><td>Mannar</td><td><a href=""tel:023-2222483"" class=""phone-link"">023-2222483</a><div class=""phone-secondary""></div></td><td>Paid</td></tr>",,,,
1302,Sivanarul Child Development Centre (Girls),Child Protection / Counseling,Private,Paid,023-2051804,,,Northern Province,Mannar,Mannar,Mannar,,Residential care,,,,Children Homes & Care Services,"<tr><td>Sivanarul Child Development Centre (Girls)<div class=""e-mail""></div></td><td>Northern Province</td><td>Mannar</td><td><a href=""tel:023-2051804"" class=""phone-link"">023-2051804</a><div class=""phone-secondary""></div></td><td>Paid</td></tr>",,,,
1303,Sivantha Thapovanam Boys’ Home,Child Protection / Counseling,Government,Free,026-2221469,,,Eastern Province,Trincomalee,Trincomalee Town & Gravets,Trincomalee Town & Gravets,,Residential care,,,,Children Homes & Care Services,"<tr><td>Sivantha Thapovanam Boys’ Home<div class=""e-mail""></div></td><td>Eastern Province</td><td>Trincomalee</td><td><a href=""tel:026-2221469"" class=""phone-link"">026-2221469</a><div class=""phone-secondary""></div></td><td>Free</td></tr>",,,,
1304,Sneha Child Development Centre,Mental Health,Government,Free,,,,Western Province,Colombo,Thimbirigasyaya,Thimbirigasyaya,Vishaka Road Colombo 04,Residential care,,,,Non-Governmental Organizations,"<tr><td>Sneha Child Development Centre<div class=""e-mail""></div></td><td>Western Province</td><td>Colombo</td><td><a href=""tel:"" class=""phone-link""></a><div class=""phone-secondary""></div></td><td>Free</td></tr>",,,,
1305,Social Services Department,Counseling,Government,Free,037-2223484,,,North Western Province,Kurunegala,Kurunegala,Kurunegala,,Psychosocial support,,,,Other Government Institutions,"<tr><td>Social Services Department<div class=""e-mail""></div></td><td>North Western Province</td><td>Kurunegala</td><td><a href=""tel:037-2223484"" class=""phone-link"">037-2223484</a><div class=""phone-secondary""></div></td><td>Free</td></tr>",,,,
1306,Social Services Department,Rehabilitation + Child Mental Health,Government,Free,055-2228363,,,Uva Province,Badulla,Badulla,Badulla,,Rehabilitation for special need children Residential care for persons with substance abuse,,,,Other Government Institutions,"<tr><td>Social Services Department<div class=""e-mail""></div></td><td>Uva Province</td><td>Badulla</td><td><a href=""tel:055-2228363"" class=""phone-link"">055-2228363</a><div class=""phone-secondary""></div></td><td>Free</td></tr>",,,,
1307,Social Welfare Mandram,Child Protection / Counseling,Government,Free,,,,Central Province,Nuwara Eliya,Ambagamuwa,Ambagamuwa,1 Niwasa Main Street Kotagala,Safe Migration Women & Child development Social support,,,,Non-Governmental Organizations,"<tr><td>Social Welfare Mandram<div class=""e-mail""></div></td><td>Central Province</td><td>Nuwara Eliya</td><td><a href=""tel:"" class=""phone-link""></a><div class=""phone-secondary""></div></td><td>Free</td></tr>",,,,
1308,Social Welfare Organization - Ampara District (SWOAD) (L.64701 2003,Counseling,Government,Free,067-2277276,,,Eastern Province,Ampara,Ampara,Akkaraipattu,,Psychosocial support to migrant workers Women empowerment Nutrition and Education Health and Sanitation,,,,Non-Governmental Organizations,"<tr><td>Social Welfare Organization - Ampara District (SWOAD) (L.64701 2003<div class=""e-mail""></div></td><td>Eastern Province</td><td>Ampara</td><td><a href=""tel:067-2277276"" class=""phone-link"">067-2277276</a><div class=""phone-secondary""></div></td><td>Free</td></tr>",,,,
1309,Soliyus Mendis Sivaraja Children Home,Child Protection / Counseling,NGO,Free,032-2254747,,,North Western Province,Puttalam,Mahawewa,Mahawewa,,Residential care Free of charge,,,,Children Homes & Care Services,"<tr><td>Soliyus Mendis Sivaraja Children Home<div class=""e-mail""></div></td><td>North Western Province</td><td>Puttalam</td><td><a href=""tel:032-2254747"" class=""phone-link"">032-2254747</a><div class=""phone-secondary""></div></td><td>Free</td></tr>",,,,
1310,Soliyus Mendis Siviraja Deaf and Blind School,Child Protection / Counseling,NGO,Free,032-2254747,,,North Western Province,Puttalam,Mahawewa,Mahawewa,,Residential care Free of charge,,,,Children Homes & Care Services,"<tr><td>Soliyus Mendis Siviraja Deaf and Blind School<div class=""e-mail""></div></td><td>North Western Province</td><td>Puttalam</td><td><a href=""tel:032-2254747"" class=""phone-link"">032-2254747</a><div class=""phone-secondary""></div></td><td>Free</td></tr>",,,,
1311,Somawathi Saparamadu Children Home,Child Protection / Counseling,Government,Free,,,,Southern Province,Galle,Habaraduwa,Habaraduwa,Harumalgoda Habaraduwa,Residential care,,,,Children Homes & Care Services,"<tr><td>Somawathi Saparamadu Children Home<div class=""e-mail""></div></td><td>Southern Province</td><td>Galle</td><td><a href=""tel:"" class=""phone-link""></a><div class=""phone-secondary""></div></td><td>Free</td></tr>",,,,
1312,SOS Children Village,Mental Health,Government,Free,,,,Western Province,Colombo,Kesbewa,Kesbewa,Children Village Piliyandala,Residential care,,,,Non-Governmental Organizations,"<tr><td>SOS Children Village<div class=""e-mail""></div></td><td>Western Province</td><td>Colombo</td><td><a href=""tel:"" class=""phone-link""></a><div class=""phone-secondary""></div></td><td>Free</td></tr>",,,,
1313,SOS Children Village Voluntary Children’s Home,Child Protection / Counseling,Government,Free,055-2276938,,,Uva Province,Monaragala,Monaragala,Monaragala,,Residential care,,,,Children Homes & Care Services,"<tr><td>SOS Children Village Voluntary Children’s Home<div class=""e-mail""></div></td><td>Uva Province</td><td>Monaragala</td><td><a href=""tel:055-2276938"" class=""phone-link"">055-2276938</a><div class=""phone-secondary""></div></td><td>Free</td></tr>",,,,
1314,SOS Children’s Village,Child Protection / Counseling,NGO,Free,052-2222535,,,Central Province,Nuwara Eliya,Nuwara Eliya,Nuwara Eliya,,Residential care Child development,,,,Children Homes & Care Services,"<tr><td>SOS Children’s Village<div class=""e-mail""></div></td><td>Central Province</td><td>Nuwara Eliya</td><td><a href=""tel:052-2222535"" class=""phone-link"">052-2222535</a><div class=""phone-secondary""></div></td><td>Free</td></tr>",,,,
1315,SOS Children’s Village,Child Protection / Counseling,Private,Paid,025-2235347,,,North Central Province,Anuradhapura,Nuwaragam Palatha East Anuradhapura,Nuwaragam Palatha East Anuradhapura,,Residential care,,,,Children Homes & Care Services,"<tr><td>SOS Children’s Village<div class=""e-mail""></div></td><td>North Central Province</td><td>Anuradhapura</td><td><a href=""tel:025-2235347"" class=""phone-link"">025-2235347</a><div class=""phone-secondary""></div></td><td>Paid</td></tr>",,,,
1316,Sparks Girls’ Home,Child Protection / Counseling,Government,Free,067-2221875,,,Eastern Province,Batticaloa,Periyakallaru,Periyakallaru,,Residential care,,,,Children Homes & Care Services,"<tr><td>Sparks Girls’ Home<div class=""e-mail""></div></td><td>Eastern Province</td><td>Batticaloa</td><td><a href=""tel:067-2221875"" class=""phone-link"">067-2221875</a><div class=""phone-secondary""></div></td><td>Free</td></tr>",,,,
1317,"Special Education Units in Schools - Ministry of Education, Dept. of Special Needs",Child Protection / Counseling,Government,Free,011-2784847,,,Western Province,Colombo,Kaduwela,Kaduwela,,Education for children with special needs,,,,Non-Governmental Organizations,"<tr><td>Special Education Units in Schools - Ministry of Education, Dept. of Special Needs<div class=""e-mail""></div></td><td>Western Province</td><td>Colombo</td><td><a href=""tel:011-2784847"" class=""phone-link"">011-2784847</a><div class=""phone-secondary""></div></td><td>Free</td></tr>",,,,
1318,Special Olympics Serandib (L 168404,Child Protection / Counseling,Private,Paid,011-2913571,,,Western Province,Gampaha,Kelaniya,Kelaniya,,Support for disabled children,,,,Children Homes & Care Services,"<tr><td>Special Olympics Serandib (L 168404<div class=""e-mail""></div></td><td>Western Province</td><td>Gampaha</td><td><a href=""tel:011-2913571"" class=""phone-link"">011-2913571</a><div class=""phone-secondary""></div></td><td>Paid</td></tr>",,,,
1319,Special State Home Mentally Retarded Children (Mithsewana) (>8 years,Mental Health,Government,Free,011-2729443,,,Western Province,Colombo,Dehiwala,Dehiwala,,Residential care,,,,Non-Governmental Organizations,"<tr><td>Special State Home Mentally Retarded Children (Mithsewana) (>8 years<div class=""e-mail""></div></td><td>Western Province</td><td>Colombo</td><td><a href=""tel:011-2729443"" class=""phone-link"">011-2729443</a><div class=""phone-secondary""></div></td><td>Free</td></tr>",,,,
1320,Sputnik Children Home (Girls,Child Protection / Counseling,Government,Free,037-5623155,,,North Western Province,Kurunegala,Weerambugedara,Weerambugedara,,Residential care,,,,Children Homes & Care Services,"<tr><td>Sputnik Children Home (Girls<div class=""e-mail""></div></td><td>North Western Province</td><td>Kurunegala</td><td><a href=""tel:037-5623155"" class=""phone-link"">037-5623155</a><div class=""phone-secondary""></div></td><td>Free</td></tr>",,,,
1321,Sri Ahilandeswary Child Development Centre (Boys,Child Protection / Counseling,Private,Paid,024-2221675,,,Northern Province,Vavuniya,Vavuniya,Vavuniya,,Residential care,,,,Children Homes & Care Services,"<tr><td>Sri Ahilandeswary Child Development Centre (Boys<div class=""e-mail""></div></td><td>Northern Province</td><td>Vavuniya</td><td><a href=""tel:024-2221675"" class=""phone-link"">024-2221675</a><div class=""phone-secondary""></div></td><td>Paid</td></tr>",,,,
1322,Sri Ahilandeswary Child Development Centre (Girls,Child Protection / Counseling,Private,Paid,024-2221675,,,Northern Province,Vavuniya,Vavuniya,Vavuniya,,Residential care,,,,Children Homes & Care Services,"<tr><td>Sri Ahilandeswary Child Development Centre (Girls<div class=""e-mail""></div></td><td>Northern Province</td><td>Vavuniya</td><td><a href=""tel:024-2221675"" class=""phone-link"">024-2221675</a><div class=""phone-secondary""></div></td><td>Paid</td></tr>",,,,
1323,Sri Dhammadassi Child Development Centre,Child Protection / Counseling,Private,Paid,033-5682532,,,Western Province,Gampaha,Mirigama,Mirigama,,Residential care,,,,Children Homes & Care Services,"<tr><td>Sri Dhammadassi Child Development Centre<div class=""e-mail""></div></td><td>Western Province</td><td>Gampaha</td><td><a href=""tel:033-5682532"" class=""phone-link"">033-5682532</a><div class=""phone-secondary""></div></td><td>Paid</td></tr>",,,,
1324,"Sri Jayawardenepura, Hospital",Mental Health,Private Hospital,Paid,011-2778610,011-2778611; 011-4665500,,Western Province,Colombo,"Sri Jayawardenepura, Kotte","Sri Jayawardenepura, Kotte","114 Norris Canal Road, Colombo 10",Mental Health clinic,24-hour hospital; psychiatry by appointment,Visiting Consultant Psychiatrists,,Government Hospitals,"<tr><td>Sri Jayawardenepura, Hospital<div class=""e-mail""></div></td><td>Western Province</td><td>Colombo</td><td><a href=""tel:011-2778610"" class=""phone-link"">011-2778610</a><div class=""phone-secondary"">011-2778611; 011-4665500</div></td><td>Paid</td></tr>",,,,
1325,Sri Jinarathana Child Development Centre,Rehabilitation + Child Mental Health,Private,Paid,,,,Central Province,Matale,Dambulla,Dambulla,Dambulla Town Dambulla,Residential care Rehabilitation,,,,Children Homes & Care Services,"<tr><td>Sri Jinarathana Child Development Centre<div class=""e-mail""></div></td><td>Central Province</td><td>Matale</td><td><a href=""tel:"" class=""phone-link""></a><div class=""phone-secondary""></div></td><td>Paid</td></tr>",,,,
1326,Sri Lanka Anti Narcotic Association (SLANA,Mental Health,Government,Free,011-2868494,,,Western Province,Colombo,"Sri Jayawardenepura, Kotte","Sri Jayawardenepura, Kotte",,Treatment services for drug addicts,,,,Non-Governmental Organizations,"<tr><td>Sri Lanka Anti Narcotic Association (SLANA<div class=""e-mail""></div></td><td>Western Province</td><td>Colombo</td><td><a href=""tel:011-2868494"" class=""phone-link"">011-2868494</a><div class=""phone-secondary""></div></td><td>Free</td></tr>",,,,
1327,Sri Lanka Foundation for the Rehabilitation of the Disabled (Rehab Lanka) (>18 years,Rehabilitation,Government,Free,011-2689287,,,Western Province,Colombo,Colombo,Colombo,,Rehabilitation of the disabled,,,,Non-Governmental Organizations,"<tr><td>Sri Lanka Foundation for the Rehabilitation of the Disabled (Rehab Lanka) (>18 years<div class=""e-mail""></div></td><td>Western Province</td><td>Colombo</td><td><a href=""tel:011-2689287"" class=""phone-link"">011-2689287</a><div class=""phone-secondary""></div></td><td>Free</td></tr>",,,,
1328,Sri Lanka Police Emergency,Police / Emergency,Government Emergency Service,Free,119,118,,National,Island wide,Island wide,Island-wide access,,Immediate police assistance and emergencies,24-Jul,,https://www.hithawathi.lk/how-to-get-help/useful-contact-information/,,"<tr><td>Sri Lanka Police Emergency<div class=""e-mail""></div></td><td>National</td><td>Island wide</td><td><a href=""tel:119"" class=""phone-link"">119</a><div class=""phone-secondary"">118</div></td><td>Free<div> <a href=""https://www.hithawathi.lk/how-to-get-help/useful-contact-information/"" class=""web-site""target=""_blank"" style=""text-decoration: none;"">Web Site  🔗</a></div></td></tr>",,,,
1329,Sri Lanka Red Cross,Counseling,Government,Free,055-2224496,011-2694487,info@redcross.lk,Uva Province,Badulla,Badulla,Badulla,43/02 Kumarasinghe Road Badulla,Counselling,As needed / project-based,Trained volunteers,,Other Government Institutions,"<tr><td>Sri Lanka Red Cross<div class=""e-mail"">info@redcross.lk</div></td><td>Uva Province</td><td>Badulla</td><td><a href=""tel:055-2224496"" class=""phone-link"">055-2224496</a><div class=""phone-secondary"">011-2694487</div></td><td>Free</td></tr>",,,,
1330,Sri Lanka Red Cross Society,Mental Health,Government,Free,035-2232947,,,Sabaragamuwa Province,Kegalle,Kegalle,Kegalle,,First -Aid training Social service,,,,Non-Governmental Organizations,"<tr><td>Sri Lanka Red Cross Society<div class=""e-mail""></div></td><td>Sabaragamuwa Province</td><td>Kegalle</td><td><a href=""tel:035-2232947"" class=""phone-link"">035-2232947</a><div class=""phone-secondary""></div></td><td>Free</td></tr>",,,,
1331,Sri Lanka Sumithrayo,Counseling + Rehabilitation,Nonprofit Branch,Free,081-2234806,081-2208890; 070-6464416,kandy@srilankasumithrayo.lk,Central Province,Kandy,Gangawatakoralaya,Gangawatakoralaya,"693/4, Peradeniya Road, Mulgampola, Kandy",Counselling Helplines Rehabilitation,Daily 9am-5pm,,https://srilankasumithrayo.lk,Non-Governmental Organizations,"<tr><td>Sri Lanka Sumithrayo<div class=""e-mail"">kandy@srilankasumithrayo.lk</div></td><td>Central Province</td><td>Kandy</td><td><a href=""tel:081-2234806"" class=""phone-link"">081-2234806</a><div class=""phone-secondary"">081-2208890; 070-6464416</div></td><td>Free<div> <a href=""https://srilankasumithrayo.lk"" class=""web-site""target=""_blank"" style=""text-decoration: none;"">Web Site  🔗</a></div></td></tr>",,,,
1332,Sri Lanka Sumithrayo,Mental Health,Nonprofit Branch,Free,047-2238080,081-2208890; 0706; 081-2234806,info@srilankasumithrayo.lk,Southern Province,Hambantota,Lunugamvehara,Lunugamvehara,,Emotional support,Daily 9am-5pm,,https://srilankasumithrayo.lk,Other Government Institutions,"<tr><td>Sri Lanka Sumithrayo<div class=""e-mail"">info@srilankasumithrayo.lk</div></td><td>Southern Province</td><td>Hambantota</td><td><a href=""tel:047-2238080"" class=""phone-link"">047-2238080</a><div class=""phone-secondary"">081-2208890; 0706; 081-2234806</div></td><td>Free<div> <a href=""https://srilankasumithrayo.lk"" class=""web-site""target=""_blank"" style=""text-decoration: none;"">Web Site  🔗</a></div></td></tr>",,,,
1333,Sri Lanka Sumithrayo,Counseling,Nonprofit Branch,Free,038-2235291,081-2208890; 0706; 081-2234806,info@srilankasumithrayo.lk,Western Province,Kalutara,Panadura,Panadura,,Counselling Help Line Awareness programmes on suicide prevention,Daily 9am-5pm,,https://srilankasumithrayo.lk,Non-Governmental Organizations,"<tr><td>Sri Lanka Sumithrayo<div class=""e-mail"">info@srilankasumithrayo.lk</div></td><td>Western Province</td><td>Kalutara</td><td><a href=""tel:038-2235291"" class=""phone-link"">038-2235291</a><div class=""phone-secondary"">081-2208890; 0706; 081-2234806</div></td><td>Free<div> <a href=""https://srilankasumithrayo.lk"" class=""web-site""target=""_blank"" style=""text-decoration: none;"">Web Site  🔗</a></div></td></tr>",,,,
1334,Sri Lanka Sumithrayo - Bandarawela Branch,Counseling / Emotional Support,NGO,Free,057-2222662,,,Uva Province,Badulla,Bandarawela,Bandarawela,"Samaja Building / Singha Samaja Building, Senanayake Mawatha, Bandarawela (or Bindunuweva listings)","Emotional support, befriending, suicide prevention counseling (face-to-face, telephone). Confidential.",Typically Wed/Sat/Sun 9am-1pm or daily 9am-1pm (confirm current schedule). National network 9am onwards.,Trained volunteer befrienders,,"Completely free & confidential. Excellent grassroots partner for PFA events. Languages: Sinhala, English, Tamil.","<tr><td>Sri Lanka Sumithrayo - Bandarawela Branch<div class=""e-mail""></div></td><td>Uva Province</td><td>Badulla</td><td><a href=""tel:057-2222662"" class=""phone-link"">057-2222662</a><div class=""phone-secondary""></div></td><td>Free</td></tr>",,,,
1335,Sri Lanka Sumithrayo - National / Head Office,Counseling,NGO,Free,011-2682535,070-7308308; 076-7520620,info@srilankasumithrayo.lk,Western Province,Colombo,Colombo,,"60/7, Horton Place, Colombo 07","Emotional support; suicide prevention befriending; telephone, face-to-face, messaging",Mon-Fri 9am-5pm (branches vary); helplines extended,,https://srilankasumithrayo.lk,Befrienders Worldwide member,"<tr><td>Sri Lanka Sumithrayo - National / Head Office<div class=""e-mail"">info@srilankasumithrayo.lk</div></td><td>Western Province</td><td>Colombo</td><td><a href=""tel:011-2682535"" class=""phone-link"">011-2682535</a><div class=""phone-secondary"">070-7308308; 076-7520620</div></td><td>Free<div> <a href=""https://srilankasumithrayo.lk"" class=""web-site""target=""_blank"" style=""text-decoration: none;"">Web Site  🔗</a></div></td></tr>",,,,
1336,Sri Lanka Sumithrayo - National / Head Office,Counseling / Emotional Support,NGO National,Free,011-2682535,011-2696666; 011-2692909,,Uva Province,Badulla,Colombo (covers Bandarawela branch),National,"60/7 or 60B Horton Place, Colombo 07","Emotional support, suicide prevention, befriending (phone, face-to-face, email)",Daily (hours vary by centre; typically from 9am),Trained volunteer befrienders,,Main national emotional support network. Bandarawela is the local branch.,"<tr><td>Sri Lanka Sumithrayo - National / Head Office<div class=""e-mail""></div></td><td>Uva Province</td><td>Badulla</td><td><a href=""tel:011-2682535"" class=""phone-link"">011-2682535</a><div class=""phone-secondary"">011-2696666; 011-2692909</div></td><td>Free</td></tr>",,,,
1337,Sri Lanka Sumithrayo Rural - Lunugamvehera,Counseling / Emotional Support,Nonprofit Branch,Free,047-2238080,,,National,Island wide,Lunugamvehera,Island-wide access,,Confidential emotional support / suicide prevention,Weekdays 9:30am-4pm,,,https://srilankasumithrayo.lk/contact-us/,"<tr><td>Sri Lanka Sumithrayo Rural - Lunugamvehera<div class=""e-mail""></div></td><td>National</td><td>Island wide</td><td><a href=""tel:047-2238080"" class=""phone-link"">047-2238080</a><div class=""phone-secondary""></div></td><td>Free</td></tr>",,,,
1338,Sri Lankadhara Balika Child Development Centre,Mental Health,Government,Free,,,,Western Province,Colombo,Thimbirigasyaya,Thimbirigasyaya,95 W.A. Silva Mawatha Colombo 6,Residential care,,,,Non-Governmental Organizations,"<tr><td>Sri Lankadhara Balika Child Development Centre<div class=""e-mail""></div></td><td>Western Province</td><td>Colombo</td><td><a href=""tel:"" class=""phone-link""></a><div class=""phone-secondary""></div></td><td>Free</td></tr>",,,,
1339,Sri Lankadhara Sigithi Child Development Centre,Mental Health,Government,Free,,,,Western Province,Colombo,Thimbirigasyaya,Thimbirigasyaya,95 W.A. Silva Mawatha Colombo 6,Residential care,,,,Non-Governmental Organizations,"<tr><td>Sri Lankadhara Sigithi Child Development Centre<div class=""e-mail""></div></td><td>Western Province</td><td>Colombo</td><td><a href=""tel:"" class=""phone-link""></a><div class=""phone-secondary""></div></td><td>Free</td></tr>",,,,
1340,Sri Nissarana Gilan Silmatha Monestary,Elder Care,Government,Free,025-2266800,,,North Central Province,Anuradhapura,Mihintale,Mihintale,,Residential care,,,,Elders' Homes & Care Services,"<tr><td>Sri Nissarana Gilan Silmatha Monestary<div class=""e-mail""></div></td><td>North Central Province</td><td>Anuradhapura</td><td><a href=""tel:025-2266800"" class=""phone-link"">025-2266800</a><div class=""phone-secondary""></div></td><td>Free</td></tr>",,,,
1341,Sri Paramananda Elders’ Home,Elder Care,Government,Free,021-2263136,,,Northern Province,Jaffna,Karaveddi,Karaveddi,,Residential care,,,,Elders' Homes & Care Services,"<tr><td>Sri Paramananda Elders’ Home<div class=""e-mail""></div></td><td>Northern Province</td><td>Jaffna</td><td><a href=""tel:021-2263136"" class=""phone-link"">021-2263136</a><div class=""phone-secondary""></div></td><td>Free</td></tr>",,,,
1342,Sri Pushparama Purana Maha Viharaya,Counseling,Government,Free,032-2255131,,,North Western Province,Puttalam,Nattandiya,Nattandiya,,Counselling Education Development,,,,Non-Governmental Organizations,"<tr><td>Sri Pushparama Purana Maha Viharaya<div class=""e-mail""></div></td><td>North Western Province</td><td>Puttalam</td><td><a href=""tel:032-2255131"" class=""phone-link"">032-2255131</a><div class=""phone-secondary""></div></td><td>Free</td></tr>",,,,
1343,Sri Sangamittha Child Development Centre,Mental Health,Government,Free,,,,Western Province,Colombo,Dehiwala,Dehiwala,38 Dutugemunu Street Pamankada Dehiwala,Residential care,,,,Non-Governmental Organizations,"<tr><td>Sri Sangamittha Child Development Centre<div class=""e-mail""></div></td><td>Western Province</td><td>Colombo</td><td><a href=""tel:"" class=""phone-link""></a><div class=""phone-secondary""></div></td><td>Free</td></tr>",,,,
1344,Sri Shanmuga Boys’ Children Home (Trust,Child Protection / Counseling,Government,Free,026-5670234,,,Eastern Province,Trincomalee,Trincomalee Town & Gravets,Trincomalee Town & Gravets,,Residential care,,,,Children Homes & Care Services,"<tr><td>Sri Shanmuga Boys’ Children Home (Trust<div class=""e-mail""></div></td><td>Eastern Province</td><td>Trincomalee</td><td><a href=""tel:026-5670234"" class=""phone-link"">026-5670234</a><div class=""phone-secondary""></div></td><td>Free</td></tr>",,,,
1345,Sri Shanmuga Girls’ Children Home,Child Protection / Counseling,Government,Free,026-2222521,,,Eastern Province,Trincomalee,Trincomalee Town & Gravets,Trincomalee Town & Gravets,,Residential care,,,,Children Homes & Care Services,"<tr><td>Sri Shanmuga Girls’ Children Home<div class=""e-mail""></div></td><td>Eastern Province</td><td>Trincomalee</td><td><a href=""tel:026-2222521"" class=""phone-link"">026-2222521</a><div class=""phone-secondary""></div></td><td>Free</td></tr>",,,,
1346,Sri Sudarshi Deaf and Blind School,Child Protection / Counseling,Government,Free,057-2228565,,,Uva Province,Badulla,Ella,Ella,,Residential care,,,,Children Homes & Care Services,"<tr><td>Sri Sudarshi Deaf and Blind School<div class=""e-mail""></div></td><td>Uva Province</td><td>Badulla</td><td><a href=""tel:057-2228565"" class=""phone-link"">057-2228565</a><div class=""phone-secondary""></div></td><td>Free</td></tr>",,,,
1347,Sri Sugatha Educational and Cultural Institute (Tharunodayaramaya,Child Protection / Counseling,Government,Free,091-2254975,091-5051229,,Southern Province,Galle,Balapitiya,Balapitiya,,Residential care,,,,Children Homes & Care Services,"<tr><td>Sri Sugatha Educational and Cultural Institute (Tharunodayaramaya<div class=""e-mail""></div></td><td>Southern Province</td><td>Galle</td><td><a href=""tel:091-2254975"" class=""phone-link"">091-2254975</a><div class=""phone-secondary"">091-5051229</div></td><td>Free</td></tr>",,,,
1348,Sri Wimalawansha Child Development Centre,Child Protection / Counseling,Private,Paid,011-2971005,,,Western Province,Gampaha,Mahara,Mahara,,Residential care,,,,Children Homes & Care Services,"<tr><td>Sri Wimalawansha Child Development Centre<div class=""e-mail""></div></td><td>Western Province</td><td>Gampaha</td><td><a href=""tel:011-2971005"" class=""phone-link"">011-2971005</a><div class=""phone-secondary""></div></td><td>Paid</td></tr>",,,,
1349,Sripathi Children Home (Boys,Child Protection / Counseling,Government,Free,037-2281167,037-2059598,,North Western Province,Kurunegala,037 228 1167,037 228 1167,,Residential care,,,,Children Homes & Care Services,"<tr><td>Sripathi Children Home (Boys<div class=""e-mail""></div></td><td>North Western Province</td><td>Kurunegala</td><td><a href=""tel:037-2281167"" class=""phone-link"">037-2281167</a><div class=""phone-secondary"">037-2059598</div></td><td>Free</td></tr>",,,,
1350,Sripathi Children Home (Girls,Child Protection / Counseling,Government,Free,037-2059599,037-5626867,,North Western Province,Kurunegala,Kuliyapitiya,Kuliyapitiya,,Residential care,,,,Children Homes & Care Services,"<tr><td>Sripathi Children Home (Girls<div class=""e-mail""></div></td><td>North Western Province</td><td>Kurunegala</td><td><a href=""tel:037-2059599"" class=""phone-link"">037-2059599</a><div class=""phone-secondary"">037-5626867</div></td><td>Free</td></tr>",,,,
1351,St. Agnes Child Development Centre,Rehabilitation + Child Mental Health,Government,Free,,,,Central Province,Matale,Matale,Matale,St. Agnes Convent Raja Veediya Matale,Residential care Rehabilitation,,,,Children Homes & Care Services,"<tr><td>St. Agnes Child Development Centre<div class=""e-mail""></div></td><td>Central Province</td><td>Matale</td><td><a href=""tel:"" class=""phone-link""></a><div class=""phone-secondary""></div></td><td>Free</td></tr>",,,,
1352,St. Anthony Children’s Home,Child Protection / Counseling,Government,Free,035-2266903,,,Sabaragamuwa Province,Kegalle,Rambukkana,Rambukkana,,Residential care,,,,Children Homes & Care Services,"<tr><td>St. Anthony Children’s Home<div class=""e-mail""></div></td><td>Sabaragamuwa Province</td><td>Kegalle</td><td><a href=""tel:035-2266903"" class=""phone-link"">035-2266903</a><div class=""phone-secondary""></div></td><td>Free</td></tr>",,,,
1353,St. Francis Child Development Centre,Child Protection / Counseling,Private,Paid,011-2298283,,,Western Province,Gampaha,Minuwangoda,Minuwangoda,,Residential care,,,,Children Homes & Care Services,"<tr><td>St. Francis Child Development Centre<div class=""e-mail""></div></td><td>Western Province</td><td>Gampaha</td><td><a href=""tel:011-2298283"" class=""phone-link"">011-2298283</a><div class=""phone-secondary""></div></td><td>Paid</td></tr>",,,,
1354,St. Francis Child Development Centre,Rehabilitation + Child Mental Health,Private,Paid,066-2234092,,,Central Province,Matale,Matale,Matale,,Residential care Rehabilitation,,,,Children Homes & Care Services,"<tr><td>St. Francis Child Development Centre<div class=""e-mail""></div></td><td>Central Province</td><td>Matale</td><td><a href=""tel:066-2234092"" class=""phone-link"">066-2234092</a><div class=""phone-secondary""></div></td><td>Paid</td></tr>",,,,
1355,St. Jhon Child Development Centre,Mental Health,Government,Free,,,,Western Province,Colombo,Moratuwa,Moratuwa,133 Galle Road Moratuwa,Residential care,,,,Non-Governmental Organizations,"<tr><td>St. Jhon Child Development Centre<div class=""e-mail""></div></td><td>Western Province</td><td>Colombo</td><td><a href=""tel:"" class=""phone-link""></a><div class=""phone-secondary""></div></td><td>Free</td></tr>",,,,
1356,St. Jhons Boys’ Child Development Centre,Child Protection / Counseling,Government,Free,065-2222524,,,Eastern Province,Batticaloa,Batticaloa,Batticaloa,,Residential care,,,,Children Homes & Care Services,"<tr><td>St. Jhons Boys’ Child Development Centre<div class=""e-mail""></div></td><td>Eastern Province</td><td>Batticaloa</td><td><a href=""tel:065-2222524"" class=""phone-link"">065-2222524</a><div class=""phone-secondary""></div></td><td>Free</td></tr>",,,,
1357,St. John Children’s Home,Child Protection / Counseling,Government,Free,035-2223045,,,Sabaragamuwa Province,Kegalle,Kegalle,Kegalle,,Residential care,,,,Children Homes & Care Services,"<tr><td>St. John Children’s Home<div class=""e-mail""></div></td><td>Sabaragamuwa Province</td><td>Kegalle</td><td><a href=""tel:035-2223045"" class=""phone-link"">035-2223045</a><div class=""phone-secondary""></div></td><td>Free</td></tr>",,,,
1358,St. Joseph Boys Child Development Centre,Counseling + Rehabilitation + Child Mental Health,NGO,Free,081-2216039,,,Central Province,Kandy,KMC,KMC,,Residential care Counselling Rehabilitation,,,,Children Homes & Care Services,"<tr><td>St. Joseph Boys Child Development Centre<div class=""e-mail""></div></td><td>Central Province</td><td>Kandy</td><td><a href=""tel:081-2216039"" class=""phone-link"">081-2216039</a><div class=""phone-secondary""></div></td><td>Free</td></tr>",,,,
1359,St. Joseph Child Development Centre,Counseling + Rehabilitation + Child Mental Health,NGO,Free,081-2205654,,,Central Province,Kandy,Gampola,Gampola,"Deltota, Kandy District",Residential care Counselling Rehabilitation,Call ahead to confirm current clinic/consultant hours,,,Children Homes & Care Services,"<tr><td>St. Joseph Child Development Centre<div class=""e-mail""></div></td><td>Central Province</td><td>Kandy</td><td><a href=""tel:081-2205654"" class=""phone-link"">081-2205654</a><div class=""phone-secondary""></div></td><td>Free</td></tr>",,,,
1360,St. Joseph Child Development Centre,Child Protection / Counseling,Private,Paid,011-2949629,,,Western Province,Gampaha,Wattala,Wattala,,Residential care,,,,Children Homes & Care Services,"<tr><td>St. Joseph Child Development Centre<div class=""e-mail""></div></td><td>Western Province</td><td>Gampaha</td><td><a href=""tel:011-2949629"" class=""phone-link"">011-2949629</a><div class=""phone-secondary""></div></td><td>Paid</td></tr>",,,,
1361,St. Joseph Deaf School (3-20years boys / girls,Child Protection / Counseling,Private,Paid,011-2958330,,,Western Province,Gampaha,Ja-Ela,Ja-Ela,,Residential care,,,,Children Homes & Care Services,"<tr><td>St. Joseph Deaf School (3-20years boys / girls<div class=""e-mail""></div></td><td>Western Province</td><td>Gampaha</td><td><a href=""tel:011-2958330"" class=""phone-link"">011-2958330</a><div class=""phone-secondary""></div></td><td>Paid</td></tr>",,,,
1362,St. Joseph Girls Child Development Centre,Counseling + Rehabilitation + Child Mental Health,NGO,Free,081-2205654,,,Central Province,Kandy,KMC,KMC,,Residential care Counselling Rehabilitation,,,,Children Homes & Care Services,"<tr><td>St. Joseph Girls Child Development Centre<div class=""e-mail""></div></td><td>Central Province</td><td>Kandy</td><td><a href=""tel:081-2205654"" class=""phone-link"">081-2205654</a><div class=""phone-secondary""></div></td><td>Free</td></tr>",,,,
1363,St. Joseph Girls’ Home,Child Protection / Counseling,Government,Free,027-2247254,,,North Central Province,Polonnaruwa,Hingurakgoda,Hingurakgoda,,Residential care,,,,Children Homes & Care Services,"<tr><td>St. Joseph Girls’ Home<div class=""e-mail""></div></td><td>North Central Province</td><td>Polonnaruwa</td><td><a href=""tel:027-2247254"" class=""phone-link"">027-2247254</a><div class=""phone-secondary""></div></td><td>Free</td></tr>",,,,
1364,St. Joseph's Children’s Home,Child Protection / Counseling,Government,Free,035-2232857,,,Sabaragamuwa Province,Kegalle,Kegalle,Kegalle,,Residential care,,,,Children Homes & Care Services,"<tr><td>St. Joseph's Children’s Home<div class=""e-mail""></div></td><td>Sabaragamuwa Province</td><td>Kegalle</td><td><a href=""tel:035-2232857"" class=""phone-link"">035-2232857</a><div class=""phone-secondary""></div></td><td>Free</td></tr>",,,,
1365,St. Leonard Children’s Home,Child Protection / Counseling,NGO,Free,081-2352283,,,Central Province,Kandy,Gampola,Gampola,,Residential care,,,,Children Homes & Care Services,"<tr><td>St. Leonard Children’s Home<div class=""e-mail""></div></td><td>Central Province</td><td>Kandy</td><td><a href=""tel:081-2352283"" class=""phone-link"">081-2352283</a><div class=""phone-secondary""></div></td><td>Free</td></tr>",,,,
1366,St. Lukes Home,Elder Care,Government,Free,011-2805847,,,Western Province,Colombo,Sri Jayawardenepura Kotte,Sri Jayawardenepura Kotte,,Residential care,,,,Elders' Homes & Care Services,"<tr><td>St. Lukes Home<div class=""e-mail""></div></td><td>Western Province</td><td>Colombo</td><td><a href=""tel:011-2805847"" class=""phone-link"">011-2805847</a><div class=""phone-secondary""></div></td><td>Free</td></tr>",,,,
1367,St. Mary Boys’ Child Development Centre,Child Protection / Counseling,Private,Paid,067-2229421,,,Eastern Province,Trincomalee,Kalmunai North,Kalmunai North,,Residential care,,,,Children Homes & Care Services,"<tr><td>St. Mary Boys’ Child Development Centre<div class=""e-mail""></div></td><td>Eastern Province</td><td>Trincomalee</td><td><a href=""tel:067-2229421"" class=""phone-link"">067-2229421</a><div class=""phone-secondary""></div></td><td>Paid</td></tr>",,,,
1368,St. Mery Child Development Centre,Child Protection / Counseling,Private,Paid,031-2276923,,,Western Province,Gampaha,Negombo,Negombo,,Residential care,,,,Children Homes & Care Services,"<tr><td>St. Mery Child Development Centre<div class=""e-mail""></div></td><td>Western Province</td><td>Gampaha</td><td><a href=""tel:031-2276923"" class=""phone-link"">031-2276923</a><div class=""phone-secondary""></div></td><td>Paid</td></tr>",,,,
1369,St. Peter’s Children Home,Child Protection / Counseling,NGO,Free,032-2221099,,,North Western Province,Puttalam,Chilaw,Chilaw,,Residential care Free of charge,,,,Children Homes & Care Services,"<tr><td>St. Peter’s Children Home<div class=""e-mail""></div></td><td>North Western Province</td><td>Puttalam</td><td><a href=""tel:032-2221099"" class=""phone-link"">032-2221099</a><div class=""phone-secondary""></div></td><td>Free</td></tr>",,,,
1370,St. Vincent Child Development Centre,Child Protection / Counseling,Government,Free,,,,Western Province,Kalutara,Kalutara,Kalutara,Diyalagoda Maggona,Residential care,,,,Children Homes & Care Services,"<tr><td>St. Vincent Child Development Centre<div class=""e-mail""></div></td><td>Western Province</td><td>Kalutara</td><td><a href=""tel:"" class=""phone-link""></a><div class=""phone-secondary""></div></td><td>Free</td></tr>",,,,
1371,St. Vincenthi Children’s Home,Child Protection / Counseling,Private,Paid,045-2224938,,,Sabaragamuwa Province,Ratnapura,Ratnapura,Ratnapura,,Residential care,,,,Children Homes & Care Services,"<tr><td>St. Vincenthi Children’s Home<div class=""e-mail""></div></td><td>Sabaragamuwa Province</td><td>Ratnapura</td><td><a href=""tel:045-2224938"" class=""phone-link"">045-2224938</a><div class=""phone-secondary""></div></td><td>Paid</td></tr>",,,,
1372,St. Yupretia Children Home,Child Protection / Counseling,Private,Paid,011-2948155,,,Western Province,Gampaha,Wattala,Wattala,,Residential care,,,,Children Homes & Care Services,"<tr><td>St. Yupretia Children Home<div class=""e-mail""></div></td><td>Western Province</td><td>Gampaha</td><td><a href=""tel:011-2948155"" class=""phone-link"">011-2948155</a><div class=""phone-secondary""></div></td><td>Paid</td></tr>",,,,
1373,State Receiving Home Trincomalee (Trust,Child Protection / Counseling,Government,Free,026-4930303,,stdclinic.trincomalee@gmail.com,Eastern Province,Trincomalee,Trincomalee,Trincomalee Town & Gravets,"Trincomalee, Trincomalee District",Residential care,Call ahead to confirm current clinic/consultant hours,,,Children Homes & Care Services,"<tr><td>State Receiving Home Trincomalee (Trust<div class=""e-mail"">stdclinic.trincomalee@gmail.com</div></td><td>Eastern Province</td><td>Trincomalee</td><td><a href=""tel:026-4930303"" class=""phone-link"">026-4930303</a><div class=""phone-secondary""></div></td><td>Free</td></tr>",,,,
1374,STD Clinic - Balapitiya,STD / HIV,Government STD Clinic,Free,091-3094667,,stdclinic.balapitiya@gmail.com,Southern Province,Galle,Balapitiya,Balapitiya,"STD Clinic, Base Hospital, Balapitiya","Confidential STI/HIV testing, diagnosis, treatment, counseling and referral",Call ahead to confirm current clinic/consultant hours,Venereology / STD clinic team,,Official NSACP listing: https://aidscontrol.gov.lk/index.php?option=com_content&view=article&id=30&Itemid=147&lang=en,"<tr><td>STD Clinic - Balapitiya<div class=""e-mail"">stdclinic.balapitiya@gmail.com</div></td><td>Southern Province</td><td>Galle</td><td><a href=""tel:091-3094667"" class=""phone-link"">091-3094667</a><div class=""phone-secondary""></div></td><td>Free</td></tr>",,,,
1375,STD Clinic - District General Hospital Ampara,STD / HIV,Government STD Clinic,Free,063-2224239,,stdclinic.ampara@gmail.com,Eastern Province,Ampara,Ampara,Ampara,"STD Clinic, District General Hospital, Ampara","Confidential STI/HIV testing, diagnosis, treatment, counseling and referral",Call clinic to confirm current hours,Venereology / STD Clinic Team,,http://aidscontrol.gov.lk/index.php?option=com_content&view=article&id=25&Itemid=147&lang=en,"<tr><td>STD Clinic - District General Hospital Ampara<div class=""e-mail"">stdclinic.ampara@gmail.com</div></td><td>Eastern Province</td><td>Ampara</td><td><a href=""tel:063-2224239"" class=""phone-link"">063-2224239</a><div class=""phone-secondary""></div></td><td>Free</td></tr>",,,,
1376,STD Clinic - District General Hospital Kalutara,STD / HIV,Government STD Clinic,Free,034-2236937,,stdclinic.kalutara@gmail.com,Western Province,Kalutara,Kalutara,Kalutara,"STD Clinic, District General Hospital, Kalutara","STI/HIV testing, diagnosis, treatment, counseling and referral; confidential",Call to confirm current clinic hours,Venereology / medical officer team,,Official NSACP service provider.,"<tr><td>STD Clinic - District General Hospital Kalutara<div class=""e-mail"">stdclinic.kalutara@gmail.com</div></td><td>Western Province</td><td>Kalutara</td><td><a href=""tel:034-2236937"" class=""phone-link"">034-2236937</a><div class=""phone-secondary""></div></td><td>Free</td></tr>",,,,
1377,STD Clinic - District General Hospital Matara,STD / HIV,Government STD Clinic,Free,041-2232302,,stdclinic.matara@gmail.com,Southern Province,Matara,Matara,Matara,"Matara, Matara District","Confidential STI/HIV testing, diagnosis, treatment, counseling and referral",Call ahead to confirm current clinic/consultant hours,,,https://aidscontrol.gov.lk/index.php?option=com_content&view=article&id=41&Itemid=147&lang=en,"<tr><td>STD Clinic - District General Hospital Matara<div class=""e-mail"">stdclinic.matara@gmail.com</div></td><td>Southern Province</td><td>Matara</td><td><a href=""tel:041-2232302"" class=""phone-link"">041-2232302</a><div class=""phone-secondary""></div></td><td>Free</td></tr>",,,,
1378,STD Clinic - Gampaha,STD / HIV,Government STD Clinic,Free,033-2234383,,,Western Province,Gampaha,Gampaha,Gampaha,"STD Clinic, District General Hospital / Base Hospital, Gampaha","Confidential STI/HIV testing, diagnosis, treatment, counseling, PrEP/PEP and referral",Mon-Fri 8:00am-4:00pm; Sat 8:00am-12:00pm; confirm locally,Venereology / STD Clinic Team,,Official NSACP Gampaha district listing: https://aidscontrol.gov.lk/index.php?option=com_content&view=article&id=31:gampaha-district-information-on-hiv-stis&catid=13&Itemid=168&lang=ta,"<tr><td>STD Clinic - Gampaha<div class=""e-mail""></div></td><td>Western Province</td><td>Gampaha</td><td><a href=""tel:033-2234383"" class=""phone-link"">033-2234383</a><div class=""phone-secondary""></div></td><td>Free</td></tr>",,,,
1379,STD Clinic - Hambantota,STD / HIV,Government STD Clinic,Free,047-2222247,,stdclinic.hambantota@gmail.com,Southern Province,Hambantota,Hambantota,Hambantota,"Hambantota, Hambantota District","Confidential STI/HIV testing, diagnosis, treatment, counseling and referral",Call ahead to confirm current clinic/consultant hours,,,https://aidscontrol.gov.lk/index.php?option=com_content&view=article&id=32&Itemid=147&lang=si,"<tr><td>STD Clinic - Hambantota<div class=""e-mail"">stdclinic.hambantota@gmail.com</div></td><td>Southern Province</td><td>Hambantota</td><td><a href=""tel:047-2222247"" class=""phone-link"">047-2222247</a><div class=""phone-secondary""></div></td><td>Free</td></tr>",,,,
1380,STD Clinic - Kandy,STD / HIV,Government STD Clinic,Free,081-2203622,,stdclinic.kandy@gmail.com,Central Province,Kandy,Kandy,Kandy,"STD Clinic, P.O. Box 207, Kandy","Confidential STI/HIV testing, diagnosis, treatment, counseling and referral",Mon-Fri 8:00am-4:00pm; Sat 8:00am-12:00pm; confirm locally,Venereology / STD Clinic Team,,Official NSACP service: https://aidscontrol.gov.lk/index.php?option=com_content&view=article&id=35&Itemid=147&lang=en,"<tr><td>STD Clinic - Kandy<div class=""e-mail"">stdclinic.kandy@gmail.com</div></td><td>Central Province</td><td>Kandy</td><td><a href=""tel:081-2203622"" class=""phone-link"">081-2203622</a><div class=""phone-secondary""></div></td><td>Free</td></tr>",,,,
1381,STD Clinic - Mahamodara / Galle,STD / HIV,Government STD Clinic,Free,091-2245998,,stdclinic.mahamodara@gmail.com,Southern Province,Galle,Galle / Mahamodara,Galle,"STD Clinic, Teaching Hospital, Mahamodara, Galle","Confidential STI/HIV testing, diagnosis, treatment, counseling and referral",Call ahead to confirm current clinic/consultant hours,Venereology / STD clinic team,,Official NSACP district listing identifies Mahamodara clinic; 091-2245998 is the Galle STD testing contact published by AIDS Foundation Lanka. Source: https://aidscontrol.gov.lk/index.php?option=com_content&view=article&id=30&Itemid=147&lang=en,"<tr><td>STD Clinic - Mahamodara / Galle<div class=""e-mail"">stdclinic.mahamodara@gmail.com</div></td><td>Southern Province</td><td>Galle</td><td><a href=""tel:091-2245998"" class=""phone-link"">091-2245998</a><div class=""phone-secondary""></div></td><td>Free</td></tr>",,,,
1382,STD Clinic - Mannar,STD / HIV,Government STD Clinic,Free,023-2250573,,stdclinic.mannar@gmail.com,Northern Province,Mannar,Mannar,,"Mannar, Mannar District",Confidential STI/HIV services,Call ahead to confirm current clinic/consultant hours,,,https://aidscontrol.gov.lk/index.php?option=com_content&view=article&id=39&Itemid=147&lang=en,"<tr><td>STD Clinic - Mannar<div class=""e-mail"">stdclinic.mannar@gmail.com</div></td><td>Northern Province</td><td>Mannar</td><td><a href=""tel:023-2250573"" class=""phone-link"">023-2250573</a><div class=""phone-secondary""></div></td><td>Free</td></tr>",,,,
1383,STD Clinic - Matale,STD / HIV,Government STD Clinic,Free,066-2053746,,stdclinic.matale@gmail.com,Central Province,Matale,Matale,,"Matale, Matale District",Confidential STI/HIV services,Call ahead to confirm current clinic/consultant hours,,,https://aidscontrol.gov.lk/index.php?option=com_content&view=article&id=76&lang=en,"<tr><td>STD Clinic - Matale<div class=""e-mail"">stdclinic.matale@gmail.com</div></td><td>Central Province</td><td>Matale</td><td><a href=""tel:066-2053746"" class=""phone-link"">066-2053746</a><div class=""phone-secondary""></div></td><td>Free</td></tr>",,,,
1384,STD Clinic - Mullaitivu,STD / HIV,Government STD Clinic,Free,021-2061414,,,Northern Province,Mullaitivu,Mullaitivu,,"Mullaitivu, Mullaitivu District",Confidential STI/HIV services,Call ahead to confirm current clinic/consultant hours,,http://www.aidscontrol.gov.lk/index.php?option=com_content&view=article&id=43&Itemid=147&lang=en,,"<tr><td>STD Clinic - Mullaitivu<div class=""e-mail""></div></td><td>Northern Province</td><td>Mullaitivu</td><td><a href=""tel:021-2061414"" class=""phone-link"">021-2061414</a><div class=""phone-secondary""></div></td><td>Free<div> <a href=""http://www.aidscontrol.gov.lk/index.php?option=com_content&view=article&id=43&Itemid=147&lang=en"" class=""web-site""target=""_blank"" style=""text-decoration: none;"">Web Site  🔗</a></div></td></tr>",,,,
1385,STD Clinic - Provincial General Hospital Ratnapura,STD / HIV,Government STD Clinic,Free,045-2226561,,stdclinic.ratnapura@gmail.com,Sabaragamuwa Province,Ratnapura,Ratnapura,Ratnapura,"STD Clinic, Provincial General Hospital, Ratnapura","Confidential STI/HIV testing, diagnosis, treatment, counseling and referral",Mon-Fri 8:00am-4:00pm; Sat 8:00am-12:00pm; confirm locally,Venereology / STD Clinic Team,,Official NSACP listing: https://aidscontrol.gov.lk/index.php?option=com_content&view=article&id=47:ratnapura-district-information-on-hiv-stis&Itemid=147&lang=en,"<tr><td>STD Clinic - Provincial General Hospital Ratnapura<div class=""e-mail"">stdclinic.ratnapura@gmail.com</div></td><td>Sabaragamuwa Province</td><td>Ratnapura</td><td><a href=""tel:045-2226561"" class=""phone-link"">045-2226561</a><div class=""phone-secondary""></div></td><td>Free</td></tr>",,,,
1386,STD Clinic - Puttalam,STD / HIV,Government STD Clinic,Free,032-2265261,,stdputtalama@gmail.com,North Western Province,Puttalam,Puttalam,Puttalam,"Unit 13, Base Hospital Puttalam","Confidential STI/HIV testing, diagnosis, treatment, counseling and referral",Mon-Fri 8:00am-4:00pm; Sat morning; confirm locally,Venereology / STD Clinic Team,,https://aidscontrol.gov.lk/index.php?option=com_content&view=article&id=46&Itemid=183&lang=en,"<tr><td>STD Clinic - Puttalam<div class=""e-mail"">stdputtalama@gmail.com</div></td><td>North Western Province</td><td>Puttalam</td><td><a href=""tel:032-2265261"" class=""phone-link"">032-2265261</a><div class=""phone-secondary""></div></td><td>Free</td></tr>",,,,
1387,STD Clinic - Teaching Hospital / PGH Badulla,STD / HIV,Government STD Clinic,Free,055-2222261,055-2222578,stdclinic.badulla@gmail.com,Uva Province,Badulla,Badulla,Badulla,"STD Clinic, Room No 73, Daya Gunasekara Mawatha, Badulla (inside PGH/TH)","Full STI/HIV services: diagnosis, treatment, counseling, partner notification, ART, PEP, HIV testing, syphilis & other STI management, PMTCT support. Confidential.",Mon-Fri 8:00am-4:00pm; Sat 8:00am-12:00noon (typical NSACP hours). Closed Sundays & public holidays. Confirm locally.,Dr. Niroshan Jayasekara (Venereologist); Dr. Chrishan / R. Crishan Vedanayagam (MO/IC),,Main STD clinic for entire Badulla district. Highly confidential. Also PEP location via ETU/ICU.,"<tr><td>STD Clinic - Teaching Hospital / PGH Badulla<div class=""e-mail"">stdclinic.badulla@gmail.com</div></td><td>Uva Province</td><td>Badulla</td><td><a href=""tel:055-2222261"" class=""phone-link"">055-2222261</a><div class=""phone-secondary"">055-2222578</div></td><td>Free</td></tr>",,,,
1388,STD Clinic - Teaching Hospital Jaffna,STD / HIV,Government STD Clinic,Free,021-2217756,021-2222261,stdclinic.jaffna@gmail.com,Northern Province,Jaffna,Jaffna,Jaffna,"STD Clinic, Teaching Hospital, Jaffna","Confidential STI/HIV testing, diagnosis, treatment, counseling and referral",Government STD clinic hours; call to confirm current schedule,STD Clinic Medical Officer / Team,,Official NSACP listing: https://aidscontrol.gov.lk/index.php?option=com_content&view=article&id=33&Itemid=83&lang=en,"<tr><td>STD Clinic - Teaching Hospital Jaffna<div class=""e-mail"">stdclinic.jaffna@gmail.com</div></td><td>Northern Province</td><td>Jaffna</td><td><a href=""tel:021-2217756"" class=""phone-link"">021-2217756</a><div class=""phone-secondary"">021-2222261</div></td><td>Free</td></tr>",,,,
1389,STD Clinic - Vavuniya,STD / HIV,Government STD Clinic,Free,024-2224575,,stdclinic.vavuniya@gmail.com,Northern Province,Vavuniya,Vavuniya,,"Vavuniya, Vavuniya District",Confidential STI/HIV services,Call ahead to confirm current clinic/consultant hours,,,https://aidscontrol.gov.lk/index.php?option=com_content&view=article&id=49&Itemid=147&lang=en,"<tr><td>STD Clinic - Vavuniya<div class=""e-mail"">stdclinic.vavuniya@gmail.com</div></td><td>Northern Province</td><td>Vavuniya</td><td><a href=""tel:024-2224575"" class=""phone-link"">024-2224575</a><div class=""phone-secondary""></div></td><td>Free</td></tr>",,,,
1390,Student Counselling Centre,Counseling,NGO / Professional Counseling,Free,011-2583108,071-6479192; 077-9895252,infonsacpsim@gmail.com,Western Province,Colombo,Colombo,Colombo,"No.29, De Saram Place, Colombo 10,",Student Counselling,Contact NSACP central clinic for current hours,,https://www.fpasrilanka.org/en/alokaya-counselling-centre,Other Government Institutions,"<tr><td>Student Counselling Centre<div class=""e-mail"">infonsacpsim@gmail.com</div></td><td>Western Province</td><td>Colombo</td><td><a href=""tel:011-2583108"" class=""phone-link"">011-2583108</a><div class=""phone-secondary"">071-6479192; 077-9895252</div></td><td>Free<div> <a href=""https://www.fpasrilanka.org/en/alokaya-counselling-centre"" class=""web-site""target=""_blank"" style=""text-decoration: none;"">Web Site  🔗</a></div></td></tr>",,,,
1391,Sucharidoya Child Development Centre,Mental Health,Government,Free,,,,Western Province,Colombo,Maharagama,Maharagama,Pamunuwa Maharagama,Residential care,,,,Non-Governmental Organizations,"<tr><td>Sucharidoya Child Development Centre<div class=""e-mail""></div></td><td>Western Province</td><td>Colombo</td><td><a href=""tel:"" class=""phone-link""></a><div class=""phone-secondary""></div></td><td>Free</td></tr>",,,,
1392,"Sucharithodaya Home for Mentally Retarded / Physically Disabled Children (Boys/Girls, 8-18yrs",Mental Health,Government,Free,011-2850346,,,Western Province,Colombo,Maharagama,Maharagama,,Residential care,,,,Non-Governmental Organizations,"<tr><td>Sucharithodaya Home for Mentally Retarded / Physically Disabled Children (Boys/Girls, 8-18yrs<div class=""e-mail""></div></td><td>Western Province</td><td>Colombo</td><td><a href=""tel:011-2850346"" class=""phone-link"">011-2850346</a><div class=""phone-secondary""></div></td><td>Free</td></tr>",,,,
1393,Sujatha Sevana State Receiving Home,Child Protection / Counseling,Government,Free,057-2222289,,,Uva Province,Badulla,Bandarawela,Bandarawela,,Residential care,,,,Children Homes & Care Services,"<tr><td>Sujatha Sevana State Receiving Home<div class=""e-mail""></div></td><td>Uva Province</td><td>Badulla</td><td><a href=""tel:057-2222289"" class=""phone-link"">057-2222289</a><div class=""phone-secondary""></div></td><td>Free</td></tr>",,,,
1394,Sujeewa Mapiya Sewana,Elder Care,Private,Paid,,,,Western Province,Gampaha,Attanagalla,Attanagalla,14/2 Pattigoda Weyangoda,Residential care,,,,Elders' Homes & Care Services,"<tr><td>Sujeewa Mapiya Sewana<div class=""e-mail""></div></td><td>Western Province</td><td>Gampaha</td><td><a href=""tel:"" class=""phone-link""></a><div class=""phone-secondary""></div></td><td>Paid</td></tr>",,,,
1395,Sumithrayo,Counseling,Government,Free,057-2222662,,,Uva Province,Badulla,Badulla,Badulla,"Singha Samaja Building, Senanayake Mw, Bandarawela",Counselling,Daily 9am-1pm,,https://srilankasumithrayo.lk,Other Government Institutions,"<tr><td>Sumithrayo<div class=""e-mail""></div></td><td>Uva Province</td><td>Badulla</td><td><a href=""tel:057-2222662"" class=""phone-link"">057-2222662</a><div class=""phone-secondary""></div></td><td>Free<div> <a href=""https://srilankasumithrayo.lk"" class=""web-site""target=""_blank"" style=""text-decoration: none;"">Web Site  🔗</a></div></td></tr>",,,,
1396,Sumithrayo Founding Branch - Colombo,Counseling / Emotional Support,Nonprofit / NGO,Free,011-2696666,011-2692909; 011-2683555,sumithra@sumithrayo.org,National,Island wide,Colombo,Island-wide access,"60B Horton Place, Colombo 07",Confidential befriending and emotional support,Daily 9:00am-8:00pm,,,https://sumithrayo.org/,"<tr><td>Sumithrayo Founding Branch - Colombo<div class=""e-mail"">sumithra@sumithrayo.org</div></td><td>National</td><td>Island wide</td><td><a href=""tel:011-2696666"" class=""phone-link"">011-2696666</a><div class=""phone-secondary"">011-2692909; 011-2683555</div></td><td>Free</td></tr>",,,,
1397,Sunnyweel Elderly Care Centre,Elder Care,Private,Paid,037-2283667,,,Western Province,Gampaha,Negombo,Negombo,,Residential care,,,,Elders' Homes & Care Services,"<tr><td>Sunnyweel Elderly Care Centre<div class=""e-mail""></div></td><td>Western Province</td><td>Gampaha</td><td><a href=""tel:037-2283667"" class=""phone-link"">037-2283667</a><div class=""phone-secondary""></div></td><td>Paid</td></tr>",,,,
1398,Sunrise Child Development Centre,Child Protection / Counseling,Private,Paid,031-5674528,,,Western Province,Gampaha,Negambo,Negambo,,Residential care,,,,Children Homes & Care Services,"<tr><td>Sunrise Child Development Centre<div class=""e-mail""></div></td><td>Western Province</td><td>Gampaha</td><td><a href=""tel:031-5674528"" class=""phone-link"">031-5674528</a><div class=""phone-secondary""></div></td><td>Paid</td></tr>",,,,
1399,Suraksha Remand Home,Child Protection / Counseling,Government,Free,055-3051887,,,Uva Province,Badulla,Welimada,Welimada,,Residential care,,,,Children Homes & Care Services,"<tr><td>Suraksha Remand Home<div class=""e-mail""></div></td><td>Uva Province</td><td>Badulla</td><td><a href=""tel:055-3051887"" class=""phone-link"">055-3051887</a><div class=""phone-secondary""></div></td><td>Free</td></tr>",,,,
1400,Suwa Sewa Centre Nuwara Eliya,Counseling,Government,Free,052-4925024,052-2222261,stdclinic.nuwaraeliya@gmail.com,Central Province,Nuwara Eliya,Nuwara Eliya,Nuwara Eliya,"STD Clinic, District General Hospital, Nuwara Eliya",Counselling,Call clinic to confirm hours,Venereology / STD Clinic Team,,Non-Governmental Organizations,"<tr><td>Suwa Sewa Centre Nuwara Eliya<div class=""e-mail"">stdclinic.nuwaraeliya@gmail.com</div></td><td>Central Province</td><td>Nuwara Eliya</td><td><a href=""tel:052-4925024"" class=""phone-link"">052-4925024</a><div class=""phone-secondary"">052-2222261</div></td><td>Free</td></tr>",,,,
1401,Suwa Sewana Elderly Rest Home,Elder Care,Government,Free,037-3981710,,,North Western Province,Kurunegala,Maspotha,Maspotha,,Residential care Free of charge,,,,Elders' Homes & Care Services,"<tr><td>Suwa Sewana Elderly Rest Home<div class=""e-mail""></div></td><td>North Western Province</td><td>Kurunegala</td><td><a href=""tel:037-3981710"" class=""phone-link"">037-3981710</a><div class=""phone-secondary""></div></td><td>Free</td></tr>",,,,
1402,Suwaseriya Ambulance Service,Emergency,Government Hotline,Free,1990,,,National,Island wide,Island-wide,National,Sri Lanka,Emergency ambulance,24-Jul,,,,"<tr><td>Suwaseriya Ambulance Service<div class=""e-mail""></div></td><td>National</td><td>Island wide</td><td><a href=""tel:1990"" class=""phone-link"">1990</a><div class=""phone-secondary""></div></td><td>Free</td></tr>",,,,
1403,Suwasetha Home for Girls (5-18 years,Mental Health,Government,Free,036-2255017,,,Western Province,Colombo,Seethawaka,Seethawaka,,Residential care,,,,Non-Governmental Organizations,"<tr><td>Suwasetha Home for Girls (5-18 years<div class=""e-mail""></div></td><td>Western Province</td><td>Colombo</td><td><a href=""tel:036-2255017"" class=""phone-link"">036-2255017</a><div class=""phone-secondary""></div></td><td>Free</td></tr>",,,,
1404,Swami Gangatharanantha Boys’ Home,Child Protection / Counseling,Government,Free,026-2222049,,,Eastern Province,Trincomalee,Trincomalee Town & Gravets,Trincomalee Town & Gravets,,Residential care,,,,Children Homes & Care Services,"<tr><td>Swami Gangatharanantha Boys’ Home<div class=""e-mail""></div></td><td>Eastern Province</td><td>Trincomalee</td><td><a href=""tel:026-2222049"" class=""phone-link"">026-2222049</a><div class=""phone-secondary""></div></td><td>Free</td></tr>",,,,
1405,Swami Vipulananda Boys’ Home,Child Protection / Counseling,Private,Paid,067-2277514,,,Eastern Province,Trincomalee,Alayadivembu,Alayadivembu,,Residential care,,,,Children Homes & Care Services,"<tr><td>Swami Vipulananda Boys’ Home<div class=""e-mail""></div></td><td>Eastern Province</td><td>Trincomalee</td><td><a href=""tel:067-2277514"" class=""phone-link"">067-2277514</a><div class=""phone-secondary""></div></td><td>Paid</td></tr>",,,,
1406,Sward Lanka Child Development Centre,Child Protection / Counseling,Private,Paid,031-2277964,,,Western Province,Gampaha,Negombo,Negombo,,Residential care,,,,Children Homes & Care Services,"<tr><td>Sward Lanka Child Development Centre<div class=""e-mail""></div></td><td>Western Province</td><td>Gampaha</td><td><a href=""tel:031-2277964"" class=""phone-link"">031-2277964</a><div class=""phone-secondary""></div></td><td>Paid</td></tr>",,,,
1407,Teaching Hospital Anuradhapura,Mental Health + Counseling,Government Teaching Hospital,Free,025-2222262,025-2222262; 025-2222263; 025-2222261,,North Central Province,Anuradhapura,Anuradhapura,Nuwaragam Palatha East Anuradhapura,"Teaching Hospital, Harischandra Mawatha, Anuradhapura",Psychiatry Inward facilities Mental Health clinic Mithuru Piyasa Counselling Desk,24/7 hospital emergency; clinic schedule confirm locally,Consultant Psychiatry Team,http://www.mentalhealth.health.gov.lk/index.php?option=com_content&view=article&id=33&Itemid=193&lang=en; https://hospitalslk.blogspot.com/2011/12/anuradhapura-district.html,Government Hospitals,"<tr><td>Teaching Hospital Anuradhapura<div class=""e-mail""></div></td><td>North Central Province</td><td>Anuradhapura</td><td><a href=""tel:025-2222262"" class=""phone-link"">025-2222262</a><div class=""phone-secondary"">025-2222262; 025-2222263; 025-2222261</div></td><td>Free<div> <a href=""http://www.mentalhealth.health.gov.lk/index.php?option=com_content&view=article&id=33&Itemid=193&lang=en; https://hospitalslk.blogspot.com/2011/12/anuradhapura-district.html"" class=""web-site""target=""_blank"" style=""text-decoration: none;"">Web Site  🔗</a></div></td></tr>",,,,
1408,Teaching Hospital Batticaloa,Mental Health + Child Mental Health,Government Teaching Hospital,Free,065-2222261,065-2225656,,Eastern Province,Batticaloa,Batticaloa,Batticaloa,"Teaching Hospital, Batticaloa",Psychiatry Inward facilities Mental Health clinic Mithuru Piyasa Child & Adolescent clinic Transgender clinic,,Consultant Psychiatrist / Mental Health Team,,Government Hospitals,"<tr><td>Teaching Hospital Batticaloa<div class=""e-mail""></div></td><td>Eastern Province</td><td>Batticaloa</td><td><a href=""tel:065-2222261"" class=""phone-link"">065-2222261</a><div class=""phone-secondary"">065-2225656</div></td><td>Free</td></tr>",,,,
1409,Teaching Hospital Colombo North - Ragama (Acute Psychiatry Unit),Mental Health,Government Teaching Hospital,Free,011-2959261,,,Western Province,Gampaha,Ragama,Mahara / Ragama,"Teaching Hospital Colombo North, Ragama","Acute Psychiatry Unit; mental-health assessment, treatment and referral; specialist psychiatry",24/7 hospital emergency; psychiatry clinic schedule confirm locally,Consultant Psychiatry Team,,Official mental-health listing: https://mentalhealth.health.gov.lk/index.php?option=com_content&view=article&id=38&Itemid=219&lang=en; hospital listing: http://gampaha.dist.gov.lk/index.php/en/aboutus/15-government-service-centers/18-hospitals.html,"<tr><td>Teaching Hospital Colombo North - Ragama (Acute Psychiatry Unit)<div class=""e-mail""></div></td><td>Western Province</td><td>Gampaha</td><td><a href=""tel:011-2959261"" class=""phone-link"">011-2959261</a><div class=""phone-secondary""></div></td><td>Free</td></tr>",,,,
1410,Teaching Hospital Colombo South - Kalubowila,Mental Health,Government Teaching Hospital,Free,011-2763261,011-2763065,,Western Province,Colombo,Kalubowila,Dehiwala,"Kalubowila, Dehiwala",Adult mental-health services; multiple consultant psychiatrists; child psychiatry services,Call to confirm clinic schedule,Consultant Psychiatry Team,https://www.mentalhealth.health.gov.lk/index.php?option=com_content&view=article&id=36&Itemid=196&lang=en,,"<tr><td>Teaching Hospital Colombo South - Kalubowila<div class=""e-mail""></div></td><td>Western Province</td><td>Colombo</td><td><a href=""tel:011-2763261"" class=""phone-link"">011-2763261</a><div class=""phone-secondary"">011-2763065</div></td><td>Free<div> <a href=""https://www.mentalhealth.health.gov.lk/index.php?option=com_content&view=article&id=36&Itemid=196&lang=en"" class=""web-site""target=""_blank"" style=""text-decoration: none;"">Web Site  🔗</a></div></td></tr>",,,,
1411,Teaching Hospital Gampola,Mental Health,Government Base Hospital,Free,081-2352261,081-2351244; 081-2351248; 081-2352261; 081-2351247,,Central Province,Kandy,Udapalatha,Udapalatha,"Base Hospital, Gampola",Mental Health clinic Mithuru Piyasa,Call ahead to confirm current clinic/consultant hours,,,Government Hospitals,"<tr><td>Teaching Hospital Gampola<div class=""e-mail""></div></td><td>Central Province</td><td>Kandy</td><td><a href=""tel:081-2352261"" class=""phone-link"">081-2352261</a><div class=""phone-secondary"">081-2351244; 081-2351248; 081-2352261; 081-2351247</div></td><td>Free</td></tr>",,,,
1412,Teaching Hospital Jaffna,Mental Health,Government Teaching Hospital,Free,021-2223348,021-2222261,,Northern Province,Jaffna,Jaffna,Jaffna,"Hospital Road, Jaffna",Mental Health clinic Mithuru Piyasa,Hospital emergency services available; confirm psychiatry clinic schedule,Consultant Psychiatry Team,,Government Hospitals,"<tr><td>Teaching Hospital Jaffna<div class=""e-mail""></div></td><td>Northern Province</td><td>Jaffna</td><td><a href=""tel:021-2223348"" class=""phone-link"">021-2223348</a><div class=""phone-secondary"">021-2222261</div></td><td>Free</td></tr>",,,,
1413,Teaching Hospital Kalubowila (CSTH,Mental Health + Child Mental Health,Government,Free,011-2763064,011-2763065,,Western Province,Colombo,Dehiwala,Dehiwala,"Kalubowila, Dehiwala",Psychiatry Inward facilities Mental Health clinic Day centre Mithuru Piyasa Yowun Piyasa,Call to confirm clinic schedule,Consultant Psychiatry Team,https://www.mentalhealth.health.gov.lk/index.php?option=com_content&view=article&id=36&Itemid=196&lang=en,Government Hospitals,"<tr><td>Teaching Hospital Kalubowila (CSTH<div class=""e-mail""></div></td><td>Western Province</td><td>Colombo</td><td><a href=""tel:011-2763064"" class=""phone-link"">011-2763064</a><div class=""phone-secondary"">011-2763065</div></td><td>Free<div> <a href=""https://www.mentalhealth.health.gov.lk/index.php?option=com_content&view=article&id=36&Itemid=196&lang=en"" class=""web-site""target=""_blank"" style=""text-decoration: none;"">Web Site  🔗</a></div></td></tr>",,,,
1414,Teaching Hospital Karapitiya,Mental Health,Government Base Hospital,Free,091-2232267,091-2232276; 091-3927276,,Southern Province,Galle,Galle,Galle,"National Hospital - Galle, Karapitiya",Psychiatry Inward facilities Mental Health clinic,Emergency hospital services 24/7; clinic schedule confirm locally,Consultant psychiatry team,,Government Hospitals,"<tr><td>Teaching Hospital Karapitiya<div class=""e-mail""></div></td><td>Southern Province</td><td>Galle</td><td><a href=""tel:091-2232267"" class=""phone-link"">091-2232267</a><div class=""phone-secondary"">091-2232276; 091-3927276</div></td><td>Free</td></tr>",,,,
1415,Teaching Hospital Kegalle,Mental Health,Government Teaching Hospital,Free,035-2222261,035-3229333,,Sabaragamuwa Province,Kegalle,Kegalle,Kegalle,"Teaching Hospital, Kegalle",Psychiatry Inward facilities Mental Health clinic Mithuru Piyasa,Call ahead to confirm current clinic/consultant hours,Consultant Psychiatry Team,https://www.mentalhealth.health.gov.lk/index.php?option=com_content&view=article&id=43:kegalle-district&catid=18&Itemid=202&lang=en; http://www.kegalle.dist.gov.lk/index.php/en/aboutus/15-government-service-centers/18-hospitals.html,Government Hospitals,"<tr><td>Teaching Hospital Kegalle<div class=""e-mail""></div></td><td>Sabaragamuwa Province</td><td>Kegalle</td><td><a href=""tel:035-2222261"" class=""phone-link"">035-2222261</a><div class=""phone-secondary"">035-3229333</div></td><td>Free<div> <a href=""https://www.mentalhealth.health.gov.lk/index.php?option=com_content&view=article&id=43:kegalle-district&catid=18&Itemid=202&lang=en; http://www.kegalle.dist.gov.lk/index.php/en/aboutus/15-government-service-centers/18-hospitals.html"" class=""web-site""target=""_blank"" style=""text-decoration: none;"">Web Site  🔗</a></div></td></tr>",,,,
1416,Teaching Hospital Kuliyapitiya,Mental Health,Government Teaching / Base Hospital,Free,037-2222261,037-2282553; 037-2281261,,North Western Province,Kurunegala,Kuliyapitiya,Kuliyapitiya,"Teaching Hospital, Hettipola Road, Kuliyapitiya",Mental Health clinic Mithuru Piyasa,Call ahead to confirm current clinic/consultant hours,Consultant Psychiatrist / Mental Health Team,,Government Hospitals,"<tr><td>Teaching Hospital Kuliyapitiya<div class=""e-mail""></div></td><td>North Western Province</td><td>Kurunegala</td><td><a href=""tel:037-2222261"" class=""phone-link"">037-2222261</a><div class=""phone-secondary"">037-2282553; 037-2281261</div></td><td>Free</td></tr>",,,,
1417,Teaching Hospital Kurunegala,Mental Health,Government Teaching Hospital,Free,037-2222261,037-2233906,info@kurunegalahospital.health.gov.lk,North Western Province,Kurunegala,Kurunegala,Kurunegala,"Colombo Road, Kurunegala 60000",Psychiatry Inward facilities Mental Health clinic,24/7 emergency; psychiatry clinic schedule confirm locally,Consultant Psychiatry Team,,Government Hospitals,"<tr><td>Teaching Hospital Kurunegala<div class=""e-mail"">info@kurunegalahospital.health.gov.lk</div></td><td>North Western Province</td><td>Kurunegala</td><td><a href=""tel:037-2222261"" class=""phone-link"">037-2222261</a><div class=""phone-secondary"">037-2233906</div></td><td>Free</td></tr>",,,,
1418,Teaching Hospital Mahamodara,Mental Health,Government,Free,091-2222261,091-2234951,stdclinic.mahamodara@gmail.com,Southern Province,Galle,Galle,Galle,"STD Clinic, Teaching Hospital, Mahamodara, Galle",Mental Health clinic,Call ahead to confirm current clinic/consultant hours,Venereology / STD clinic team,,Government Hospitals,"<tr><td>Teaching Hospital Mahamodara<div class=""e-mail"">stdclinic.mahamodara@gmail.com</div></td><td>Southern Province</td><td>Galle</td><td><a href=""tel:091-2222261"" class=""phone-link"">091-2222261</a><div class=""phone-secondary"">091-2234951</div></td><td>Free</td></tr>",,,,
1419,Teaching Hospital Peradeniya,Mental Health,Government Teaching Hospital,Free,081-2388001,081-2388002,perahospital@gmail.com,Central Province,Kandy,Gangawatakoralaya,Gangawatakoralaya,"Teaching Hospital, Peradeniya",Psychiatry Inward facilities Mental Health clinic,Psychiatry clinics weekdays ~8am; Hospital 24/7,Prof. Thilini Rajapakse; Dr. Dewasmika Ariyasinghe; Dr. Pabasari Ginige; Dr. Shavindra Dias (Consultant Psychiatrists),https://peradeniya-hospital.health.gov.lk,Government Hospitals,"<tr><td>Teaching Hospital Peradeniya<div class=""e-mail"">perahospital@gmail.com</div></td><td>Central Province</td><td>Kandy</td><td><a href=""tel:081-2388001"" class=""phone-link"">081-2388001</a><div class=""phone-secondary"">081-2388002</div></td><td>Free<div> <a href=""https://peradeniya-hospital.health.gov.lk"" class=""web-site""target=""_blank"" style=""text-decoration: none;"">Web Site  🔗</a></div></td></tr>",,,,
1420,Teaching Hospital Ratnapura,Mental Health + Child Mental Health,Government Teaching / Provincial General Hospital,Free,045-2222261,045-2222262,,Sabaragamuwa Province,Ratnapura,Ratnapura,Ratnapura,"Teaching / Provincial General Hospital, Ratnapura",Psychiatry Inward facilities Mental Health clinic Mithuru Piyasa Yowun Piyasa,24/7 hospital emergency; psychiatry clinic schedule confirm locally,Consultant Psychiatry Team,,Government Hospitals,"<tr><td>Teaching Hospital Ratnapura<div class=""e-mail""></div></td><td>Sabaragamuwa Province</td><td>Ratnapura</td><td><a href=""tel:045-2222261"" class=""phone-link"">045-2222261</a><div class=""phone-secondary"">045-2222262</div></td><td>Free</td></tr>",,,,
1421,Technical Collage Ampara - Hardy,Mental Health,Government,Free,063-2223465,,stdclinic.ampara@gmail.com,Eastern Province,Ampara,Ampara,Ampara,"STD Clinic, District General Hospital, Ampara",Vocational Training,Call clinic to confirm current hours,Venereology / STD Clinic Team,,Other Government Institutions,"<tr><td>Technical Collage Ampara - Hardy<div class=""e-mail"">stdclinic.ampara@gmail.com</div></td><td>Eastern Province</td><td>Ampara</td><td><a href=""tel:063-2223465"" class=""phone-link"">063-2223465</a><div class=""phone-secondary""></div></td><td>Free</td></tr>",,,,
1422,T-Field Child Development Federation,Child Protection / Counseling,NGO,Free,052-2222064,,,Central Province,Nuwara Eliya,Nuwara Eliya,Nuwara Eliya,,Child development,,,,Children Homes & Care Services,"<tr><td>T-Field Child Development Federation<div class=""e-mail""></div></td><td>Central Province</td><td>Nuwara Eliya</td><td><a href=""tel:052-2222064"" class=""phone-link"">052-2222064</a><div class=""phone-secondary""></div></td><td>Free</td></tr>",,,,
1423,The Guardian Child Development Centre,Counseling + Rehabilitation + Child Mental Health,NGO,Free,081-3123410,,,Central Province,Kandy,Kundasale,Kundasale,,Residential care Counselling Rehabilitation,,,,Children Homes & Care Services,"<tr><td>The Guardian Child Development Centre<div class=""e-mail""></div></td><td>Central Province</td><td>Kandy</td><td><a href=""tel:081-3123410"" class=""phone-link"">081-3123410</a><div class=""phone-secondary""></div></td><td>Free</td></tr>",,,,
1424,The Social Architects (TSA),Counseling,Government,Free,067-4930027,,,Eastern Province,Ampara,Kalmunai North,Kalmunai North,,Counselling services for women affected by domestic violence Legal aid Awareness creation,,,,Non-Governmental Organizations,"<tr><td>The Social Architects (TSA)<div class=""e-mail""></div></td><td>Eastern Province</td><td>Ampara</td><td><a href=""tel:067-4930027"" class=""phone-link"">067-4930027</a><div class=""phone-secondary""></div></td><td>Free</td></tr>",,,,
1425,THEERANIYAM,Child Protection / Counseling,Government,Free,065-2222434,,,Eastern Province,Batticaloa,Batticaloa,Batticaloa,,Services for children with Autism,,,,Non-Governmental Organizations,"<tr><td>THEERANIYAM<div class=""e-mail""></div></td><td>Eastern Province</td><td>Batticaloa</td><td><a href=""tel:065-2222434"" class=""phone-link"">065-2222434</a><div class=""phone-secondary""></div></td><td>Free</td></tr>",,,,
1426,Thilagawathiyar Girls’ Home,Child Protection / Counseling,Government,Free,065-3063798,,,Eastern Province,Batticaloa,Kathiraveli,Kathiraveli,,Residential care,,,,Children Homes & Care Services,"<tr><td>Thilagawathiyar Girls’ Home<div class=""e-mail""></div></td><td>Eastern Province</td><td>Batticaloa</td><td><a href=""tel:065-3063798"" class=""phone-link"">065-3063798</a><div class=""phone-secondary""></div></td><td>Free</td></tr>",,,,
1427,Thirugna Sampanthar Kurugulam,Child Protection / Counseling,Government,Free,065-2250277,,,Eastern Province,Batticaloa,Kaluthavalai,Kaluthavalai,,Residential care,,,,Children Homes & Care Services,"<tr><td>Thirugna Sampanthar Kurugulam<div class=""e-mail""></div></td><td>Eastern Province</td><td>Batticaloa</td><td><a href=""tel:065-2250277"" class=""phone-link"">065-2250277</a><div class=""phone-secondary""></div></td><td>Free</td></tr>",,,,
1428,Thudawa Child Centre,Child Protection / Counseling,Government,Free,,,,Western Province,Kalutara,Kalutara,Kalutara,154 Meda Para Wadduwa,Residential care,,,,Children Homes & Care Services,"<tr><td>Thudawa Child Centre<div class=""e-mail""></div></td><td>Western Province</td><td>Kalutara</td><td><a href=""tel:"" class=""phone-link""></a><div class=""phone-secondary""></div></td><td>Free</td></tr>",,,,
1429,Tikiri Sewana Child Development Centre,Counseling + Rehabilitation + Child Mental Health,Government,Free,081-2388145,,,Central Province,Kandy,Gangawatakoralaya,Gangawatakoralaya,,Residential care Counselling Rehabilitation,,,,Children Homes & Care Services,"<tr><td>Tikiri Sewana Child Development Centre<div class=""e-mail""></div></td><td>Central Province</td><td>Kandy</td><td><a href=""tel:081-2388145"" class=""phone-link"">081-2388145</a><div class=""phone-secondary""></div></td><td>Free</td></tr>",,,,
1430,Trincomalee Safe House,Child Protection / Counseling,Government,Free,026-4931292,,,Eastern Province,Trincomalee,Trincomalee,Trincomalee Town & Gravets,"Trincomalee, Trincomalee District",Residential care,Call ahead to confirm current clinic/consultant hours,,https://www.mentalhealth.health.gov.lk/index.php?option=com_content&view=article&id=54&Itemid=213&lang=en,Children Homes & Care Services,"<tr><td>Trincomalee Safe House<div class=""e-mail""></div></td><td>Eastern Province</td><td>Trincomalee</td><td><a href=""tel:026-4931292"" class=""phone-link"">026-4931292</a><div class=""phone-secondary""></div></td><td>Free<div> <a href=""https://www.mentalhealth.health.gov.lk/index.php?option=com_content&view=article&id=54&Itemid=213&lang=en"" class=""web-site""target=""_blank"" style=""text-decoration: none;"">Web Site  🔗</a></div></td></tr>",,,,
1431,Udaya Voluntary Children’s Home,Child Protection / Counseling,Private,Paid,055-2231519,,,Uva Province,Badulla,Badulla,Badulla,,Residential care (Free of Charge),,,,Children Homes & Care Services,"<tr><td>Udaya Voluntary Children’s Home<div class=""e-mail""></div></td><td>Uva Province</td><td>Badulla</td><td><a href=""tel:055-2231519"" class=""phone-link"">055-2231519</a><div class=""phone-secondary""></div></td><td>Paid</td></tr>",,,,
1432,Uhumeeya Mental Health Rehabilitation Centre,Mental Health / Rehabilitation,Government Rehabilitation Centre,Free,037-2238727,,,North Western Province,Kurunegala,Uhumeeya,Kurunegala area,"Uhumeeya, Kurunegala District",Medium Stay Unit / Mental Health Rehabilitation Centre; Consumer & Carer Association,Contact unit/RDHS to confirm admission and referral procedure,Mental Health Rehabilitation Team,,Rehabilitation service: https://www.mentalhealth.health.gov.lk/index.php?option=com_content&view=article&id=45:kurunegala-district&catid=18&Itemid=204&lang=en; published mental-health rehabilitation unit contact used where available.,"<tr><td>Uhumeeya Mental Health Rehabilitation Centre<div class=""e-mail""></div></td><td>North Western Province</td><td>Kurunegala</td><td><a href=""tel:037-2238727"" class=""phone-link"">037-2238727</a><div class=""phone-secondary""></div></td><td>Free</td></tr>",,,,
1433,Unicef,Rehabilitation,Government,Free,,,,Uva Province,Badulla,Badulla,Badulla,Unicef Office Uva Ministry of Health Badulla,Rehabilitation,,,,Other Government Institutions,"<tr><td>Unicef<div class=""e-mail""></div></td><td>Uva Province</td><td>Badulla</td><td><a href=""tel:"" class=""phone-link""></a><div class=""phone-secondary""></div></td><td>Free</td></tr>",,,,
1434,Unnaruwa Child Development Centre,Child Protection / Counseling,Private,Paid,011-2255940,,,Western Province,Gampaha,Minuwangoda,Minuwangoda,,Residential care,,,,Children Homes & Care Services,"<tr><td>Unnaruwa Child Development Centre<div class=""e-mail""></div></td><td>Western Province</td><td>Gampaha</td><td><a href=""tel:011-2255940"" class=""phone-link"">011-2255940</a><div class=""phone-secondary""></div></td><td>Paid</td></tr>",,,,
1435,Uscod,Rehabilitation,Government,Free,055-2222635,,,Uva Province,Badulla,Badulla,Badulla,,Rehabilitation,,,,Other Government Institutions,"<tr><td>Uscod<div class=""e-mail""></div></td><td>Uva Province</td><td>Badulla</td><td><a href=""tel:055-2222635"" class=""phone-link"">055-2222635</a><div class=""phone-secondary""></div></td><td>Free</td></tr>",,,,
1436,Uva Provincial Education Ministry and Department,Counseling,Government,Free,055-2223178,,uvaemis@yahoo.com,Uva Province,Badulla,Badulla,Badulla,,Counselling,,,,Other Government Institutions,"<tr><td>Uva Provincial Education Ministry and Department<div class=""e-mail"">uvaemis@yahoo.com</div></td><td>Uva Province</td><td>Badulla</td><td><a href=""tel:055-2223178"" class=""phone-link"">055-2223178</a><div class=""phone-secondary""></div></td><td>Free</td></tr>",,,,
1437,Uva Wellassa University - Student Counseling,Counseling (Youth / Students),University Service,Free,055-2226622,,headeag@uwu.ac.lk (or general university contacts),Uva Province,Badulla,Badulla,Badulla,"Passara Road, Badulla 90000",Student counseling; Mental health support for university community,University working hours,Faculty student counselors,,Potential venue or partner for youth-focused PFA events.,"<tr><td>Uva Wellassa University - Student Counseling<div class=""e-mail"">headeag@uwu.ac.lk (or general university contacts)</div></td><td>Uva Province</td><td>Badulla</td><td><a href=""tel:055-2226622"" class=""phone-link"">055-2226622</a><div class=""phone-secondary""></div></td><td>Free</td></tr>",,,,
1438,Vajira Sri Boys Child Development Centre,Mental Health,Government,Free,,,,Western Province,Colombo,"Sri Jayawardenepura, Kotte","Sri Jayawardenepura, Kotte",21/25 Ananda Balika Mawatha Pagoda Road Pitakotte,Residential care,,,,Non-Governmental Organizations,"<tr><td>Vajira Sri Boys Child Development Centre<div class=""e-mail""></div></td><td>Western Province</td><td>Colombo</td><td><a href=""tel:"" class=""phone-link""></a><div class=""phone-secondary""></div></td><td>Free</td></tr>",,,,
1439,Valarpirai,Counseling,Government,Free,021-2228238,,,Northern Province,Jaffna,Jaffna,Jaffna,,Counselling,,,,Non-Governmental Organizations,"<tr><td>Valarpirai<div class=""e-mail""></div></td><td>Northern Province</td><td>Jaffna</td><td><a href=""tel:021-2228238"" class=""phone-link"">021-2228238</a><div class=""phone-secondary""></div></td><td>Free</td></tr>",,,,
1440,VAROD,Rehabilitation,Government,Free,024-4925635,,,Northern Province,Vavuniya,Vavuniya,Vavuniya,,"Residential care, Rehabilitation for differently abled",,,,Non-Governmental Organizations,"<tr><td>VAROD<div class=""e-mail""></div></td><td>Northern Province</td><td>Vavuniya</td><td><a href=""tel:024-4925635"" class=""phone-link"">024-4925635</a><div class=""phone-secondary""></div></td><td>Free</td></tr>",,,,
1441,VAROD (Vavuniya Rehabilitation Organization for Differently abled,Mental Health + Elder Care,Government,Free,024-4925634,,,Northern Province,Vavuniya,Vavuniya,Vavuniya,,Mental Health clinic,,,,Elders' Homes & Care Services,"<tr><td>VAROD (Vavuniya Rehabilitation Organization for Differently abled<div class=""e-mail""></div></td><td>Northern Province</td><td>Vavuniya</td><td><a href=""tel:024-4925634"" class=""phone-link"">024-4925634</a><div class=""phone-secondary""></div></td><td>Free</td></tr>",,,,
1442,Venus Speciality Hospital - Jaffna,Mental Health / Private Channeling,Private Hospital,Paid,021-2224172,,venushos136@gmail.com,Northern Province,Jaffna,Jaffna,Jaffna,"No. 136, Palaly Road, Kantharmadam, Jaffna","Psychiatrist specialist service/channeling; 24/7 OPD and ward facilities; emergency, ICU, diagnostics and specialist services",24/7 OPD; psychiatry by appointment,Visiting Psychiatrist / Specialists,,Official hospital site lists Psychiatrist among medical specialists and provides contact: https://venushospitaljaffna.com/,"<tr><td>Venus Speciality Hospital - Jaffna<div class=""e-mail"">venushos136@gmail.com</div></td><td>Northern Province</td><td>Jaffna</td><td><a href=""tel:021-2224172"" class=""phone-link"">021-2224172</a><div class=""phone-secondary""></div></td><td>Paid</td></tr>",,,,
1443,Vetijin Nalnampikkai Illam/ Good Faith Home of Victory,Child Protection / Counseling,Private,Paid,023-2222545,,,Northern Province,Mannar,Mannar,Mannar,,Residential care,,,,Children Homes & Care Services,"<tr><td>Vetijin Nalnampikkai Illam/ Good Faith Home of Victory<div class=""e-mail""></div></td><td>Northern Province</td><td>Mannar</td><td><a href=""tel:023-2222545"" class=""phone-link"">023-2222545</a><div class=""phone-secondary""></div></td><td>Paid</td></tr>",,,,
1444,Vidya Jothi Boys’ Home,Child Protection / Counseling,Government,Free,,,,Eastern Province,Batticaloa,Batticoloa,Batticoloa,Central Road Batticoloa,Residential care,,,,Children Homes & Care Services,"<tr><td>Vidya Jothi Boys’ Home<div class=""e-mail""></div></td><td>Eastern Province</td><td>Batticaloa</td><td><a href=""tel:"" class=""phone-link""></a><div class=""phone-secondary""></div></td><td>Free</td></tr>",,,,
1445,Vihara Maha Devi Certified School,Child Protection / Counseling,Government,Free,091-2246899,091-4936728,,Southern Province,Galle,Galle,Galle,,Residential care,,,,Children Homes & Care Services,"<tr><td>Vihara Maha Devi Certified School<div class=""e-mail""></div></td><td>Southern Province</td><td>Galle</td><td><a href=""tel:091-2246899"" class=""phone-link"">091-2246899</a><div class=""phone-secondary"">091-4936728</div></td><td>Free</td></tr>",,,,
1446,Viharamaha Devi Child Development Centre,Child Protection / Counseling,Private,Paid,011-2487613,,,Western Province,Gampaha,Biyagama,Biyagama,,Residential care,,,,Children Homes & Care Services,"<tr><td>Viharamaha Devi Child Development Centre<div class=""e-mail""></div></td><td>Western Province</td><td>Gampaha</td><td><a href=""tel:011-2487613"" class=""phone-link"">011-2487613</a><div class=""phone-secondary""></div></td><td>Paid</td></tr>",,,,
1447,Vijaya Kumarathunga Memorial Hospital Seeduwa,Mental Health,Government,Free,011-2258862,,,Western Province,Gampaha,Katana,Katana,,Mental Health clinic,,,,Government Hospitals,"<tr><td>Vijaya Kumarathunga Memorial Hospital Seeduwa<div class=""e-mail""></div></td><td>Western Province</td><td>Gampaha</td><td><a href=""tel:011-2258862"" class=""phone-link"">011-2258862</a><div class=""phone-secondary""></div></td><td>Free</td></tr>",,,,
1448,Vijayabumi Organization,Mental Health,Government,Free,033-3341690,,,Western Province,Gampaha,Gampaha,Gampaha,,Social welfare activities,,,,Non-Governmental Organizations,"<tr><td>Vijayabumi Organization<div class=""e-mail""></div></td><td>Western Province</td><td>Gampaha</td><td><a href=""tel:033-3341690"" class=""phone-link"">033-3341690</a><div class=""phone-secondary""></div></td><td>Free</td></tr>",,,,
1449,Village of Hope Girls’ Home,Child Protection / Counseling,Government,Free,065-2241385,,,Eastern Province,Batticaloa,Myllampeli,Myllampeli,,Residential care,,,,Children Homes & Care Services,"<tr><td>Village of Hope Girls’ Home<div class=""e-mail""></div></td><td>Eastern Province</td><td>Batticaloa</td><td><a href=""tel:065-2241385"" class=""phone-link"">065-2241385</a><div class=""phone-secondary""></div></td><td>Free</td></tr>",,,,
1450,Vimochana,Rehabilitation,Government,Free,,,,Eastern Province,Batticaloa,Batticaloa,Batticaloa,,Alcohol & Drugs rehabilitation,,,,Non-Governmental Organizations,"<tr><td>Vimochana<div class=""e-mail""></div></td><td>Eastern Province</td><td>Batticaloa</td><td><a href=""tel:"" class=""phone-link""></a><div class=""phone-secondary""></div></td><td>Free</td></tr>",,,,
1451,Vipulananda Boys’ Home,Child Protection / Counseling,Government,Free,065-2251101,,,Eastern Province,Batticaloa,Thirupaluamam,Thirupaluamam,,Residential care,,,,Children Homes & Care Services,"<tr><td>Vipulananda Boys’ Home<div class=""e-mail""></div></td><td>Eastern Province</td><td>Batticaloa</td><td><a href=""tel:065-2251101"" class=""phone-link"">065-2251101</a><div class=""phone-secondary""></div></td><td>Free</td></tr>",,,,
1452,Vishaka Child Development Centre,Child Protection / Counseling,Government,Free,034-2228358,,,Western Province,Kalutara,Kalutara,Kalutara,,Residential care,,,,Children Homes & Care Services,"<tr><td>Vishaka Child Development Centre<div class=""e-mail""></div></td><td>Western Province</td><td>Kalutara</td><td><a href=""tel:034-2228358"" class=""phone-link"">034-2228358</a><div class=""phone-secondary""></div></td><td>Free</td></tr>",,,,
1453,Vishaka Children’s Home,Child Protection / Counseling,Private,Paid,047-3629090,,,Sabaragamuwa Province,Ratnapura,Embilipitiya,Embilipitiya,,Residential care,,,,Children Homes & Care Services,"<tr><td>Vishaka Children’s Home<div class=""e-mail""></div></td><td>Sabaragamuwa Province</td><td>Ratnapura</td><td><a href=""tel:047-3629090"" class=""phone-link"">047-3629090</a><div class=""phone-secondary""></div></td><td>Paid</td></tr>",,,,
1454,Vishaka Girls’ Training and Counselling Centre,Child Protection / Counseling,Government,Free,057-2281010,,,Uva Province,Badulla,Welimada,Welimada,,Residential care,,,,Children Homes & Care Services,"<tr><td>Vishaka Girls’ Training and Counselling Centre<div class=""e-mail""></div></td><td>Uva Province</td><td>Badulla</td><td><a href=""tel:057-2281010"" class=""phone-link"">057-2281010</a><div class=""phone-secondary""></div></td><td>Free</td></tr>",,,,
1455,Vivekananda Girls’ Home,Child Protection / Counseling,Government,Free,065-2051442,,,Eastern Province,Batticaloa,Valaichenai,Valaichenai,,Residential care,,,,Children Homes & Care Services,"<tr><td>Vivekananda Girls’ Home<div class=""e-mail""></div></td><td>Eastern Province</td><td>Batticaloa</td><td><a href=""tel:065-2051442"" class=""phone-link"">065-2051442</a><div class=""phone-secondary""></div></td><td>Free</td></tr>",,,,
1456,Viyalagoda Girls’ Detention Centre,Child Protection / Counseling,Government,Free,036-2257144,,,Sabaragamuwa Province,Ratnapura,Eheliyagoda,Eheliyagoda,,Residential care,,,,Children Homes & Care Services,"<tr><td>Viyalagoda Girls’ Detention Centre<div class=""e-mail""></div></td><td>Sabaragamuwa Province</td><td>Ratnapura</td><td><a href=""tel:036-2257144"" class=""phone-link"">036-2257144</a><div class=""phone-secondary""></div></td><td>Free</td></tr>",,,,
1457,Vocational Centre for Disabled Children,Child Protection / Counseling,Government,Free,057-2223705,,,Uva Province,Badulla,Bandarawela,Bandarawela,,Residential care,,,,Children Homes & Care Services,"<tr><td>Vocational Centre for Disabled Children<div class=""e-mail""></div></td><td>Uva Province</td><td>Badulla</td><td><a href=""tel:057-2223705"" class=""phone-link"">057-2223705</a><div class=""phone-secondary""></div></td><td>Free</td></tr>",,,,
1458,Vocational Training Authority-Training centre Rideepana,Mental Health,Government,Free,057-2223304,,,Uva Province,Badulla,Badulla,Badulla,,Vocational Training,,,,Other Government Institutions,"<tr><td>Vocational Training Authority-Training centre Rideepana<div class=""e-mail""></div></td><td>Uva Province</td><td>Badulla</td><td><a href=""tel:057-2223304"" class=""phone-link"">057-2223304</a><div class=""phone-secondary""></div></td><td>Free</td></tr>",,,,
1459,Vocational Training Centre,Mental Health,Government,Free,024-2221617,,,Northern Province,Vavuniya,Vavuniya,Vavuniya,,Vocational Training,,,,Other Government Institutions,"<tr><td>Vocational Training Centre<div class=""e-mail""></div></td><td>Northern Province</td><td>Vavuniya</td><td><a href=""tel:024-2221617"" class=""phone-link"">024-2221617</a><div class=""phone-secondary""></div></td><td>Free</td></tr>",,,,
1460,Vocational Training Centre - Ampara,Mental Health,Government,Free,063-2228410,063-2222990,planning@hsampara.ep.gov.lk,Eastern Province,Ampara,Ampara,Ampara,"RDHS Office, Dharmapala Mawatha, Ampara",Vocational Training,Weekday office hours (confirm),Medical Officer / Mental Health Focal Point,,Other Government Institutions,"<tr><td>Vocational Training Centre - Ampara<div class=""e-mail"">planning@hsampara.ep.gov.lk</div></td><td>Eastern Province</td><td>Ampara</td><td><a href=""tel:063-2228410"" class=""phone-link"">063-2228410</a><div class=""phone-secondary"">063-2222990</div></td><td>Free</td></tr>",,,,
1461,Vocational Training Centre Amunnkubura (Registered,Counseling + Rehabilitation,Government,Free,033-2279321,,,Western Province,Gampaha,Mahara,Mahara,,Vocational Training Rehabilitation Counselling,,,,Non-Governmental Organizations,"<tr><td>Vocational Training Centre Amunnkubura (Registered<div class=""e-mail""></div></td><td>Western Province</td><td>Gampaha</td><td><a href=""tel:033-2279321"" class=""phone-link"">033-2279321</a><div class=""phone-secondary""></div></td><td>Free</td></tr>",,,,
1462,Vocational Training Centre for Mentally Retarded /Physically Disabled Children (16- 35 years),Child Protection / Counseling,Private,Paid,033-2279321,,,Western Province,Gampaha,Mahara,Mahara,,Vocational training,,,,Children Homes & Care Services,"<tr><td>Vocational Training Centre for Mentally Retarded /Physically Disabled Children (16- 35 years)<div class=""e-mail""></div></td><td>Western Province</td><td>Gampaha</td><td><a href=""tel:033-2279321"" class=""phone-link"">033-2279321</a><div class=""phone-secondary""></div></td><td>Paid</td></tr>",,,,
1463,Vocational Training Centre Karaitivu,Mental Health,Government,Free,,,,Eastern Province,Ampara,Karaitivu,Karaitivu,Karaitivu,Vocational Training,,,,Other Government Institutions,"<tr><td>Vocational Training Centre Karaitivu<div class=""e-mail""></div></td><td>Eastern Province</td><td>Ampara</td><td><a href=""tel:"" class=""phone-link""></a><div class=""phone-secondary""></div></td><td>Free</td></tr>",,,,
1464,Vocational Training Centre Ninthavur,Mental Health,Government,Free,067-2250196,,,Eastern Province,Ampara,Ninthavur,Ninthavur,,Vocational Training,,,,Other Government Institutions,"<tr><td>Vocational Training Centre Ninthavur<div class=""e-mail""></div></td><td>Eastern Province</td><td>Ampara</td><td><a href=""tel:067-2250196"" class=""phone-link"">067-2250196</a><div class=""phone-secondary""></div></td><td>Free</td></tr>",,,,
1465,Vocational Training Centre Seeduwa (Registered,Counseling + Rehabilitation,Government,Free,011-2225501,,,Western Province,Gampaha,Katana,Katana,,Vocational Training Rehabilitation Counselling,,,,Non-Governmental Organizations,"<tr><td>Vocational Training Centre Seeduwa (Registered<div class=""e-mail""></div></td><td>Western Province</td><td>Gampaha</td><td><a href=""tel:011-2225501"" class=""phone-link"">011-2225501</a><div class=""phone-secondary""></div></td><td>Free</td></tr>",,,,
1466,Vocational Training Centre Trincomalee,Child Protection / Counseling,Government,Free,026-2222183,,stdclinic.trincomalee@gmail.com,Eastern Province,Trincomalee,Trincomalee,Trincomalee Town & Gravets,"Trincomalee, Trincomalee District",Residential care Vocational training,Call ahead to confirm current clinic/consultant hours,,,Children Homes & Care Services,"<tr><td>Vocational Training Centre Trincomalee<div class=""e-mail"">stdclinic.trincomalee@gmail.com</div></td><td>Eastern Province</td><td>Trincomalee</td><td><a href=""tel:026-2222183"" class=""phone-link"">026-2222183</a><div class=""phone-secondary""></div></td><td>Free</td></tr>",,,,
1467,Vocational training centre-Ragama (Registered,Counseling + Rehabilitation,Government,Free,011-2958212,,,Western Province,Gampaha,Ja-Ela,Ja-Ela,,Vocational Training Rehabilitation Counselling,,,,Non-Governmental Organizations,"<tr><td>Vocational training centre-Ragama (Registered<div class=""e-mail""></div></td><td>Western Province</td><td>Gampaha</td><td><a href=""tel:011-2958212"" class=""phone-link"">011-2958212</a><div class=""phone-secondary""></div></td><td>Free</td></tr>",,,,
1468,Vocational Training Institute – Social Services Department,Mental Health,Government,Free,032-2248568,,dpdhs_puttlam@yahoo.com,North Western Province,Puttalam,Madampe,Madampe,"RDHS Office, Puttalam",Vocational Training,Weekday office hours (confirm),Medical Officer / Mental Health Focal Point,https://www.mentalhealth.health.gov.lk/index.php?option=com_content&view=article&id=52&Itemid=211&lang=en,Other Government Institutions,"<tr><td>Vocational Training Institute – Social Services Department<div class=""e-mail"">dpdhs_puttlam@yahoo.com</div></td><td>North Western Province</td><td>Puttalam</td><td><a href=""tel:032-2248568"" class=""phone-link"">032-2248568</a><div class=""phone-secondary""></div></td><td>Free<div> <a href=""https://www.mentalhealth.health.gov.lk/index.php?option=com_content&view=article&id=52&Itemid=211&lang=en"" class=""web-site""target=""_blank"" style=""text-decoration: none;"">Web Site  🔗</a></div></td></tr>",,,,
1469,Vocational Training Institute- Social Services Department,Counseling + Child Mental Health,Government,Free,045-2255017,,rdhspu@gmail.com,Sabaragamuwa Province,Ratnapura,Kalawana,Kalawana,"Office of Regional Director of Health Services, Ratnapura",Youth & Adolescent Counselling,Weekday office hours (confirm),Medical Officer / Mental Health Focal Point,,Children Homes & Care Services,"<tr><td>Vocational Training Institute- Social Services Department<div class=""e-mail"">rdhspu@gmail.com</div></td><td>Sabaragamuwa Province</td><td>Ratnapura</td><td><a href=""tel:045-2255017"" class=""phone-link"">045-2255017</a><div class=""phone-secondary""></div></td><td>Free</td></tr>",,,,
1470,Wajirabuddi Children Home,Child Protection / Counseling,NGO,Free,,,,North Western Province,Puttalam,Wennappuwa,Wennappuwa,Weralugaha Road Bandirippuwa Lunuwila,Residential care Free of charge,,,,Children Homes & Care Services,"<tr><td>Wajirabuddi Children Home<div class=""e-mail""></div></td><td>North Western Province</td><td>Puttalam</td><td><a href=""tel:"" class=""phone-link""></a><div class=""phone-secondary""></div></td><td>Free</td></tr>",,,,
1471,Wasana Elderly Home,Elder Care,Government,Free,,,,North Western Province,Kurunegala,Rideegama,Rideegama,Wewodagama Ambakote,Residential care Free of charge,,,,Elders' Homes & Care Services,"<tr><td>Wasana Elderly Home<div class=""e-mail""></div></td><td>North Western Province</td><td>Kurunegala</td><td><a href=""tel:"" class=""phone-link""></a><div class=""phone-secondary""></div></td><td>Free</td></tr>",,,,
1472,Welfare Society of the School for the Mentally Subnormal Children (<20 years,Mental Health,Government,Free,011-2503906,,,Western Province,Colombo,Thimbirigasyaya,Thimbirigasyaya,,Residential care,,,,Non-Governmental Organizations,"<tr><td>Welfare Society of the School for the Mentally Subnormal Children (<20 years<div class=""e-mail""></div></td><td>Western Province</td><td>Colombo</td><td><a href=""tel:011-2503906"" class=""phone-link"">011-2503906</a><div class=""phone-secondary""></div></td><td>Free</td></tr>",,,,
1473,Wellassa Subhagya Deaf and Blind School (6-18 years,Child Protection / Counseling,Private,Paid,055-2277044,,,Uva Province,Monaragala,Monaragala,Monaragala,,Specialized school for blind and deaf children,,,,Children Homes & Care Services,"<tr><td>Wellassa Subhagya Deaf and Blind School (6-18 years<div class=""e-mail""></div></td><td>Uva Province</td><td>Monaragala</td><td><a href=""tel:055-2277044"" class=""phone-link"">055-2277044</a><div class=""phone-secondary""></div></td><td>Paid</td></tr>",,,,
1474,Wijewardana Child Development Centre,Child Protection / Counseling,Government,Free,,,,Western Province,Kalutara,Kalutara,Kalutara,Walana Panadura,Residential care,,,,Children Homes & Care Services,"<tr><td>Wijewardana Child Development Centre<div class=""e-mail""></div></td><td>Western Province</td><td>Kalutara</td><td><a href=""tel:"" class=""phone-link""></a><div class=""phone-secondary""></div></td><td>Free</td></tr>",,,,
1475,Women In Need (WIN),Mental Health,Government,Free,,,,Eastern Province,Batticaloa,Batticaloa,Batticaloa,87 Lake Road 1 Batticaloa,Women's rights Gender equality Women's Safe house,,,,Non-Governmental Organizations,"<tr><td>Women In Need (WIN)<div class=""e-mail""></div></td><td>Eastern Province</td><td>Batticaloa</td><td><a href=""tel:"" class=""phone-link""></a><div class=""phone-secondary""></div></td><td>Free</td></tr>",,,,
1476,Women Development Centre,Counseling + Rehabilitation,Government,Free,081-2234511,,,Central Province,Kandy,Gangawatakoralaya,Gangawatakoralaya,"Deltota, Kandy District",Counselling Rehabilitation,Call ahead to confirm current clinic/consultant hours,,,Non-Governmental Organizations,"<tr><td>Women Development Centre<div class=""e-mail""></div></td><td>Central Province</td><td>Kandy</td><td><a href=""tel:081-2234511"" class=""phone-link"">081-2234511</a><div class=""phone-secondary""></div></td><td>Free</td></tr>",,,,
1477,Women In Need (WIN),Counseling,NGO Hotline,Free,041-2233760,077-5676555,,Southern Province,Matara,Matara,Matara,Sri Lanka,Counselling,24-Jul,,,Non-Governmental Organizations,"<tr><td>Women In Need (WIN)<div class=""e-mail""></div></td><td>Southern Province</td><td>Matara</td><td><a href=""tel:041-2233760"" class=""phone-link"">041-2233760</a><div class=""phone-secondary"">077-5676555</div></td><td>Free</td></tr>",,,,
1478,Women In Need (WIN),Counseling,NGO Hotline,Free,055-2224395,077-5676555,badulla.winsl@gmail.com,Uva Province,Badulla,Badulla,Badulla,"25B, Kailagoda Road, Badulla",Counselling,As scheduled (contact for current),Counselors,,Other Government Institutions,"<tr><td>Women In Need (WIN)<div class=""e-mail"">badulla.winsl@gmail.com</div></td><td>Uva Province</td><td>Badulla</td><td><a href=""tel:055-2224395"" class=""phone-link"">055-2224395</a><div class=""phone-secondary"">077-5676555</div></td><td>Free</td></tr>",,,,
1479,Women In Need (WIN),Counseling,NGO Hotline,Free,025-2225708,077-5676555,,North Central Province,Anuradhapura,Nuwaragam Palatha East Anuradhapura,Nuwaragam Palatha East Anuradhapura,Sri Lanka,Counselling Referrals,24-Jul,,,Non-Governmental Organizations,"<tr><td>Women In Need (WIN)<div class=""e-mail""></div></td><td>North Central Province</td><td>Anuradhapura</td><td><a href=""tel:025-2225708"" class=""phone-link"">025-2225708</a><div class=""phone-secondary"">077-5676555</div></td><td>Free</td></tr>",,,,
1480,Women In Need (WIN),Mental Health,Government,Free,011-2671411,076-8686555; 077-0188444; 077-5676555,connect@winsl.net,Western Province,Colombo,Thimbirigasyaya,Thimbirigasyaya,,Support services for the protection of women and girls,Helpline 24/7,,https://www.talktowin.lk/about-us,Non-Governmental Organizations,"<tr><td>Women In Need (WIN)<div class=""e-mail"">connect@winsl.net</div></td><td>Western Province</td><td>Colombo</td><td><a href=""tel:011-2671411"" class=""phone-link"">011-2671411</a><div class=""phone-secondary"">076-8686555; 077-0188444; 077-5676555</div></td><td>Free<div> <a href=""https://www.talktowin.lk/about-us"" class=""web-site""target=""_blank"" style=""text-decoration: none;"">Web Site  🔗</a></div></td></tr>",,,,
1481,Women In Need (WIN),Counseling,NGO Hotline,Free,021-2229671,077-5676555,winjaffna@gmail.com,Northern Province,Jaffna,Tellipalai,Tellipalai,Sri Lanka,Counselling,24-Jul,,,Non-Governmental Organizations,"<tr><td>Women In Need (WIN)<div class=""e-mail"">winjaffna@gmail.com</div></td><td>Northern Province</td><td>Jaffna</td><td><a href=""tel:021-2229671"" class=""phone-link"">021-2229671</a><div class=""phone-secondary"">077-5676555</div></td><td>Free</td></tr>",,,,
1482,Women In Need Counselling Desk,Counseling,Government,Free,077-5676555,076-8686555; 077-0188444,connect@winsl.net,North Central Province,Anuradhapura,Nuwaragam Palatha East Anuradhapura,Nuwaragam Palatha East Anuradhapura,Teaching Hospital Anuradhapura,Counselling Referrals,Helpline 24/7,,https://www.talktowin.lk/about-us,Non-Governmental Organizations,"<tr><td>Women In Need Counselling Desk<div class=""e-mail"">connect@winsl.net</div></td><td>North Central Province</td><td>Anuradhapura</td><td><a href=""tel:077-5676555"" class=""phone-link"">077-5676555</a><div class=""phone-secondary"">076-8686555; 077-0188444</div></td><td>Free<div> <a href=""https://www.talktowin.lk/about-us"" class=""web-site""target=""_blank"" style=""text-decoration: none;"">Web Site  🔗</a></div></td></tr>",,,,
1483,Word & Deed Lanka,Mental Health,Government,Free,051-2222611,,,Central Province,Nuwara Eliya,Ambagamuwa,Ambagamuwa,,Education,,,,Non-Governmental Organizations,"<tr><td>Word & Deed Lanka<div class=""e-mail""></div></td><td>Central Province</td><td>Nuwara Eliya</td><td><a href=""tel:051-2222611"" class=""phone-link"">051-2222611</a><div class=""phone-secondary""></div></td><td>Free</td></tr>",,,,
1484,World Vision,Counseling,Government,Free,055-2257377,,,Uva Province,Badulla,Badulla,Badulla,,Counselling,,,,Other Government Institutions,"<tr><td>World Vision<div class=""e-mail""></div></td><td>Uva Province</td><td>Badulla</td><td><a href=""tel:055-2257377"" class=""phone-link"">055-2257377</a><div class=""phone-secondary""></div></td><td>Free</td></tr>",,,,
1485,World Vision (GA.16,Child Protection / Counseling,Government,Free,021-2228593,,,Northern Province,Kilinochchi,Kilinochchi,Kilinochchi,,Child and women protection Community engagement,,,,Non-Governmental Organizations,"<tr><td>World Vision (GA.16<div class=""e-mail""></div></td><td>Northern Province</td><td>Kilinochchi</td><td><a href=""tel:021-2228593"" class=""phone-link"">021-2228593</a><div class=""phone-secondary""></div></td><td>Free</td></tr>",,,,
1486,World Vision Dikoya AP,Child Protection / Counseling,Government,Free,051-2052296,,,Central Province,Nuwara Eliya,Dikoya,Dikoya,,Child care & Health,,,,Non-Governmental Organizations,"<tr><td>World Vision Dikoya AP<div class=""e-mail""></div></td><td>Central Province</td><td>Nuwara Eliya</td><td><a href=""tel:051-2052296"" class=""phone-link"">051-2052296</a><div class=""phone-secondary""></div></td><td>Free</td></tr>",,,,
1487,World Vision Lanka,Counseling,Government,Free,032-2052347,,,North Western Province,Puttalam,Mundel,Mundel,,Counselling Helplines Outpatient services,,,,Non-Governmental Organizations,"<tr><td>World Vision Lanka<div class=""e-mail""></div></td><td>North Western Province</td><td>Puttalam</td><td><a href=""tel:032-2052347"" class=""phone-link"">032-2052347</a><div class=""phone-secondary""></div></td><td>Free</td></tr>",,,,
1488,World Vision Nuwara Eliya,Child Protection / Counseling,Government District General Hospital,Free,052-2279275,052-2234393; 052-2222261,,Central Province,Nuwara Eliya,Nuwara Eliya,Nuwara Eliya,"Nuwara Eliya-Uda Pussellawa Road, Nuwara Eliya",Child care & Health,24/7 hospital services; mental-health clinic schedule confirm locally,Consultant Psychiatry Team,https://www.mentalhealth.health.gov.lk/index.php?option=com_content&view=article&id=51&Itemid=210&lang=en; https://www.healthdept.cp.gov.lk/home/about-us.html?view=article&id=57:regional-director-of-health-services-nuwara-eliya&catid=36,Non-Governmental Organizations,"<tr><td>World Vision Nuwara Eliya<div class=""e-mail""></div></td><td>Central Province</td><td>Nuwara Eliya</td><td><a href=""tel:052-2279275"" class=""phone-link"">052-2279275</a><div class=""phone-secondary"">052-2234393; 052-2222261</div></td><td>Free<div> <a href=""https://www.mentalhealth.health.gov.lk/index.php?option=com_content&view=article&id=51&Itemid=210&lang=en; https://www.healthdept.cp.gov.lk/home/about-us.html?view=article&id=57:regional-director-of-health-services-nuwara-eliya&catid=36"" class=""web-site""target=""_blank"" style=""text-decoration: none;"">Web Site  🔗</a></div></td></tr>",,,,
1489,World Vision Walapane AP,Child Protection / Counseling,Government,Free,052-2279275,,,Central Province,Nuwara Eliya,Walapane,Walapane,"Walapane, Nuwara Eliya District",Child care & Health,Call ahead to confirm current clinic/consultant hours,,https://www.mentalhealth.health.gov.lk/index.php?option=com_content&view=article&id=51&Itemid=210&lang=en,Non-Governmental Organizations,"<tr><td>World Vision Walapane AP<div class=""e-mail""></div></td><td>Central Province</td><td>Nuwara Eliya</td><td><a href=""tel:052-2279275"" class=""phone-link"">052-2279275</a><div class=""phone-secondary""></div></td><td>Free<div> <a href=""https://www.mentalhealth.health.gov.lk/index.php?option=com_content&view=article&id=51&Itemid=210&lang=en"" class=""web-site""target=""_blank"" style=""text-decoration: none;"">Web Site  🔗</a></div></td></tr>",,,,
1490,Yasa Care Centre,Elder Care,Government,Free,011-3181802,,,Western Province,Colombo,Sri Jayawardenepura Kotte,Sri Jayawardenepura Kotte,,Residential care,,,,Elders' Homes & Care Services,"<tr><td>Yasa Care Centre<div class=""e-mail""></div></td><td>Western Province</td><td>Colombo</td><td><a href=""tel:011-3181802"" class=""phone-link"">011-3181802</a><div class=""phone-secondary""></div></td><td>Free</td></tr>",,,,
1491,Yashodhara Remand Home,Child Protection / Counseling,Government,Free,057-2280273,,,Uva Province,Badulla,Welimada,Welimada,,Residential care,,,,Children Homes & Care Services,"<tr><td>Yashodhara Remand Home<div class=""e-mail""></div></td><td>Uva Province</td><td>Badulla</td><td><a href=""tel:057-2280273"" class=""phone-link"">057-2280273</a><div class=""phone-secondary""></div></td><td>Free</td></tr>",,,,
1492,Yeheli Adising Centre,Child Protection / Counseling,Government,Free,025-4928615,,,North Central Province,Anuradhapura,Nuwaragam Palatha Central,Nuwaragam Palatha Central,,Residential care,,,,Children Homes & Care Services,"<tr><td>Yeheli Adising Centre<div class=""e-mail""></div></td><td>North Central Province</td><td>Anuradhapura</td><td><a href=""tel:025-4928615"" class=""phone-link"">025-4928615</a><div class=""phone-secondary""></div></td><td>Free</td></tr>",,,,
1493,Yoga Swami Girls’ Home,Child Protection / Counseling,Government,Free,065-2050420,,,Eastern Province,Batticaloa,Batticaloa,Batticaloa,,Residential care,,,,Children Homes & Care Services,"<tr><td>Yoga Swami Girls’ Home<div class=""e-mail""></div></td><td>Eastern Province</td><td>Batticaloa</td><td><a href=""tel:065-2050420"" class=""phone-link"">065-2050420</a><div class=""phone-secondary""></div></td><td>Free</td></tr>",,,,
1494,Yowun Piyasa- Family Health Bureau,Counseling,Government Hotline,Free,011-2699341,011-2681309; 011-2696677; 070-2611111,,Western Province,Colombo,Colombo,Colombo,Sri Lanka,Counselling,,,,Government Hospitals,"<tr><td>Yowun Piyasa- Family Health Bureau<div class=""e-mail""></div></td><td>Western Province</td><td>Colombo</td><td><a href=""tel:011-2699341"" class=""phone-link"">011-2699341</a><div class=""phone-secondary"">011-2681309; 011-2696677; 070-2611111</div></td><td>Free</td></tr>",,,,
1495,Zain kids,Mental Health,Government,Free,,,,Central Province,Nuwara Eliya,Nuwara Eliya,Nuwara Eliya,5 Samanpura Watagoda,Education,,,,Non-Governmental Organizations,"<tr><td>Zain kids<div class=""e-mail""></div></td><td>Central Province</td><td>Nuwara Eliya</td><td><a href=""tel:"" class=""phone-link""></a><div class=""phone-secondary""></div></td><td>Free</td></tr>",,,,
1496,Zonal Education Office,Counseling,Government,Free,037-2222391,,,North Western Province,Kurunegala,Kurunegala,Kurunegala,,Counselling,,,,Other Government Institutions,"<tr><td>Zonal Education Office<div class=""e-mail""></div></td><td>North Western Province</td><td>Kurunegala</td><td><a href=""tel:037-2222391"" class=""phone-link"">037-2222391</a><div class=""phone-secondary""></div></td><td>Free</td></tr>",,,,
1497,Zonal Education Office,Counseling,Government,Free,041-2223097,,,Southern Province,Matara,Matara,Matara,,Counselling,,,,Other Government Institutions,"<tr><td>Zonal Education Office<div class=""e-mail""></div></td><td>Southern Province</td><td>Matara</td><td><a href=""tel:041-2223097"" class=""phone-link"">041-2223097</a><div class=""phone-secondary""></div></td><td>Free</td></tr>",,,,
1498,Zonal Education Office Akkaraipattu,Counseling,Government,Free,067-2277324,,,Eastern Province,Ampara,Akkaraipattu,Akkaraipattu,,Guidance & Counselling Special Education,,,,Other Government Institutions,"<tr><td>Zonal Education Office Akkaraipattu<div class=""e-mail""></div></td><td>Eastern Province</td><td>Ampara</td><td><a href=""tel:067-2277324"" class=""phone-link"">067-2277324</a><div class=""phone-secondary""></div></td><td>Free</td></tr>",,,,
1499,Zonal Education Office Ampara,Counseling,Government,Free,063-2222139,063-2222990,planning@hsampara.ep.gov.lk,Eastern Province,Ampara,Ampara,Ampara,"RDHS Office, Dharmapala Mawatha, Ampara",Counselling coordination,Weekday office hours (confirm),Medical Officer / Mental Health Focal Point,,Other Government Institutions,"<tr><td>Zonal Education Office Ampara<div class=""e-mail"">planning@hsampara.ep.gov.lk</div></td><td>Eastern Province</td><td>Ampara</td><td><a href=""tel:063-2222139"" class=""phone-link"">063-2222139</a><div class=""phone-secondary"">063-2222990</div></td><td>Free</td></tr>",,,,
1500,Zonal Education Office Balangoda,Counseling,Government,Free,045-2287375,,,Sabaragamuwa Province,Ratnapura,Balangoda,Balangoda,"Balangoda, Ratnapura District",Training teachers on counselling,Call ahead to confirm current clinic/consultant hours,,,Other Government Institutions,"<tr><td>Zonal Education Office Balangoda<div class=""e-mail""></div></td><td>Sabaragamuwa Province</td><td>Ratnapura</td><td><a href=""tel:045-2287375"" class=""phone-link"">045-2287375</a><div class=""phone-secondary""></div></td><td>Free</td></tr>",,,,
1501,Zonal Education Office Batticaloa,Counseling + Child Mental Health,Government Health Administration,Free,065-2224468,065-2222863; 065-2224401; 065-2224465,dpdhsbatti@sltnet.lk,Eastern Province,Batticaloa,Batticaloa,Batticaloa,"RDHS Office, Trincomalee Road, Batticaloa",Counselling Career Guidance School Child Protection Committee,Weekday office hours (confirm),Medical Officer / Mental Health Focal Point,,Other Government Institutions,"<tr><td>Zonal Education Office Batticaloa<div class=""e-mail"">dpdhsbatti@sltnet.lk</div></td><td>Eastern Province</td><td>Batticaloa</td><td><a href=""tel:065-2224468"" class=""phone-link"">065-2224468</a><div class=""phone-secondary"">065-2222863; 065-2224401; 065-2224465</div></td><td>Free</td></tr>",,,,
1502,Zonal Education Office Batticaloa Central,Counseling + Child Mental Health,Government,Free,065-2240834,065-2222863; 065-2224401,dpdhsbatti@sltnet.lk,Eastern Province,Batticaloa,Batticaloa,Batticaloa Central,"RDHS Office, Trincomalee Road, Batticaloa",Counselling Career Guidance School Child Protection Committee,Weekday office hours (confirm),Medical Officer / Mental Health Focal Point,,Other Government Institutions,"<tr><td>Zonal Education Office Batticaloa Central<div class=""e-mail"">dpdhsbatti@sltnet.lk</div></td><td>Eastern Province</td><td>Batticaloa</td><td><a href=""tel:065-2240834"" class=""phone-link"">065-2240834</a><div class=""phone-secondary"">065-2222863; 065-2224401</div></td><td>Free</td></tr>",,,,
1503,Zonal Education Office Batticaloa West,Counseling + Child Mental Health,Government,Free,065-2052983,065-2222863; 065-2224401,dpdhsbatti@sltnet.lk,Eastern Province,Batticaloa,Batticaloa,Batticaloa West,"RDHS Office, Trincomalee Road, Batticaloa",Counselling Career Guidance School Child Protection Committee,Weekday office hours (confirm),Medical Officer / Mental Health Focal Point,,Other Government Institutions,"<tr><td>Zonal Education Office Batticaloa West<div class=""e-mail"">dpdhsbatti@sltnet.lk</div></td><td>Eastern Province</td><td>Batticaloa</td><td><a href=""tel:065-2052983"" class=""phone-link"">065-2052983</a><div class=""phone-secondary"">065-2222863; 065-2224401</div></td><td>Free</td></tr>",,,,
1504,Zonal Education Office Dehiovita,Counseling,Government,Free,036-2267412,,,Sabaragamuwa Province,Kegalle,Dehiovita,Dehiovita,,Guidance and counselling services in the school sector,,,,Other Government Institutions,"<tr><td>Zonal Education Office Dehiovita<div class=""e-mail""></div></td><td>Sabaragamuwa Province</td><td>Kegalle</td><td><a href=""tel:036-2267412"" class=""phone-link"">036-2267412</a><div class=""phone-secondary""></div></td><td>Free</td></tr>",,,,
1505,Zonal Education Office Embilipitiya,Counseling,Government,Free,045-2230336,047-2230994,,Sabaragamuwa Province,Ratnapura,Embilipitiya,Embilipitiya,"Embilipitiya, Ratnapura District",Training teachers on Counselling,Call ahead to confirm current clinic/consultant hours,,,Other Government Institutions,"<tr><td>Zonal Education Office Embilipitiya<div class=""e-mail""></div></td><td>Sabaragamuwa Province</td><td>Ratnapura</td><td><a href=""tel:045-2230336"" class=""phone-link"">045-2230336</a><div class=""phone-secondary"">047-2230994</div></td><td>Free</td></tr>",,,,
1506,Zonal Education Office Galewela,Counseling,Government,Free,066-2289303,,,Central Province,Matale,Galewela,Galewela,"Galewela, Matale District",Counselling Psychosocial support,Call ahead to confirm current clinic/consultant hours,,https://www.mentalhealth.health.gov.lk/index.php?option=com_content&view=article&id=47&Itemid=206&lang=en,Other Government Institutions,"<tr><td>Zonal Education Office Galewela<div class=""e-mail""></div></td><td>Central Province</td><td>Matale</td><td><a href=""tel:066-2289303"" class=""phone-link"">066-2289303</a><div class=""phone-secondary""></div></td><td>Free<div> <a href=""https://www.mentalhealth.health.gov.lk/index.php?option=com_content&view=article&id=47&Itemid=206&lang=en"" class=""web-site""target=""_blank"" style=""text-decoration: none;"">Web Site  🔗</a></div></td></tr>",,,,
1507,Zonal Education Office Hambantota,Counseling,Government Health Administration,Free,047-2220113,047-2220381,rdhshambantota@gmail.com,Southern Province,Hambantota,Hambantota,Hambantota,"Hambantota, Hambantota District",Counselling,Call ahead to confirm current clinic/consultant hours,,,Other Government Institutions,"<tr><td>Zonal Education Office Hambantota<div class=""e-mail"">rdhshambantota@gmail.com</div></td><td>Southern Province</td><td>Hambantota</td><td><a href=""tel:047-2220113"" class=""phone-link"">047-2220113</a><div class=""phone-secondary"">047-2220381</div></td><td>Free</td></tr>",,,,
1508,Zonal Education Office Kalkuda,Counseling + Child Mental Health,Government,Free,065-2257365,,,Eastern Province,Batticaloa,Kalkuda,Kalkuda,,Counselling Career Guidance School Child Protection Committee,,,,Other Government Institutions,"<tr><td>Zonal Education Office Kalkuda<div class=""e-mail""></div></td><td>Eastern Province</td><td>Batticaloa</td><td><a href=""tel:065-2257365"" class=""phone-link"">065-2257365</a><div class=""phone-secondary""></div></td><td>Free</td></tr>",,,,
1509,Zonal Education Office Kalmunai,Counseling,Government,Free,067-2229228,,stdclinic.kalmunai@gmail.com,Eastern Province,Ampara,Kalmunai,Kalmunai,"STD Clinic, Base Hospital, Kalmunai",Guidance & Counselling Special Education,Call clinic to confirm current hours,STD Clinic Team,,Other Government Institutions,"<tr><td>Zonal Education Office Kalmunai<div class=""e-mail"">stdclinic.kalmunai@gmail.com</div></td><td>Eastern Province</td><td>Ampara</td><td><a href=""tel:067-2229228"" class=""phone-link"">067-2229228</a><div class=""phone-secondary""></div></td><td>Free</td></tr>",,,,
1510,Zonal Education Office Kegalle,Counseling,Government Health Administration,Free,035-2222520,035-2222549,rdhskg549@gmail.com,Sabaragamuwa Province,Kegalle,Kegalle,Kegalle,"RDHS Office, Bulathkohupitiya Road, Kegalle",Guidance and counselling services in the school sector,Weekday office hours (confirm),Medical Officer In Charge - Mental Health Unit,,Other Government Institutions,"<tr><td>Zonal Education Office Kegalle<div class=""e-mail"">rdhskg549@gmail.com</div></td><td>Sabaragamuwa Province</td><td>Kegalle</td><td><a href=""tel:035-2222520"" class=""phone-link"">035-2222520</a><div class=""phone-secondary"">035-2222549</div></td><td>Free</td></tr>",,,,
1511,Zonal Education Office Kinniya (Guidance & Counselling Unit,Counseling,Government,Free,026-2236155,,kin@edudept.gov.lk,Eastern Province,Trincomalee,Kinniya,Kinniya,,Counselling support,,,,Other Government Institutions,"<tr><td>Zonal Education Office Kinniya (Guidance & Counselling Unit<div class=""e-mail"">kin@edudept.gov.lk</div></td><td>Eastern Province</td><td>Trincomalee</td><td><a href=""tel:026-2236155"" class=""phone-link"">026-2236155</a><div class=""phone-secondary""></div></td><td>Free</td></tr>",,,,
1512,Zonal Education Office Matale,Counseling,Government,Free,066-2222380,066-2222483,rdhsmatale@health.gov.lk,Central Province,Matale,Matale,Matale,"Matale, Matale District",Counselling Psychosocial support,Call ahead to confirm current clinic/consultant hours,,https://www.mentalhealth.health.gov.lk/index.php?option=com_content&view=article&id=47&Itemid=206&lang=en,Other Government Institutions,"<tr><td>Zonal Education Office Matale<div class=""e-mail"">rdhsmatale@health.gov.lk</div></td><td>Central Province</td><td>Matale</td><td><a href=""tel:066-2222380"" class=""phone-link"">066-2222380</a><div class=""phone-secondary"">066-2222483</div></td><td>Free<div> <a href=""https://www.mentalhealth.health.gov.lk/index.php?option=com_content&view=article&id=47&Itemid=206&lang=en"" class=""web-site""target=""_blank"" style=""text-decoration: none;"">Web Site  🔗</a></div></td></tr>",,,,
1513,Zonal Education Office Mawanella,Counseling,Government,Free,035-2246034,,,Sabaragamuwa Province,Kegalle,Mawanella,Mawanella,"Mawanella, Kegalle District",Guidance and counselling services in the school sector,Call ahead to confirm current clinic/consultant hours,,https://www.mentalhealth.health.gov.lk/index.php?option=com_content&view=article&id=43:kegalle-district&catid=18&Itemid=202&lang=en; http://www.kegalle.dist.gov.lk/index.php/en/aboutus/15-government-service-centers/18-hospitals.html,Other Government Institutions,"<tr><td>Zonal Education Office Mawanella<div class=""e-mail""></div></td><td>Sabaragamuwa Province</td><td>Kegalle</td><td><a href=""tel:035-2246034"" class=""phone-link"">035-2246034</a><div class=""phone-secondary""></div></td><td>Free<div> <a href=""https://www.mentalhealth.health.gov.lk/index.php?option=com_content&view=article&id=43:kegalle-district&catid=18&Itemid=202&lang=en; http://www.kegalle.dist.gov.lk/index.php/en/aboutus/15-government-service-centers/18-hospitals.html"" class=""web-site""target=""_blank"" style=""text-decoration: none;"">Web Site  🔗</a></div></td></tr>",,,,
1514,Zonal Education Office Naula,Counseling,Government,Free,066-2246103,,,Central Province,Matale,Naula,Naula,,Counselling Psychosocial support,,,,Other Government Institutions,"<tr><td>Zonal Education Office Naula<div class=""e-mail""></div></td><td>Central Province</td><td>Matale</td><td><a href=""tel:066-2246103"" class=""phone-link"">066-2246103</a><div class=""phone-secondary""></div></td><td>Free</td></tr>",,,,
1515,Zonal Education Office Nivithigala,Counseling,Government,Free,045-2279423,,,Sabaragamuwa Province,Ratnapura,Nivithigala,Nivithigala,,Training teachers on counselling,,,,Other Government Institutions,"<tr><td>Zonal Education Office Nivithigala<div class=""e-mail""></div></td><td>Sabaragamuwa Province</td><td>Ratnapura</td><td><a href=""tel:045-2279423"" class=""phone-link"">045-2279423</a><div class=""phone-secondary""></div></td><td>Free</td></tr>",,,,
1516,Zonal Education Office Paddiruppu,Counseling + Child Mental Health,Government,Free,065-2250038,,,Eastern Province,Batticaloa,Paddiruppu,Paddiruppu,,Counselling Career Guidance School Child Protection Committee,,,,Other Government Institutions,"<tr><td>Zonal Education Office Paddiruppu<div class=""e-mail""></div></td><td>Eastern Province</td><td>Batticaloa</td><td><a href=""tel:065-2250038"" class=""phone-link"">065-2250038</a><div class=""phone-secondary""></div></td><td>Free</td></tr>",,,,
1517,Zonal Education Office Polonnaruwa,Counseling,Government Health Administration,Free,027-2222185,027-2222383,rdhsplnp.health@gmail.com,North Central Province,Polonnaruwa,Polonnaruwa,Thamankaduwa,"Office of Regional Director of Health Services, Polonnaruwa",Counselling training for school teachers,Weekday office hours (confirm),Medical Officer / Mental Health Focal Point,,Other Government Institutions,"<tr><td>Zonal Education Office Polonnaruwa<div class=""e-mail"">rdhsplnp.health@gmail.com</div></td><td>North Central Province</td><td>Polonnaruwa</td><td><a href=""tel:027-2222185"" class=""phone-link"">027-2222185</a><div class=""phone-secondary"">027-2222383</div></td><td>Free</td></tr>",,,,
1518,Zonal Education Office Pottuvil,Counseling,Government,Free,,,,Eastern Province,Ampara,Pottuvil,Pottuvil,Muhudu Maha Vihara Mawatha Pottuvil,Guidance & Counselling Special Education,,,,Other Government Institutions,"<tr><td>Zonal Education Office Pottuvil<div class=""e-mail""></div></td><td>Eastern Province</td><td>Ampara</td><td><a href=""tel:"" class=""phone-link""></a><div class=""phone-secondary""></div></td><td>Free</td></tr>",,,,
1519,Zonal Education Office Ratnapura,Counseling,Government Health Administration,Free,045-2222735,045-2222267,rdhspu@gmail.com,Sabaragamuwa Province,Ratnapura,Ratnapura,Ratnapura,"Office of Regional Director of Health Services, Ratnapura",Training teachers on counselling,Weekday office hours (confirm),Medical Officer / Mental Health Focal Point,,Other Government Institutions,"<tr><td>Zonal Education Office Ratnapura<div class=""e-mail"">rdhspu@gmail.com</div></td><td>Sabaragamuwa Province</td><td>Ratnapura</td><td><a href=""tel:045-2222735"" class=""phone-link"">045-2222735</a><div class=""phone-secondary"">045-2222267</div></td><td>Free</td></tr>",,,,
1520,Zonal Education Office Sammanthurai,Counseling,Government,Free,067-2260003,067-2261150,,Eastern Province,Ampara,Sammanthurai,Sammanthurai,,Guidance & Counselling Special Education,,,,Other Government Institutions,"<tr><td>Zonal Education Office Sammanthurai<div class=""e-mail""></div></td><td>Eastern Province</td><td>Ampara</td><td><a href=""tel:067-2260003"" class=""phone-link"">067-2260003</a><div class=""phone-secondary"">067-2261150</div></td><td>Free</td></tr>",,,,
1521,Zonal Education Office Tangalle,Counseling,Government,Free,047-2240267,,,Southern Province,Hambantota,Galle,Tangalle,,Counselling,,,,Other Government Institutions,"<tr><td>Zonal Education Office Tangalle<div class=""e-mail""></div></td><td>Southern Province</td><td>Hambantota</td><td><a href=""tel:047-2240267"" class=""phone-link"">047-2240267</a><div class=""phone-secondary""></div></td><td>Free</td></tr>",,,,
1522,Zonal Education Office Thirukkovil,Counseling,Government,Free,067-2265356,,,Eastern Province,Ampara,Thirukkovil,Thirukkovil,,Guidance & Counselling Special Education,,,,Other Government Institutions,"<tr><td>Zonal Education Office Thirukkovil<div class=""e-mail""></div></td><td>Eastern Province</td><td>Ampara</td><td><a href=""tel:067-2265356"" class=""phone-link"">067-2265356</a><div class=""phone-secondary""></div></td><td>Free</td></tr>",,,,
1523,Zonal Education Office Vavuniya North,Counseling + Child Mental Health,Government,Free,024-2222893,,rdhsvavuniya@gmail.com,Northern Province,Vavuniya,Vavuniya,Vavuniya North,A9 Road Puliyankulam,Counselling,Call ahead to confirm current clinic/consultant hours,,,Children Homes & Care Services,"<tr><td>Zonal Education Office Vavuniya North<div class=""e-mail"">rdhsvavuniya@gmail.com</div></td><td>Northern Province</td><td>Vavuniya</td><td><a href=""tel:024-2222893"" class=""phone-link"">024-2222893</a><div class=""phone-secondary""></div></td><td>Free</td></tr>",,,,
1524,Zonal Education Office Vavuniya South,Counseling + Child Mental Health,Government,Free,024-2222893,,rdhsvavuniya@gmail.com,Northern Province,Vavuniya,Vavuniya,Vavuniya,Kandy Road Vavuniya,Counselling,Call ahead to confirm current clinic/consultant hours,,,Children Homes & Care Services,"<tr><td>Zonal Education Office Vavuniya South<div class=""e-mail"">rdhsvavuniya@gmail.com</div></td><td>Northern Province</td><td>Vavuniya</td><td><a href=""tel:024-2222893"" class=""phone-link"">024-2222893</a><div class=""phone-secondary""></div></td><td>Free</td></tr>",,,,
1525,Zonal Education Office Walasmulla,Counseling,Government,Free,047-2245255,,,Southern Province,Hambantota,Walasmulla,Walasmulla,"Walasmulla, Hambantota District",Counselling,Call ahead to confirm current clinic/consultant hours,,,Other Government Institutions,"<tr><td>Zonal Education Office Walasmulla<div class=""e-mail""></div></td><td>Southern Province</td><td>Hambantota</td><td><a href=""tel:047-2245255"" class=""phone-link"">047-2245255</a><div class=""phone-secondary""></div></td><td>Free</td></tr>",,,,
1526,Zonal Education Office Wilgamuwa,Counseling,Government,Free,066-2250116,,,Central Province,Matale,Wilgamuwa,Wilgamuwa,"Wilgamuwa, Matale District",Counselling Psychosocial support,Call ahead to confirm current clinic/consultant hours,,https://www.mentalhealth.health.gov.lk/index.php?option=com_content&view=article&id=47&Itemid=206&lang=en,Other Government Institutions,"<tr><td>Zonal Education Office Wilgamuwa<div class=""e-mail""></div></td><td>Central Province</td><td>Matale</td><td><a href=""tel:066-2250116"" class=""phone-link"">066-2250116</a><div class=""phone-secondary""></div></td><td>Free<div> <a href=""https://www.mentalhealth.health.gov.lk/index.php?option=com_content&view=article&id=47&Itemid=206&lang=en"" class=""web-site""target=""_blank"" style=""text-decoration: none;"">Web Site  🔗</a></div></td></tr>",,,,
1527,LetUsHelpNow Foundation,"Children's Homes, Elder Homes and Special Needs Homes",NGO,Free,077-7396313,,info@letushelpnow.org,,,,Online,Online,,,,https://letushelpnow.org/,"Children's Homes, Elder Homes and Special Needs Homes","<tr><td>LetUsHelpNow Foundation<div class=""e-mail"">info@letushelpnow.org</div></td><td></td><td></td><td><a href=""tel:077-7396313"" class=""phone-link"">077-7396313</a><div class=""phone-secondary""></div></td><td>Free<div> <a href=""https://letushelpnow.org/"" class=""web-site""target=""_blank"" style=""text-decoration: none;"">Web Site  🔗</a></div></td></tr>",,,,
